Age,DailyRate,DistanceFromHome,Education,EnvironmentSatisfaction,Gender,HourlyRate,JobInvolvement,JobLevel,JobSatisfaction,MonthlyIncome,MonthlyRate,NumCompaniesWorked,OverTime,PercentSalaryHike,PerformanceRating,RelationshipSatisfaction,StockOptionLevel,TotalWorkingYears,TrainingTimesLastYear,WorkLifeBalance,YearsAtCompany,YearsInCurrentRole,YearsSinceLastPromotion,YearsWithCurrManager,BusinessTravel_Non-Travel,BusinessTravel_Travel_Frequently,BusinessTravel_Travel_Rarely,Department_Human Resources,Department_Research & Development,Department_Sales,EducationField_Human Resources,EducationField_Life Sciences,EducationField_Marketing,EducationField_Medical,EducationField_Other,EducationField_Technical Degree,JobRole_Healthcare Representative,JobRole_Human Resources,JobRole_Laboratory Technician,JobRole_Manager,JobRole_Manufacturing Director,JobRole_Research Director,JobRole_Research Scientist,JobRole_Sales Executive,JobRole_Sales Representative,MaritalStatus_Divorced,MaritalStatus_Married,MaritalStatus_Single,tenure_role_ratio,income_per_job_level,promotion_lag,manager_stability,experience_company_ratio,overtime_satisfaction_stress,loyalty_score,distance_overtime_interaction,Attrition_encoded
41,1102,1,2,2,0,94,3,2,4,5993,19479,8,1,11,3,1,0,8,0,1,6,4,0,5,0,0,1,0,0,1,0,1,0,0,0,0,0,0,0,0,0,0,0,1,0,0,0,1,0.571429,1997.666667,0.0,0.714286,1.142857,1,2.666667,1,1
49,279,8,1,3,1,61,2,2,2,5130,24907,1,0,23,4,4,1,10,3,3,10,7,1,7,0,1,0,0,1,0,0,1,0,0,0,0,0,0,0,0,0,0,1,0,0,0,1,0,0.636364,1710.0,0.090909,0.636364,0.909091,0,5.454545,0,0
37,1373,2,2,4,1,92,2,1,3,2090,2396,6,1,15,3,2,0,7,3,3,0,0,0,0,0,0,1,0,1,0,0,0,0,0,1,0,0,0,1,0,0,0,0,0,0,0,0,1,0.0,1045.0,0.0,0.0,7.0,2,0.0,2,1
33,1392,3,4,4,0,56,3,1,3,2909,23159,1,1,11,3,3,0,8,3,3,8,7,3,0,0,1,0,0,1,0,0,1,0,0,0,0,0,0,0,0,0,0,1,0,0,0,1,0,0.777778,1454.5,0.333333,0.0,0.888889,2,8.0,3,0
27,591,2,1,1,1,40,3,1,2,3468,16632,9,0,12,3,4,1,6,3,3,2,2,2,2,0,0,1,0,1,0,0,0,0,1,0,0,0,0,1,0,0,0,0,0,0,0,1,0,0.666667,1734.0,0.666667,0.666667,2.0,0,1.714286,0,0
32,1005,2,2,4,1,79,3,1,4,3068,11864,0,0,13,3,3,0,8,2,2,7,7,3,6,0,1,0,0,1,0,0,1,0,0,0,0,0,0,1,0,0,0,0,0,0,0,0,1,0.875,1534.0,0.375,0.75,1.0,0,6.222222,0,0
59,1324,3,3,3,0,81,4,1,1,2670,9964,4,1,20,4,1,3,12,3,2,1,0,0,0,0,0,1,0,1,0,0,0,0,1,0,0,0,0,1,0,0,0,0,0,0,0,1,0,0.0,1335.0,0.0,0.0,6.0,4,0.153846,3,0
30,1358,24,1,4,1,67,3,1,3,2693,13335,1,0,22,4,2,1,1,2,3,1,0,0,0,0,0,1,0,1,0,0,1,0,0,0,0,0,0,1,0,0,0,0,0,0,1,0,0,0.0,1346.5,0.0,0.0,0.5,0,4.5,0,0
38,216,23,3,4,1,44,2,3,3,9526,8787,0,0,21,4,2,0,10,2,3,9,7,1,8,0,1,0,0,1,0,0,1,0,0,0,0,0,0,0,0,1,0,0,0,0,0,0,1,0.7,2381.5,0.1,0.8,1.0,0,7.363636,0,0
36,1299,27,3,3,1,94,3,2,3,5237,16577,6,0,13,3,2,2,17,3,2,7,7,7,7,0,0,1,0,1,0,0,0,0,1,0,0,1,0,0,0,0,0,0,0,0,0,1,0,0.875,1745.666667,0.875,0.875,2.125,0,2.333333,0,0
35,809,16,3,1,1,84,4,1,2,2426,16479,0,0,13,3,3,1,6,5,3,5,4,0,3,0,0,1,0,1,0,0,0,0,1,0,0,0,0,1,0,0,0,0,0,0,0,1,0,0.666667,1213.0,0.0,0.5,1.0,0,4.285714,0,0
29,153,15,2,4,0,49,2,2,3,4193,12682,0,1,12,3,4,0,10,3,3,9,5,0,8,0,0,1,0,1,0,0,1,0,0,0,0,0,0,1,0,0,0,0,0,0,0,0,1,0.5,1397.666667,0.0,0.8,1.0,2,7.363636,15,0
31,670,26,1,1,1,31,3,1,3,2911,15170,1,0,17,3,4,1,5,1,2,5,2,4,3,0,0,1,0,1,0,0,1,0,0,0,0,0,0,0,0,0,0,1,0,0,1,0,0,0.333333,1455.5,0.666667,0.5,0.833333,0,5.0,0,0
34,1346,19,2,2,1,93,3,1,4,2661,8758,0,0,11,3,3,1,3,2,3,2,2,1,2,0,0,1,0,1,0,0,0,0,1,0,0,0,0,1,0,0,0,0,0,0,1,0,0,0.666667,1330.5,0.333333,0.666667,1.0,0,6.0,0,0
28,103,24,3,3,1,50,2,1,3,2028,12947,5,1,14,3,2,0,6,4,3,4,2,0,3,0,0,1,0,1,0,0,1,0,0,0,0,0,0,1,0,0,0,0,0,0,0,0,1,0.4,1014.0,0.0,0.6,1.2,2,5.142857,24,1
29,1389,21,4,2,0,51,4,3,1,9980,10195,1,0,11,3,3,1,10,1,3,10,9,8,8,0,0,1,0,1,0,0,1,0,0,0,0,0,0,0,0,1,0,0,0,0,1,0,0,0.818182,2495.0,0.727273,0.727273,0.909091,0,2.727273,0,0
32,334,5,2,1,1,80,4,1,2,3298,15053,0,1,12,3,4,2,7,5,2,6,2,0,5,0,0,1,0,1,0,0,1,0,0,0,0,0,0,0,0,0,0,1,0,0,1,0,0,0.285714,1649.0,0.0,0.714286,1.0,3,3.0,5,0
22,1123,16,2,4,1,96,4,1,4,2935,7324,1,1,13,3,2,2,1,2,2,1,0,0,0,1,0,0,0,1,0,0,0,0,1,0,0,0,0,1,0,0,0,0,0,0,1,0,0,0.0,1467.5,0.0,0.0,0.5,1,4.0,16,0
53,1219,2,4,1,0,78,2,4,4,15427,22021,2,0,16,3,3,0,31,3,3,25,8,3,7,0,0,1,0,0,1,0,1,0,0,0,0,0,0,0,1,0,0,0,0,0,0,1,0,0.307692,3085.4,0.115385,0.269231,1.192308,0,9.375,0,0
38,371,2,3,4,1,45,3,1,4,3944,4306,5,1,11,3,3,0,6,3,3,3,2,1,2,0,0,1,0,1,0,0,1,0,0,0,0,0,0,0,0,0,0,1,0,0,0,0,1,0.5,1972.0,0.25,0.5,1.5,1,5.142857,2,0
24,673,11,2,1,0,96,4,2,3,4011,8232,0,0,18,3,4,1,5,5,2,4,2,1,3,1,0,0,0,1,0,0,0,0,0,1,0,0,0,0,0,1,0,0,0,0,1,0,0,0.4,1337.0,0.2,0.6,1.0,0,4.0,0,0
36,1218,9,4,3,1,82,2,1,1,3407,6986,7,0,23,4,2,0,10,4,3,5,3,0,3,0,0,1,0,0,1,0,1,0,0,0,0,0,0,0,0,0,0,0,0,1,0,0,1,0.5,1703.5,0.0,0.5,1.666667,0,1.363636,0,1
34,419,7,4,1,0,53,3,3,2,11994,21293,0,0,11,3,3,0,13,4,3,12,6,2,11,0,0,1,0,1,0,0,1,0,0,0,0,0,0,0,0,0,1,0,0,0,0,0,1,0.461538,2998.5,0.153846,0.846154,1.0,0,5.142857,0,0
21,391,15,2,3,1,96,3,1,4,1232,19281,1,0,14,3,4,0,0,6,3,0,0,0,0,0,0,1,0,1,0,0,1,0,0,0,0,0,0,0,0,0,0,1,0,0,0,0,1,0.0,616.0,0.0,0.0,0.0,0,0.0,0,0
34,699,6,1,2,1,83,3,1,1,2960,17102,2,0,11,3,3,0,8,2,3,4,2,1,3,0,0,1,0,1,0,0,0,0,1,0,0,0,0,0,0,0,0,1,0,0,0,0,1,0.4,1480.0,0.2,0.6,1.6,0,1.333333,0,1
53,1282,5,3,3,0,58,3,5,3,19094,10735,4,0,11,3,4,1,26,3,2,14,13,4,8,0,0,1,0,1,0,0,0,0,0,1,0,0,0,0,1,0,0,0,0,0,1,0,0,0.866667,3182.333333,0.266667,0.533333,1.733333,0,3.111111,0,0
32,1125,16,1,2,0,72,1,1,1,3919,4681,1,1,22,4,2,0,10,5,3,10,2,6,7,0,1,0,0,1,0,0,1,0,0,0,0,0,0,0,0,0,0,1,0,0,0,0,1,0.181818,1959.5,0.545455,0.636364,0.909091,4,2.727273,16,1
42,691,8,4,3,1,48,3,2,2,6825,21173,0,0,11,3,4,1,10,2,3,9,7,4,2,0,0,1,0,0,1,0,0,1,0,0,0,0,0,0,0,0,0,0,1,0,0,1,0,0.7,2275.0,0.4,0.2,1.0,0,4.909091,0,0
44,477,7,4,1,0,42,2,3,4,10248,2094,3,0,14,3,4,1,24,4,3,22,6,5,17,0,0,1,0,1,0,0,0,0,1,0,0,1,0,0,0,0,0,0,0,0,0,1,0,0.26087,2562.0,0.217391,0.73913,1.043478,0,10.56,0,0
46,705,2,4,2,0,83,3,5,1,18947,22822,3,0,12,3,4,0,22,2,2,2,2,2,1,0,0,1,0,0,1,0,0,1,0,0,0,0,0,0,1,0,0,0,0,0,0,0,1,0.666667,3157.833333,0.666667,0.333333,7.333333,0,0.173913,0,0
33,924,2,3,3,1,78,3,1,4,2496,6670,4,0,11,3,4,0,7,3,3,1,1,0,0,0,0,1,0,1,0,0,0,0,1,0,0,0,0,1,0,0,0,0,0,0,0,0,1,0.5,1248.0,0.0,0.0,3.5,0,1.5,0,0
44,1459,10,4,4,1,41,3,2,4,6465,19121,2,1,13,3,4,0,9,5,4,4,2,1,3,0,0,1,0,1,0,0,0,0,0,1,0,1,0,0,0,0,0,0,0,0,0,1,0,0.4,2155.0,0.2,0.6,1.8,1,6.4,10,0
30,125,9,2,4,1,83,2,1,3,2206,16117,1,0,13,3,1,0,10,5,3,10,0,1,8,0,0,1,0,1,0,0,0,0,1,0,0,0,0,1,0,0,0,0,0,0,0,0,1,0.0,1103.0,0.090909,0.727273,0.909091,0,8.181818,0,0
39,895,5,3,4,1,56,3,2,4,2086,3335,3,0,14,3,3,1,19,6,4,1,0,0,0,0,0,1,0,0,1,0,0,0,0,0,1,0,0,0,0,0,0,0,0,1,0,1,0,0.0,695.333333,0.0,0.0,9.5,0,0.8,0,1
24,813,1,3,2,1,61,3,1,4,2293,3020,2,1,16,3,1,1,6,2,2,2,0,2,0,0,0,1,0,1,0,0,0,0,1,0,0,0,0,0,0,0,0,1,0,0,0,1,0,0.0,1146.5,0.666667,0.0,2.0,1,2.285714,1,1
43,1273,2,2,4,0,72,4,1,3,2645,21923,1,0,12,3,4,2,6,3,2,5,3,1,4,0,0,1,0,1,0,0,0,0,1,0,0,0,0,0,0,0,0,1,0,0,1,0,0,0.5,1322.5,0.166667,0.666667,1.0,0,4.285714,0,0
50,869,3,2,1,1,86,2,1,3,2683,3810,1,1,14,3,3,0,3,2,3,3,2,0,2,0,0,1,0,0,1,0,0,1,0,0,0,0,0,0,0,0,0,0,0,1,0,1,0,0.5,1341.5,0.0,0.5,0.75,2,6.75,3,1
35,890,2,3,4,0,97,3,1,4,2014,9687,1,0,13,3,1,0,2,3,3,2,2,2,2,0,0,1,0,0,1,0,0,1,0,0,0,0,0,0,0,0,0,0,0,1,0,1,0,0.666667,1007.0,0.666667,0.666667,0.666667,0,8.0,0,0
36,852,5,4,2,0,82,2,1,1,3419,13072,9,1,14,3,4,1,6,3,4,1,1,0,0,0,0,1,0,1,0,0,1,0,0,0,0,0,0,0,0,0,0,1,0,0,0,1,0,0.5,1709.5,0.0,0.0,3.0,4,0.571429,5,0
33,1141,1,3,3,0,42,4,2,1,5376,3193,2,0,19,3,1,2,10,3,3,5,3,1,3,0,1,0,0,0,1,0,1,0,0,0,0,0,0,0,0,0,0,0,1,0,0,1,0,0.5,1792.0,0.166667,0.5,1.666667,0,1.363636,0,0
35,464,4,2,3,1,75,3,1,4,1951,10910,1,0,12,3,3,1,1,3,3,1,0,0,0,0,0,1,0,1,0,0,0,0,0,1,0,0,0,1,0,0,0,0,0,0,1,0,0,0.0,975.5,0.0,0.0,0.5,0,6.0,0,0
27,1240,2,4,4,0,33,3,1,1,2341,19715,1,0,13,3,4,1,1,6,3,1,0,0,0,0,0,1,0,1,0,0,1,0,0,0,0,0,0,1,0,0,0,0,0,0,1,0,0,0.0,1170.5,0.0,0.0,0.5,0,1.5,0,0
26,1357,25,3,1,1,48,1,1,3,2293,10558,1,0,12,3,3,0,1,2,2,1,0,0,1,0,0,1,0,1,0,0,1,0,0,0,0,0,0,1,0,0,0,0,0,0,0,0,1,0.0,1146.5,0.0,0.5,0.5,0,3.0,0,1
27,994,8,3,4,1,37,3,3,3,8726,2975,1,0,15,3,4,0,9,0,3,9,8,1,7,0,1,0,0,0,1,0,1,0,0,0,0,0,0,0,0,0,0,0,1,0,0,0,1,0.8,2181.5,0.1,0.7,0.9,0,8.1,0,0
30,721,1,2,3,0,58,3,2,4,4011,10781,1,0,23,4,4,0,12,2,3,12,8,3,7,0,1,0,0,1,0,0,0,0,1,0,0,0,0,1,0,0,0,0,0,0,0,0,1,0.615385,1337.0,0.230769,0.538462,0.923077,0,11.076923,0,0
41,1360,12,3,2,0,49,3,5,3,19545,16280,1,0,12,3,4,0,23,0,3,22,15,15,8,0,0,1,0,1,0,0,0,0,0,0,1,0,0,0,0,0,1,0,0,0,0,1,0,0.652174,3257.5,0.652174,0.347826,1.0,0,8.25,0,1
34,1065,23,4,2,1,72,3,2,3,4568,10034,0,0,20,4,3,0,10,2,3,9,5,8,7,1,0,0,0,0,1,0,0,1,0,0,0,0,0,0,0,0,0,0,1,0,0,0,1,0.5,1522.666667,0.8,0.7,1.0,0,7.363636,0,0
37,408,19,2,2,1,73,3,1,2,3022,10227,4,0,21,4,1,0,8,1,3,1,0,0,0,0,0,1,0,1,0,0,1,0,0,0,0,0,0,0,0,0,0,1,0,0,0,1,0,0.0,1511.0,0.0,0.0,4.0,0,0.666667,0,0
46,1211,5,4,1,1,98,3,2,4,5772,20445,4,1,21,4,3,0,14,4,3,9,6,0,8,0,1,0,0,0,1,0,0,1,0,0,0,0,0,0,0,0,0,0,1,0,0,0,1,0.6,1924.0,0.0,0.8,1.4,1,7.2,5,0
35,1229,8,1,4,1,36,4,1,4,2269,4892,1,0,19,3,4,0,1,2,3,1,0,0,1,0,0,1,0,1,0,0,1,0,0,0,0,0,0,1,0,0,0,0,0,0,0,1,0,0.0,1134.5,0.0,0.5,0.5,0,6.0,0,0
48,626,1,2,1,1,98,2,3,3,5381,19294,9,1,13,3,4,0,23,2,3,1,0,0,0,0,0,1,0,1,0,0,1,0,0,0,0,0,0,1,0,0,0,0,0,0,0,0,1,0.0,1345.25,0.0,0.0,11.5,2,0.375,1,1
28,1434,5,4,3,1,50,3,1,3,3441,11179,1,1,13,3,3,0,2,3,2,2,2,2,2,0,0,1,0,1,0,0,0,0,0,0,1,0,0,1,0,0,0,0,0,0,0,0,1,0.666667,1720.5,0.666667,0.666667,0.666667,2,4.0,5,1
44,1488,1,5,2,0,75,3,2,1,5454,4009,5,1,21,4,3,1,9,2,2,4,3,1,3,0,0,1,0,0,1,0,0,1,0,0,0,0,0,0,0,0,0,0,1,0,1,0,0,0.6,1818.0,0.2,0.6,1.8,4,0.8,1,0
35,1097,11,2,3,1,79,2,3,1,9884,8302,2,1,13,3,3,1,10,3,3,4,0,2,3,1,0,0,0,1,0,0,0,0,1,0,0,1,0,0,0,0,0,0,0,0,0,1,0,0.0,2471.0,0.4,0.6,2.0,4,1.090909,11,0
26,1443,23,3,3,0,47,2,2,4,4157,21436,7,1,19,3,3,1,5,2,2,2,2,0,0,0,0,1,0,0,1,0,0,1,0,0,0,0,0,0,0,0,0,0,1,0,0,1,0,0.666667,1385.666667,0.0,0.0,1.666667,1,2.666667,23,0
33,515,1,2,1,0,98,3,3,4,13458,15146,1,1,12,3,3,0,15,1,3,15,14,8,12,0,1,0,0,1,0,0,1,0,0,0,0,0,0,0,0,0,1,0,0,0,0,0,1,0.875,3364.5,0.5,0.75,0.9375,1,11.25,1,0
35,853,18,5,2,1,71,3,3,1,9069,11031,1,0,22,4,4,1,9,3,2,9,8,1,8,0,1,0,0,0,1,0,1,0,0,0,0,0,0,0,0,0,0,0,1,0,0,1,0,0.8,2267.25,0.1,0.8,0.9,0,1.8,0,0
35,1142,23,4,3,0,30,3,1,1,4014,16002,3,1,15,3,3,1,4,3,3,2,2,2,2,0,0,1,0,1,0,0,0,0,1,0,0,0,0,1,0,0,0,0,0,0,0,1,0,0.666667,2007.0,0.666667,0.666667,1.333333,4,1.2,23,0
31,655,7,4,4,1,48,3,2,4,5915,9528,3,0,22,4,4,1,10,3,2,7,7,1,7,0,0,1,0,1,0,0,1,0,0,0,0,0,0,1,0,0,0,0,0,0,1,0,0,0.875,1971.666667,0.125,0.875,1.25,0,5.090909,0,0
37,1115,1,4,1,1,51,2,2,3,5993,2689,1,0,18,3,3,1,7,2,4,7,5,0,7,0,0,1,0,1,0,0,1,0,0,0,0,0,0,0,0,1,0,0,0,0,1,0,0,0.625,1997.666667,0.0,0.875,0.875,0,10.5,0,0
32,427,1,3,1,1,33,3,2,4,6162,10877,1,1,22,4,2,1,9,3,3,9,8,7,8,0,0,1,0,1,0,0,0,0,1,0,0,0,0,0,0,1,0,0,0,0,0,1,0,0.8,2054.0,0.7,0.8,0.9,1,10.8,1,0
38,653,29,5,4,0,50,3,2,4,2406,5456,1,0,11,3,4,0,10,2,3,10,3,9,9,0,1,0,0,1,0,0,1,0,0,0,0,0,0,1,0,0,0,0,0,0,0,0,1,0.272727,802.0,0.818182,0.818182,0.909091,0,10.909091,0,0
50,989,7,2,2,0,43,2,5,3,18740,16701,5,1,12,3,4,1,29,2,2,27,3,13,8,0,0,1,0,1,0,0,0,0,1,0,0,0,0,0,0,0,1,0,0,0,1,0,0,0.107143,3123.333333,0.464286,0.285714,1.035714,2,5.4,7,0
59,1435,25,3,1,0,99,3,3,1,7637,2354,7,0,11,3,4,0,28,3,2,21,16,7,9,0,0,1,0,0,1,0,1,0,0,0,0,0,0,0,0,0,0,0,1,0,0,0,1,0.727273,1909.25,0.318182,0.409091,1.272727,0,1.448276,0,0
36,1223,8,3,3,0,59,3,3,3,10096,8202,1,0,13,3,2,3,17,2,3,17,14,12,8,0,0,1,0,1,0,0,0,0,0,0,1,1,0,0,0,0,0,0,0,0,1,0,0,0.777778,2524.0,0.666667,0.444444,0.944444,0,8.5,0,0
55,836,8,3,4,0,33,3,4,3,14756,19730,2,1,14,3,3,3,21,2,3,5,0,0,2,0,0,1,0,1,0,0,0,0,1,0,0,0,0,0,1,0,0,0,0,0,1,0,0,0.0,2951.2,0.0,0.333333,3.5,2,2.045455,8,0
36,1195,11,3,2,1,95,2,2,2,6499,22656,1,0,13,3,3,0,6,3,3,6,5,0,3,0,1,0,0,1,0,0,1,0,0,0,0,0,0,0,0,1,0,0,0,0,0,0,1,0.714286,2166.333333,0.0,0.428571,0.857143,0,5.142857,0,0
45,1339,7,3,2,1,59,3,3,1,9724,18787,2,0,17,3,3,1,25,2,3,1,0,0,0,0,0,1,0,1,0,0,1,0,0,0,0,0,0,0,0,0,0,1,0,0,1,0,0,0.0,2431.0,0.0,0.0,12.5,0,0.115385,0,0
35,664,1,3,2,1,79,3,1,1,2194,5868,4,0,13,3,4,1,5,2,2,3,2,1,2,0,1,0,0,1,0,0,0,0,1,0,0,0,0,0,0,0,0,1,0,0,0,1,0,0.5,1097.0,0.25,0.5,1.25,0,1.0,0,0
36,318,9,3,4,1,79,2,1,3,3388,21777,0,1,17,3,1,1,2,0,2,1,0,0,0,0,0,1,0,1,0,0,0,0,1,0,0,0,0,0,0,0,0,1,0,0,0,1,0,0.0,1694.0,0.0,0.0,1.0,2,2.0,9,1
59,1225,1,1,1,0,57,2,2,3,5473,24668,7,0,11,3,4,0,20,2,2,4,3,1,3,0,1,0,0,0,1,0,1,0,0,0,0,0,0,0,0,0,0,0,1,0,0,0,1,0.6,1824.333333,0.2,0.6,4.0,0,1.142857,0,0
29,1328,2,3,3,1,76,3,1,2,2703,4956,0,0,23,4,4,1,6,3,3,5,4,0,4,0,0,1,0,1,0,0,1,0,0,0,0,0,0,0,0,0,0,1,0,0,0,1,0,0.666667,1351.5,0.0,0.666667,1.0,0,4.285714,0,0
31,1082,1,4,3,1,87,3,1,2,2501,18775,1,0,17,3,2,0,1,4,3,1,1,1,0,0,0,1,0,1,0,0,0,0,1,0,0,0,0,0,0,0,0,1,0,0,0,0,1,0.5,1250.5,0.5,0.0,0.5,0,3.0,0,0
32,548,1,3,2,1,66,3,2,2,6220,7346,1,0,17,3,2,2,10,3,3,10,4,0,9,0,0,1,0,1,0,0,1,0,0,0,0,0,0,0,0,0,0,1,0,0,0,1,0,0.363636,2073.333333,0.0,0.818182,0.909091,0,5.454545,0,0
36,132,6,3,2,0,55,4,1,4,3038,22002,3,0,12,3,2,0,5,3,3,1,0,0,0,0,0,1,0,1,0,0,1,0,0,0,0,0,0,1,0,0,0,0,0,0,0,1,0,0.0,1519.0,0.0,0.0,2.5,0,2.0,0,0
31,746,8,4,3,0,61,3,2,4,4424,20682,1,0,23,4,4,0,11,2,3,11,7,1,8,0,0,1,0,1,0,0,1,0,0,0,0,0,0,0,0,1,0,0,0,0,0,0,1,0.583333,1474.666667,0.083333,0.666667,0.916667,0,11.0,0,0
35,776,1,4,3,1,32,2,2,1,4312,23016,0,0,14,3,2,0,16,2,3,15,13,2,8,0,0,1,0,0,1,0,0,1,0,0,0,0,0,0,0,0,0,0,1,0,0,0,1,0.8125,1437.333333,0.125,0.5,1.0,0,2.647059,0,0
45,193,6,4,4,1,52,3,3,1,13245,15067,4,1,14,3,2,0,17,3,4,0,0,0,0,0,0,1,0,1,0,0,0,0,0,1,0,0,0,0,0,0,1,0,0,0,0,1,0,0.0,3311.25,0.0,0.0,17.0,4,0.0,6,0
37,397,7,4,1,1,30,3,3,3,13664,25258,4,0,13,3,1,0,16,3,4,5,2,0,2,0,0,1,0,1,0,0,0,0,1,0,0,0,0,0,0,0,1,0,0,0,0,0,1,0.333333,3416.0,0.0,0.333333,2.666667,0,3.529412,0,0
46,945,5,2,2,1,80,3,2,2,5021,10425,8,1,22,4,4,1,16,2,3,4,2,0,2,0,0,1,1,0,0,0,0,0,1,0,0,0,1,0,0,0,0,0,0,0,1,0,0,0.4,1673.666667,0.0,0.4,3.2,3,1.411765,5,0
30,852,1,1,4,1,55,2,2,4,5126,15998,1,1,12,3,3,2,10,1,2,10,8,3,0,0,0,1,0,1,0,0,1,0,0,0,0,0,0,1,0,0,0,0,0,0,0,1,0,0.727273,1708.666667,0.272727,0.0,0.909091,1,7.272727,1,0
35,1214,1,3,2,1,30,2,1,3,2859,26278,1,0,18,3,1,0,6,3,3,6,4,0,4,0,0,1,0,1,0,0,0,0,1,0,0,0,0,0,0,0,0,1,0,0,0,0,1,0.571429,1429.5,0.0,0.571429,0.857143,0,7.714286,0,0
55,111,1,2,1,1,70,3,3,4,10239,18092,3,0,14,3,4,1,24,4,3,1,0,1,0,0,0,1,0,0,1,0,1,0,0,0,0,0,0,0,0,0,0,0,1,0,0,1,0,0.0,2559.75,0.5,0.0,12.0,0,0.48,0,0
38,573,6,3,2,0,79,1,2,4,5329,15717,7,1,12,3,4,3,17,3,3,13,11,1,9,1,0,0,0,1,0,0,0,0,1,0,0,0,0,0,0,0,0,1,0,0,1,0,0,0.785714,1776.333333,0.071429,0.642857,1.214286,1,8.666667,6,0
34,1153,1,2,1,1,94,3,2,2,4325,17736,1,0,15,3,3,0,5,2,3,5,2,1,3,0,0,1,0,1,0,0,0,0,1,0,0,0,0,0,0,1,0,0,0,0,0,1,0,0.333333,1441.666667,0.166667,0.5,0.833333,0,5.0,0,0
56,1400,7,3,4,1,49,1,3,4,7260,21698,4,0,11,3,1,0,37,3,2,6,4,0,2,0,0,1,0,1,0,0,1,0,0,0,0,0,0,0,0,1,0,0,0,0,0,0,1,0.571429,1815.0,0.0,0.285714,5.285714,0,1.263158,0,0
23,541,2,1,3,1,62,3,1,1,2322,9518,3,0,13,3,3,1,3,3,3,0,0,0,0,0,0,1,0,0,1,0,0,0,0,0,1,0,0,0,0,0,0,0,0,1,1,0,0,0.0,1161.0,0.0,0.0,3.0,0,0.0,0,0
51,432,9,4,4,1,96,3,1,4,2075,18725,3,0,23,4,2,2,10,4,3,4,2,0,3,0,0,1,0,1,0,0,1,0,0,0,0,0,0,1,0,0,0,0,0,0,0,1,0,0.4,1037.5,0.0,0.6,2.0,0,4.363636,0,0
30,288,2,3,3,1,99,2,2,4,4152,15830,1,0,19,3,1,3,11,3,3,11,10,10,8,0,0,1,0,1,0,0,1,0,0,0,0,1,0,0,0,0,0,0,0,0,0,1,0,0.833333,1384.0,0.833333,0.666667,0.916667,0,11.0,0,0
46,669,9,2,3,1,64,2,3,4,9619,13596,1,0,16,3,4,0,9,3,3,9,8,4,7,0,0,1,0,0,1,0,0,0,1,0,0,0,0,0,0,0,0,0,1,0,0,0,1,0.8,2404.75,0.4,0.7,0.9,0,10.8,0,1
40,530,1,4,3,1,78,2,4,2,13503,14115,1,0,22,4,4,1,22,3,2,22,3,11,11,0,1,0,0,1,0,0,1,0,0,0,0,1,0,0,0,0,0,0,0,0,0,1,0,0.130435,2700.6,0.478261,0.478261,0.956522,0,3.826087,0,0
51,632,21,4,3,1,71,3,2,4,5441,8423,0,1,22,4,4,0,11,2,1,10,7,1,0,0,0,1,0,0,1,0,0,1,0,0,0,0,0,0,0,0,0,0,1,0,0,0,1,0.636364,1813.666667,0.090909,0.0,1.0,1,3.333333,21,0
30,1334,4,2,3,0,63,2,2,2,5209,19760,1,1,12,3,2,3,11,4,2,11,8,2,7,0,0,1,0,0,1,0,0,0,1,0,0,0,0,0,0,0,0,0,1,0,1,0,0,0.666667,1736.333333,0.166667,0.583333,0.916667,3,3.666667,4,0
46,638,1,3,3,1,40,2,3,1,10673,3142,2,1,13,3,3,1,21,5,2,10,9,9,5,0,1,0,0,1,0,0,0,0,1,0,0,1,0,0,0,0,0,0,0,0,0,1,0,0.818182,2668.25,0.818182,0.454545,1.909091,4,0.909091,1,0
32,1093,6,4,2,1,87,3,2,3,5010,24301,1,0,16,3,1,0,12,0,3,11,8,5,7,0,0,1,0,0,1,0,0,0,1,0,0,0,0,0,0,0,0,0,1,0,0,0,1,0.666667,1670.0,0.416667,0.583333,1.0,0,7.615385,0,0
54,1217,2,4,1,0,60,3,3,3,13549,24001,9,0,12,3,1,1,16,5,1,4,3,0,3,0,0,1,0,1,0,0,0,0,0,0,1,0,0,0,0,0,1,0,0,0,0,1,0,0.6,3387.25,0.0,0.6,3.2,0,0.705882,0,0
24,1353,3,2,1,0,33,3,2,3,4999,17519,0,0,21,4,1,1,4,2,2,3,2,0,2,0,0,1,0,0,1,0,0,0,0,1,0,0,0,0,0,0,0,0,1,0,0,1,0,0.5,1666.333333,0.0,0.5,1.0,0,3.6,0,0
28,120,4,3,2,1,43,3,2,3,4221,8863,1,0,15,3,2,0,5,3,4,5,4,0,4,1,0,0,0,0,1,0,0,0,1,0,0,0,0,0,0,0,0,0,1,0,0,1,0,0.666667,1407.0,0.0,0.666667,0.833333,0,10.0,0,0
58,682,10,4,4,1,37,3,4,3,13872,24409,0,0,13,3,3,0,38,1,2,37,10,1,8,0,0,1,0,0,1,0,0,0,1,0,0,0,0,0,0,0,0,0,1,0,0,0,1,0.263158,2774.4,0.026316,0.210526,1.0,0,5.692308,0,0
44,489,23,3,2,1,67,3,2,2,2042,25043,4,0,12,3,3,1,17,3,4,3,2,1,2,1,0,0,0,1,0,0,0,0,1,0,0,0,0,1,0,0,0,0,0,0,0,1,0,0.5,680.666667,0.25,0.5,4.25,0,1.333333,0,0
37,807,6,4,3,1,63,3,1,1,2073,23648,4,1,22,4,4,0,7,3,3,3,2,0,2,0,0,1,1,0,0,1,0,0,0,0,0,0,1,0,0,0,0,0,0,0,1,0,0,0.5,1036.5,0.0,0.5,1.75,4,1.125,6,1
32,827,1,1,4,1,71,3,1,1,2956,15178,1,0,13,3,4,0,1,2,3,1,0,0,0,0,0,1,0,1,0,0,1,0,0,0,0,0,0,0,0,0,0,1,0,0,0,0,1,0.0,1478.0,0.0,0.0,0.5,0,1.5,0,0
20,871,6,3,4,0,66,2,1,4,2926,19783,1,1,18,3,2,0,1,5,3,1,0,1,0,0,1,0,0,1,0,0,1,0,0,0,0,0,0,1,0,0,0,0,0,0,0,0,1,0.0,1463.0,0.5,0.0,0.5,1,6.0,6,1
34,665,6,4,1,0,41,3,2,3,4809,12482,1,0,14,3,3,0,16,3,3,16,13,2,10,0,0,1,0,1,0,0,0,0,0,1,0,0,0,0,0,0,0,1,0,0,0,0,1,0.764706,1603.0,0.117647,0.588235,0.941176,0,8.470588,0,0
37,1040,2,2,3,1,100,2,2,4,5163,15850,5,0,14,3,4,1,17,2,4,1,0,0,0,1,0,0,0,1,0,0,1,0,0,0,0,1,0,0,0,0,0,0,0,0,1,0,0,0.0,1721.0,0.0,0.0,8.5,0,0.888889,0,0
59,1420,2,4,3,0,32,2,5,4,18844,21922,9,0,21,4,4,1,30,3,3,3,2,2,2,1,0,0,1,0,0,1,0,0,0,0,0,0,0,0,1,0,0,0,0,0,0,1,0,0.5,3140.666667,0.5,0.5,7.5,0,1.16129,0,0
50,1115,1,3,1,0,73,3,5,2,18172,9755,3,1,19,3,1,0,28,1,2,8,3,0,7,0,1,0,0,1,0,0,1,0,0,0,0,0,0,0,0,0,1,0,0,0,0,1,0,0.333333,3028.666667,0.0,0.777778,3.111111,3,1.103448,1,0
25,240,5,3,3,1,46,2,2,3,5744,26959,1,1,11,3,4,0,6,1,3,6,4,0,3,0,0,1,0,0,1,0,0,1,0,0,0,0,0,0,0,0,0,0,1,0,0,0,1,0.571429,1914.666667,0.0,0.428571,0.857143,2,7.714286,5,1
25,1280,7,1,4,1,64,2,1,4,2889,26897,1,0,11,3,3,2,2,2,3,2,2,2,1,0,0,1,0,1,0,0,0,0,1,0,0,0,0,0,0,0,0,1,0,0,0,1,0,0.666667,1444.5,0.666667,0.333333,0.666667,0,8.0,0,0
22,534,15,3,2,0,59,3,1,4,2871,23785,1,0,15,3,3,0,1,5,3,0,0,0,0,0,0,1,0,1,0,0,0,0,1,0,0,0,0,1,0,0,0,0,0,0,0,0,1,0.0,1435.5,0.0,0.0,1.0,0,0.0,0,0
51,1456,1,4,1,0,30,2,3,1,7484,25796,3,0,20,4,3,0,23,1,2,13,12,12,8,0,1,0,0,1,0,0,0,0,1,0,0,1,0,0,0,0,0,0,0,0,0,0,1,0.857143,1871.0,0.857143,0.571429,1.642857,0,1.083333,0,0
34,658,7,3,1,1,66,1,2,3,6074,22887,1,1,24,4,4,0,9,3,3,9,7,0,6,0,1,0,0,1,0,0,1,0,0,0,0,0,0,1,0,0,0,0,0,0,0,0,1,0.7,2024.666667,0.0,0.6,0.9,2,8.1,7,1
54,142,26,3,4,0,30,4,4,4,17328,13871,2,1,12,3,3,0,23,3,3,5,3,4,4,1,0,0,1,0,0,1,0,0,0,0,0,0,0,0,1,0,0,0,0,0,0,0,1,0.5,3465.6,0.666667,0.666667,3.833333,1,2.5,26,0
24,1127,18,1,2,1,52,3,1,3,2774,13257,0,0,12,3,3,1,6,2,3,5,3,1,2,0,0,1,0,1,0,0,1,0,0,0,0,0,0,1,0,0,0,0,0,0,0,1,0,0.5,1387.0,0.166667,0.333333,1.0,0,6.428571,0,0
34,1031,6,4,3,0,45,2,2,2,4505,15000,6,0,15,3,3,1,12,3,3,1,0,0,0,0,0,1,0,1,0,0,1,0,0,0,0,0,0,0,0,0,0,1,0,0,1,0,0,0.0,1501.666667,0.0,0.0,6.0,0,0.461538,0,0
37,1189,3,3,3,1,87,3,3,4,7428,14506,2,0,12,3,1,0,12,3,3,5,3,1,3,0,0,1,0,0,1,0,1,0,0,0,0,0,0,0,0,0,0,0,1,0,0,0,1,0.5,1857.0,0.166667,0.5,2.0,0,4.615385,0,0
34,1354,5,3,3,0,45,2,3,1,11631,5615,2,0,12,3,4,0,14,6,3,11,10,5,8,0,0,1,0,1,0,0,0,0,1,0,0,0,0,0,1,0,0,0,0,0,0,0,1,0.833333,2907.75,0.416667,0.666667,1.166667,0,2.2,0,0
36,1467,11,2,2,0,92,3,3,4,9738,22952,0,0,14,3,3,1,10,6,3,9,7,2,8,0,1,0,0,0,1,0,0,0,0,0,1,0,0,0,0,0,0,0,1,0,0,1,0,0.7,2434.5,0.2,0.8,1.0,0,9.818182,0,0
36,922,3,2,1,0,39,3,1,4,2835,2561,5,0,22,4,1,1,7,2,3,1,0,0,0,0,0,1,0,1,0,0,1,0,0,0,0,0,0,1,0,0,0,0,0,0,1,0,0,0.0,1417.5,0.0,0.0,3.5,0,1.5,0,0
43,394,26,2,3,1,92,3,4,4,16959,19494,1,1,12,3,4,2,25,3,4,25,12,4,12,0,1,0,0,0,1,0,1,0,0,0,0,0,0,0,1,0,0,0,0,0,0,1,0,0.461538,3391.8,0.153846,0.461538,0.961538,1,15.384615,26,0
30,1312,23,3,1,1,96,1,1,3,2613,22310,1,0,25,4,3,3,10,2,2,10,7,0,9,0,1,0,0,1,0,0,1,0,0,0,0,0,0,0,0,0,0,1,0,0,1,0,0,0.636364,1306.5,0.0,0.818182,0.909091,0,5.454545,0,0
33,750,22,2,3,1,95,3,2,2,6146,15480,0,0,13,3,1,1,8,2,4,7,7,0,7,1,0,0,0,0,1,0,0,1,0,0,0,0,0,0,0,0,0,0,1,0,0,1,0,0.875,2048.666667,0.0,0.875,1.0,0,6.222222,0,0
56,441,14,4,2,0,72,3,1,2,4963,4510,9,1,18,3,1,3,7,2,3,5,4,4,3,0,0,1,0,1,0,0,1,0,0,0,0,0,0,0,0,0,0,1,0,0,0,1,0,0.666667,2481.5,0.666667,0.5,1.166667,3,3.75,14,1
51,684,6,3,1,1,51,3,5,3,19537,6462,7,0,13,3,3,0,23,5,3,20,18,15,15,0,0,1,0,1,0,0,1,0,0,0,0,0,0,0,0,0,1,0,0,0,0,0,1,0.857143,3256.166667,0.714286,0.714286,1.095238,0,7.5,0,0
31,249,6,4,2,1,76,1,2,3,6172,20739,4,1,18,3,2,0,12,3,2,7,7,7,7,0,0,1,0,0,1,0,1,0,0,0,0,0,0,0,0,0,0,0,1,0,0,1,0,0.875,2057.333333,0.875,0.875,1.5,2,3.230769,6,1
26,841,6,3,3,0,46,2,1,2,2368,23300,1,0,19,3,3,0,5,3,2,5,4,4,3,0,0,1,0,1,0,0,0,0,0,1,0,0,0,0,0,0,0,1,0,0,0,1,0,0.666667,1184.0,0.666667,0.5,0.833333,0,3.333333,0,0
58,147,23,4,4,0,94,3,3,4,10312,3465,1,0,12,3,4,1,40,3,2,40,10,15,6,0,0,1,0,1,0,0,0,0,1,0,0,1,0,0,0,0,0,0,0,0,0,1,0,0.243902,2578.0,0.365854,0.146341,0.97561,0,7.804878,0,1
19,528,22,1,4,1,50,3,1,3,1675,26820,1,1,19,3,4,0,0,2,2,0,0,0,0,0,0,1,0,0,1,0,0,1,0,0,0,0,0,0,0,0,0,0,0,1,0,0,1,0.0,837.5,0.0,0.0,0.0,2,0.0,22,1
22,594,2,1,3,1,100,3,1,4,2523,19299,0,0,14,3,3,1,3,2,3,2,1,2,1,0,0,1,0,1,0,0,0,0,0,0,1,0,0,1,0,0,0,0,0,0,0,1,0,0.333333,1261.5,0.666667,0.333333,1.0,0,6.0,0,0
49,470,20,4,3,0,96,3,2,1,6567,5549,1,0,14,3,3,0,16,2,2,15,11,5,11,0,0,1,0,1,0,0,0,0,1,0,0,0,0,0,0,1,0,0,0,0,0,1,0,0.6875,2189.0,0.3125,0.6875,1.0,0,1.764706,0,0
43,957,28,3,2,0,72,4,1,3,4739,16090,4,0,12,3,4,0,18,2,3,3,2,1,2,0,1,0,0,1,0,0,0,0,1,0,0,0,0,0,0,0,0,1,0,0,0,0,1,0.5,2369.5,0.25,0.5,4.5,0,1.421053,0,0
50,809,12,3,3,0,77,3,3,4,9208,6645,4,0,11,3,4,0,16,3,3,2,2,2,1,0,1,0,0,0,1,0,0,1,0,0,0,0,0,0,0,0,0,0,1,0,0,0,1,0.666667,2302.0,0.666667,0.333333,5.333333,0,1.411765,0,0
31,542,20,3,2,0,71,1,2,3,4559,24788,3,1,11,3,3,1,4,2,3,2,2,2,2,0,0,1,0,0,1,0,1,0,0,0,0,0,0,0,0,0,0,0,1,0,0,1,0,0.666667,1519.666667,0.666667,0.666667,1.333333,2,3.6,20,1
41,802,9,1,3,1,96,3,3,3,8189,21196,3,1,13,3,3,1,12,2,3,9,7,0,7,0,0,1,0,0,1,0,1,0,0,0,0,0,0,0,0,0,0,0,1,0,1,0,0,0.7,2047.25,0.0,0.7,1.2,2,6.230769,9,0
26,1355,25,1,3,0,61,3,1,3,2942,8916,1,0,23,4,4,1,8,3,3,8,7,5,7,0,0,1,1,0,0,0,1,0,0,0,0,0,1,0,0,0,0,0,0,0,0,1,0,0.777778,1471.0,0.555556,0.777778,0.888889,0,8.0,0,0
36,216,6,2,2,1,84,3,2,2,4941,2819,6,0,20,4,4,2,7,0,3,3,2,0,1,0,0,1,0,1,0,0,0,0,1,0,0,0,0,0,0,1,0,0,0,0,1,0,0,0.5,1647.0,0.0,0.25,1.75,0,2.25,0,0
51,1150,8,4,1,1,53,1,3,4,10650,25150,2,0,15,3,4,0,18,2,3,4,2,0,3,0,1,0,0,1,0,0,1,0,0,0,0,0,0,0,0,1,0,0,0,0,0,0,1,0.4,2662.5,0.0,0.6,3.6,0,2.526316,0,1
39,1329,4,4,4,0,47,2,2,3,5902,14590,4,0,14,3,3,1,17,1,4,15,11,5,9,0,0,1,0,0,1,0,1,0,0,0,0,0,0,0,0,0,0,0,1,0,0,1,0,0.6875,1967.333333,0.3125,0.5625,1.0625,0,10.0,0,0
25,959,28,3,1,1,41,2,2,3,8639,24835,2,0,18,3,4,0,6,3,3,2,2,2,2,0,0,1,0,0,1,0,1,0,0,0,0,0,0,0,0,0,0,0,1,0,0,1,0,0.666667,2879.666667,0.666667,0.666667,2.0,0,2.571429,0,0
30,1240,9,3,3,1,48,3,2,4,6347,13982,0,1,19,3,4,0,12,2,1,11,9,4,7,0,0,1,1,0,0,1,0,0,0,0,0,0,1,0,0,0,0,0,0,0,0,1,0,0.75,2115.666667,0.333333,0.583333,1.0,1,3.384615,9,0
32,1033,9,3,1,0,41,3,1,1,4200,10224,7,0,22,4,1,0,10,2,4,5,4,0,4,0,0,1,0,1,0,0,0,0,1,0,0,0,0,1,0,0,0,0,0,0,0,0,1,0.666667,2100.0,0.0,0.666667,1.666667,0,1.818182,0,1
45,1316,29,3,3,1,83,3,1,4,3452,9752,5,0,13,3,2,0,9,2,2,6,5,0,3,0,0,1,0,1,0,0,0,0,1,0,0,0,0,0,0,0,0,1,0,0,0,0,1,0.714286,1726.0,0.0,0.428571,1.285714,0,4.8,0,0
38,364,3,5,4,0,32,3,2,3,4317,2302,3,1,20,4,2,0,19,2,3,3,2,2,2,0,0,1,0,1,0,0,0,0,0,0,1,0,0,0,0,0,0,1,0,0,0,0,1,0.5,1439.0,0.5,0.5,4.75,2,1.35,3,0
30,438,18,3,1,0,75,3,1,3,2632,23910,1,0,14,3,3,0,5,4,2,5,4,0,4,0,0,1,0,1,0,0,1,0,0,0,0,0,0,0,0,0,0,1,0,0,0,0,1,0.666667,1316.0,0.0,0.666667,0.833333,0,5.0,0,0
32,689,9,2,4,1,35,1,2,4,4668,22812,0,0,17,3,4,3,9,2,4,8,7,0,7,0,1,0,0,0,1,0,0,0,1,0,0,0,0,0,0,0,0,0,1,0,1,0,0,0.777778,1556.0,0.0,0.777778,1.0,0,12.8,0,0
30,201,5,3,4,0,84,3,1,1,3204,10415,5,0,14,3,4,1,8,3,3,3,2,2,2,0,0,1,0,1,0,0,0,0,0,0,1,0,0,0,0,0,0,1,0,0,1,0,0,0.5,1602.0,0.5,0.5,2.0,0,1.0,0,0
30,1427,2,1,2,1,35,2,1,4,2720,11162,0,0,13,3,4,0,6,3,3,5,3,1,2,0,0,1,0,1,0,0,0,0,1,0,0,0,0,1,0,0,0,0,0,0,0,0,1,0.5,1360.0,0.166667,0.333333,1.0,0,8.571429,0,0
41,857,10,3,4,1,91,2,4,1,17181,12888,4,0,13,3,2,1,21,2,2,7,6,7,7,0,1,0,0,1,0,0,1,0,0,0,0,0,0,0,1,0,0,0,0,0,1,0,0,0.75,3436.2,0.875,0.875,2.625,0,0.636364,0,0
41,933,9,4,3,1,94,3,1,1,2238,6961,2,0,21,4,4,1,7,2,3,5,0,1,4,0,0,1,0,1,0,0,1,0,0,0,0,0,0,1,0,0,0,0,0,0,0,1,0,0.0,1119.0,0.166667,0.666667,1.166667,0,1.875,0,0
19,1181,3,1,2,0,79,3,1,2,1483,16102,1,0,14,3,4,0,1,3,3,1,0,0,0,0,0,1,0,1,0,0,0,0,1,0,0,0,0,1,0,0,0,0,0,0,0,0,1,0.0,741.5,0.0,0.0,0.5,0,3.0,0,0
40,1395,26,3,2,0,54,3,2,2,5605,8504,1,0,11,3,1,1,20,2,3,20,7,2,13,0,1,0,0,1,0,0,0,0,1,0,0,0,0,0,0,0,0,1,0,0,1,0,0,0.333333,1868.333333,0.095238,0.619048,0.952381,0,5.714286,0,0
35,662,1,5,3,1,94,3,3,2,7295,11439,1,0,13,3,1,2,10,3,3,10,8,0,6,0,0,1,0,0,1,0,0,1,0,0,0,0,0,0,0,0,0,0,1,0,0,1,0,0.727273,1823.75,0.0,0.545455,0.909091,0,5.454545,0,0
53,1436,6,2,2,1,34,3,2,3,2306,16047,2,1,20,4,4,1,13,3,1,7,7,4,5,0,0,1,0,0,1,0,0,1,0,0,0,0,0,0,0,0,0,0,0,1,0,1,0,0.875,768.666667,0.5,0.625,1.625,2,1.5,6,0
45,194,9,3,2,1,60,3,2,2,2348,10901,8,0,18,3,3,1,20,2,1,17,9,0,15,0,0,1,0,1,0,0,1,0,0,0,0,0,0,1,0,0,0,0,0,0,1,0,0,0.5,782.666667,0.0,0.833333,1.111111,0,1.619048,0,0
32,967,8,3,2,0,43,3,3,4,8998,15589,1,0,14,3,4,0,9,2,3,9,8,3,7,0,1,0,0,0,1,0,0,1,0,0,0,0,0,0,0,0,0,0,1,0,0,0,1,0.8,2249.5,0.3,0.7,0.9,0,10.8,0,0
29,1496,1,1,4,1,41,3,2,3,4319,26283,1,0,13,3,1,1,10,1,3,10,7,0,9,1,0,0,0,1,0,0,0,0,0,0,1,0,0,0,0,1,0,0,0,0,0,1,0,0.636364,1439.666667,0.0,0.818182,0.909091,0,8.181818,0,0
51,1169,7,4,2,1,34,2,2,3,6132,13983,2,0,17,3,3,0,10,2,3,1,0,0,0,0,0,1,0,1,0,0,0,0,1,0,0,0,0,0,0,1,0,0,0,0,0,1,0,0.0,2044.0,0.0,0.0,5.0,0,0.818182,0,0
58,1145,9,3,2,0,75,2,1,2,3346,11873,4,1,20,4,2,1,9,3,2,1,0,0,0,0,0,1,0,1,0,0,0,0,1,0,0,0,0,0,0,0,0,1,0,0,0,1,0,0.0,1673.0,0.0,0.0,4.5,3,0.4,9,0
40,630,4,4,3,1,67,2,3,4,10855,8552,7,0,11,3,1,1,15,2,2,12,11,2,11,0,0,1,0,0,1,0,0,1,0,0,0,0,0,0,0,0,0,0,1,0,0,1,0,0.846154,2713.75,0.153846,0.846154,1.153846,0,6.0,0,0
34,303,2,4,3,0,75,3,1,3,2231,11314,6,0,18,3,4,1,6,3,3,4,3,1,2,0,1,0,0,0,1,0,0,1,0,0,0,0,0,0,0,0,0,0,0,1,0,1,0,0.6,1115.5,0.2,0.4,1.2,0,5.142857,0,0
22,1256,19,1,3,1,80,3,1,4,2323,11992,1,0,24,4,1,2,2,6,3,2,2,2,2,0,0,1,0,1,0,0,0,0,1,0,0,0,0,0,0,0,0,1,0,0,0,1,0,0.666667,1161.5,0.666667,0.666667,0.666667,0,8.0,0,0
27,691,9,3,4,1,57,3,1,2,2024,5970,6,0,18,3,4,1,6,1,1,2,2,2,2,1,0,0,0,1,0,0,0,0,1,0,0,0,0,0,0,0,0,1,0,0,1,0,0,0.666667,1012.0,0.666667,0.666667,2.0,0,0.571429,0,0
28,440,21,3,3,1,42,3,1,4,2713,6672,1,0,11,3,3,1,5,2,1,5,2,0,2,0,0,1,0,1,0,0,0,0,1,0,0,0,0,0,0,0,0,1,0,0,0,1,0,0.333333,1356.5,0.0,0.333333,0.833333,0,3.333333,0,0
57,334,24,2,3,1,83,4,3,4,9439,23402,3,1,16,3,2,1,12,2,1,5,3,1,4,0,0,1,0,1,0,0,1,0,0,0,0,1,0,0,0,0,0,0,0,0,1,0,0,0.5,2359.75,0.166667,0.666667,2.0,1,1.538462,24,0
27,1450,3,3,3,1,79,2,1,3,2566,25326,1,1,15,3,4,1,1,2,2,1,1,0,1,1,0,0,0,1,0,0,0,0,1,0,0,0,0,0,0,0,0,1,0,0,1,0,0,0.5,1283.0,0.0,0.5,0.5,2,3.0,3,0
50,1452,11,3,3,0,53,3,5,2,19926,17053,3,0,15,3,2,0,21,5,3,5,4,4,4,0,0,1,0,1,0,0,1,0,0,0,0,0,0,0,1,0,0,0,0,0,0,0,1,0.666667,3321.0,0.666667,0.666667,3.5,0,1.363636,0,0
41,465,14,3,1,1,56,3,1,3,2451,4609,4,0,12,3,1,1,13,2,3,9,8,1,8,0,0,1,0,1,0,0,1,0,0,0,0,0,0,0,0,0,0,1,0,0,1,0,0,0.8,1225.5,0.1,0.8,1.3,0,5.785714,0,0
30,1339,5,3,2,0,41,3,3,4,9419,8053,2,0,12,3,3,1,12,2,3,10,9,7,4,0,0,1,0,0,1,0,1,0,0,0,0,0,0,0,0,0,0,0,1,0,0,1,0,0.818182,2354.75,0.636364,0.363636,1.090909,0,9.230769,0,0
38,702,1,4,1,0,59,2,2,4,8686,12930,4,0,22,4,3,0,12,2,4,8,3,0,7,0,0,1,0,0,1,0,1,0,0,0,0,0,0,0,0,0,0,0,1,0,0,0,1,0.333333,2895.333333,0.0,0.777778,1.333333,0,9.846154,0,0
32,120,6,5,3,1,43,3,1,3,3038,12430,3,0,20,4,1,0,8,2,3,5,4,1,4,0,0,1,0,1,0,0,1,0,0,0,0,0,0,0,0,0,0,1,0,0,0,0,1,0.666667,1519.0,0.166667,0.666667,1.333333,0,5.0,0,0
27,1157,17,3,3,1,51,3,1,2,3058,13364,0,1,16,3,4,1,6,3,2,5,2,1,1,0,0,1,0,1,0,0,0,0,0,0,1,0,0,0,0,0,0,1,0,0,0,1,0,0.333333,1529.0,0.166667,0.166667,1.0,3,2.857143,17,0
19,602,1,1,3,0,100,1,1,1,2325,20989,0,0,21,4,1,0,1,5,4,0,0,0,0,0,1,0,0,0,1,0,0,0,0,0,1,0,0,0,0,0,0,0,0,1,0,0,1,0.0,1162.5,0.0,0.0,1.0,0,0.0,0,1
36,1480,3,2,4,1,30,3,1,2,2088,15062,4,0,12,3,3,0,13,3,2,8,7,7,2,0,1,0,0,1,0,0,0,0,1,0,0,0,0,1,0,0,0,0,0,0,0,0,1,0.777778,1044.0,0.777778,0.222222,1.444444,0,2.285714,0,0
30,111,9,3,3,1,66,3,2,1,3072,11012,1,0,11,3,3,2,12,4,3,12,9,6,10,1,0,0,0,1,0,0,0,0,1,0,0,0,0,1,0,0,0,0,0,0,1,0,0,0.692308,1024.0,0.461538,0.769231,0.923077,0,2.769231,0,0
45,1268,4,2,3,0,30,3,2,1,5006,6319,4,1,11,3,1,1,9,3,4,5,4,0,3,0,0,1,0,0,1,0,1,0,0,0,0,0,0,0,0,0,0,0,1,0,1,0,0,0.666667,1668.666667,0.0,0.5,1.5,4,2.0,4,0
56,713,8,3,3,0,67,3,1,1,4257,13939,4,1,18,3,3,1,19,3,3,2,2,2,2,0,0,1,0,1,0,0,1,0,0,0,0,0,0,0,0,0,0,1,0,0,1,0,0,0.666667,2128.5,0.666667,0.666667,6.333333,4,0.3,8,0
33,134,2,3,3,1,90,3,1,4,2500,10515,0,0,14,3,1,0,4,2,4,3,1,0,2,0,0,1,0,1,0,0,1,0,0,0,0,0,0,0,0,0,0,1,0,0,0,0,1,0.25,1250.0,0.0,0.5,1.0,0,9.6,0,0
19,303,2,3,2,1,47,2,1,4,1102,9241,1,0,22,4,3,0,1,3,2,1,0,1,0,0,0,1,0,1,0,0,1,0,0,0,0,0,0,1,0,0,0,0,0,0,0,0,1,0.0,551.0,0.5,0.0,0.5,0,4.0,0,1
46,526,1,2,2,0,92,3,3,1,10453,2137,1,0,25,4,3,3,24,2,3,24,13,15,7,0,0,1,0,0,1,0,0,1,0,0,0,0,0,0,0,0,0,0,1,0,1,0,0,0.52,2613.25,0.6,0.28,0.96,0,2.88,0,0
38,1380,9,2,3,0,75,3,1,4,2288,6319,1,0,12,3,3,0,2,3,3,2,2,2,1,0,0,1,0,1,0,0,1,0,0,0,0,0,0,1,0,0,0,0,0,0,0,0,1,0.666667,1144.0,0.666667,0.333333,0.666667,0,8.0,0,0
31,140,12,1,3,0,95,3,1,4,3929,6984,8,1,23,4,3,1,7,0,3,4,2,0,2,0,0,1,0,1,0,0,0,0,1,0,0,0,0,0,0,0,0,1,0,0,0,1,0,0.4,1964.5,0.0,0.4,1.4,1,6.0,12,0
34,629,27,2,4,0,95,3,1,2,2311,5711,2,0,15,3,4,0,9,3,3,3,2,1,2,0,0,1,0,1,0,0,0,0,1,0,0,0,0,0,0,0,0,1,0,0,0,0,1,0.5,1155.5,0.25,0.5,2.25,0,1.8,0,0
41,1356,20,2,2,0,70,3,1,2,3140,21728,1,1,22,4,4,0,4,5,2,4,3,0,2,0,0,1,0,0,1,0,0,1,0,0,0,0,0,0,0,0,0,0,0,1,0,0,1,0.6,1570.0,0.0,0.4,0.8,3,3.2,20,1
50,328,1,3,3,1,86,2,1,3,3690,3425,2,0,15,3,4,1,5,2,2,3,2,0,2,0,0,1,0,1,0,0,0,0,1,0,0,0,0,1,0,0,0,0,0,0,0,1,0,0.5,1845.0,0.0,0.5,1.25,0,3.0,0,0
53,1084,13,2,4,0,57,4,2,1,4450,26250,1,0,11,3,3,2,5,3,3,4,2,1,3,0,0,1,0,1,0,0,0,0,1,0,0,0,0,0,0,1,0,0,0,0,1,0,0,0.4,1483.333333,0.2,0.6,1.0,0,2.0,0,0
33,931,14,3,4,0,72,3,1,2,2756,4673,1,0,13,3,4,1,8,5,3,8,7,1,6,0,0,1,0,1,0,0,0,0,1,0,0,0,0,0,0,0,0,1,0,0,0,1,0,0.777778,1378.0,0.111111,0.666667,0.888889,0,5.333333,0,0
40,989,4,1,4,0,46,3,5,3,19033,6499,1,0,14,3,2,1,21,2,3,20,8,9,9,0,0,1,0,1,0,0,0,0,1,0,0,0,0,0,1,0,0,0,0,0,0,1,0,0.380952,3172.166667,0.428571,0.428571,1.0,0,8.181818,0,0
55,692,14,4,3,1,61,4,5,2,18722,13339,8,0,11,3,4,0,36,3,3,24,15,2,15,0,0,1,0,1,0,0,0,0,1,0,0,0,0,0,0,0,1,0,0,0,0,0,1,0.6,3120.333333,0.08,0.6,1.44,0,3.891892,0,0
34,1069,2,1,4,1,45,2,2,3,9547,14074,1,0,17,3,3,0,10,2,2,10,9,1,9,0,1,0,0,1,0,0,1,0,0,0,0,0,0,0,0,1,0,0,0,0,0,1,0,0.818182,3182.333333,0.090909,0.818182,0.909091,0,5.454545,0,0
51,313,3,3,4,0,98,3,4,2,13734,7192,3,0,18,3,3,0,21,6,3,7,7,1,0,0,0,1,0,1,0,0,0,0,1,0,0,1,0,0,0,0,0,0,0,0,0,0,1,0.875,2746.8,0.125,0.0,2.625,0,1.909091,0,0
52,699,1,4,3,1,65,2,5,3,19999,5678,0,0,14,3,1,1,34,5,3,33,18,11,9,0,0,1,0,1,0,0,1,0,0,0,0,0,0,0,1,0,0,0,0,0,0,1,0,0.529412,3333.166667,0.323529,0.264706,1.0,0,8.485714,0,0
27,894,9,3,4,0,99,3,1,2,2279,11781,1,0,16,3,4,0,7,2,2,7,7,0,3,0,0,1,0,1,0,0,0,0,1,0,0,0,0,0,0,0,0,1,0,0,0,0,1,0.875,1139.5,0.0,0.375,0.875,0,3.5,0,0
35,556,23,2,2,1,50,2,2,3,5916,15497,3,1,13,3,1,0,8,1,3,1,0,0,1,0,0,1,0,1,0,0,1,0,0,0,0,0,0,0,0,1,0,0,0,0,0,1,0,0.0,1972.0,0.0,0.5,4.0,2,1.0,23,1
43,1344,7,3,4,1,37,4,1,4,2089,5228,4,0,14,3,4,3,7,3,4,5,4,2,2,1,0,0,0,1,0,0,0,0,1,0,0,0,0,0,0,0,0,1,0,0,1,0,0,0.666667,1044.5,0.333333,0.333333,1.166667,0,10.0,0,0
45,1195,2,2,1,1,65,2,4,4,16792,20462,9,0,23,4,4,1,22,1,3,20,8,11,8,1,0,0,0,1,0,0,0,0,1,0,0,0,0,0,1,0,0,0,0,0,0,1,0,0.380952,3358.4,0.52381,0.380952,1.047619,0,10.434783,0,0
37,290,21,3,2,1,65,4,1,1,3564,22977,1,1,12,3,1,1,8,3,2,8,7,1,7,0,0,1,0,1,0,0,1,0,0,0,0,0,0,0,0,0,0,1,0,0,0,1,0,0.777778,1782.0,0.111111,0.777778,0.888889,4,1.777778,21,0
35,138,2,3,2,0,37,3,2,2,4425,15986,5,0,11,3,4,0,10,5,3,6,2,1,2,0,1,0,0,1,0,0,0,0,1,0,0,0,0,1,0,0,0,0,0,0,0,0,1,0.285714,1475.0,0.142857,0.285714,1.428571,0,3.272727,0,0
42,926,21,2,3,0,36,3,2,3,5265,16439,2,0,16,3,2,1,11,5,3,5,3,0,2,1,0,0,0,1,0,0,0,0,1,0,0,0,0,0,0,1,0,0,0,0,1,0,0,0.5,1755.0,0.0,0.333333,1.833333,0,3.75,0,0
38,1261,2,4,4,1,88,3,2,3,6553,7259,9,0,14,3,2,0,14,3,3,1,0,0,0,0,0,1,0,1,0,0,1,0,0,0,0,0,0,0,0,1,0,0,0,0,0,1,0,0.0,2184.333333,0.0,0.0,7.0,0,0.6,0,0
38,1084,29,3,4,1,54,3,2,4,6261,4185,3,0,18,3,1,1,9,3,1,7,7,1,7,0,0,1,0,1,0,0,0,0,0,0,1,0,0,0,0,1,0,0,0,0,0,1,0,0.875,2087.0,0.125,0.875,1.125,0,2.8,0,0
27,472,1,1,3,1,60,2,2,1,4298,9679,5,0,19,3,3,1,6,1,3,2,2,2,0,0,1,0,0,1,0,0,0,0,0,0,1,0,0,0,0,1,0,0,0,0,0,1,0,0.666667,1432.666667,0.666667,0.0,2.0,0,0.857143,0,0
49,1002,18,4,4,1,92,3,2,4,6804,23793,1,1,15,3,1,2,7,0,3,7,7,1,7,1,0,0,0,1,0,0,1,0,0,0,0,0,0,0,0,1,0,0,0,0,1,0,0,0.875,2268.0,0.125,0.875,0.875,1,10.5,18,0
34,878,10,4,4,1,43,3,1,3,3815,5972,1,1,17,3,4,1,5,4,4,5,3,2,0,0,1,0,0,1,0,0,0,0,1,0,0,0,0,0,0,0,0,1,0,0,1,0,0,0.5,1907.5,0.333333,0.0,0.833333,2,10.0,10,0
40,905,19,2,3,1,99,3,2,4,2741,16523,8,1,15,3,3,1,15,2,4,7,2,3,7,0,0,1,0,1,0,0,0,0,1,0,0,0,0,1,0,0,0,0,0,0,0,1,0,0.25,913.666667,0.375,0.875,1.875,1,7.0,19,0
38,1180,29,1,2,1,70,3,2,1,6673,11354,7,1,19,3,2,0,17,2,3,1,0,0,0,0,0,1,0,1,0,0,0,0,1,0,0,1,0,0,0,0,0,0,0,0,0,1,0,0.0,2224.333333,0.0,0.0,8.5,4,0.166667,29,1
29,121,27,3,2,0,35,3,3,4,7639,24525,1,0,22,4,4,3,10,3,2,10,4,1,9,0,0,1,0,0,1,0,0,1,0,0,0,0,0,0,0,0,0,0,1,0,0,1,0,0.363636,1909.75,0.090909,0.818182,0.909091,0,7.272727,0,1
22,1136,5,3,4,1,60,4,1,2,2328,12392,1,1,16,3,1,1,4,2,2,4,2,2,2,0,0,1,0,1,0,0,1,0,0,0,0,0,0,0,0,0,0,1,0,0,1,0,0,0.4,1164.0,0.4,0.4,0.8,3,3.2,5,0
36,635,18,1,2,0,73,3,1,4,2153,7703,1,0,13,3,1,0,8,2,3,8,1,1,7,0,1,0,0,1,0,0,0,0,1,0,0,0,0,1,0,0,0,0,0,0,0,0,1,0.111111,1076.5,0.111111,0.777778,0.888889,0,10.666667,0,0
40,1151,9,5,4,1,63,2,2,4,4876,14242,9,0,14,3,4,1,5,5,1,3,2,0,2,1,0,0,0,1,0,0,1,0,0,0,0,1,0,0,0,0,0,0,0,0,0,1,0,0.5,1625.333333,0.0,0.5,1.25,0,2.0,0,0
46,644,1,4,4,1,97,3,3,1,9396,12368,7,0,16,3,3,1,17,3,3,4,2,0,3,0,0,1,0,1,0,0,0,0,1,0,0,1,0,0,0,0,0,0,0,0,1,0,0,0.4,2349.0,0.0,0.6,3.4,0,0.666667,0,0
32,1045,4,4,4,1,32,1,3,4,10400,25812,1,0,11,3,3,0,14,2,2,14,8,9,8,0,0,1,0,0,1,0,0,0,1,0,0,0,0,0,0,0,0,0,1,0,0,1,0,0.533333,2600.0,0.6,0.533333,0.933333,0,7.466667,0,1
30,829,1,1,3,1,88,2,3,3,8474,20925,1,0,22,4,3,0,12,2,3,11,8,5,8,1,0,0,0,1,0,0,1,0,0,0,0,0,0,0,0,1,0,0,0,0,0,0,1,0.666667,2118.5,0.416667,0.666667,1.0,0,7.615385,0,0
27,1242,20,3,4,0,90,3,2,3,9981,12916,1,0,14,3,4,0,7,2,3,7,7,0,7,0,1,0,0,0,1,0,1,0,0,0,0,0,0,0,0,0,0,0,1,0,0,0,1,0.875,3327.0,0.0,0.875,0.875,0,7.875,0,0
51,1469,8,4,2,1,81,2,3,2,12490,15736,5,0,16,3,4,2,16,5,1,10,9,4,7,0,0,1,0,1,0,0,1,0,0,0,0,0,0,0,0,0,1,0,0,0,0,1,0,0.818182,3122.5,0.363636,0.636364,1.454545,0,1.176471,0,0
30,1005,3,3,4,0,88,3,1,1,2657,8556,5,1,11,3,3,0,8,5,3,5,2,0,4,0,0,1,0,1,0,0,0,0,0,0,1,0,0,0,0,0,0,1,0,0,0,0,1,0.333333,1328.5,0.0,0.666667,1.333333,4,1.666667,3,1
41,896,6,3,4,0,75,3,3,4,13591,14674,3,1,18,3,3,0,16,3,3,1,0,0,0,0,0,1,0,0,1,0,1,0,0,0,0,0,0,0,1,0,0,0,0,0,0,0,1,0.0,3397.75,0.0,0.0,8.0,1,0.705882,6,0
30,334,26,4,3,0,52,2,2,1,6696,22967,5,0,15,3,3,0,9,5,2,6,3,0,1,0,1,0,0,0,1,0,0,1,0,0,0,0,0,0,0,0,0,0,1,0,0,0,1,0.428571,2232.0,0.0,0.142857,1.285714,0,1.2,0,1
29,992,1,3,3,1,85,3,1,3,2058,19757,0,0,14,3,4,0,7,1,2,6,2,1,5,0,0,1,0,1,0,0,0,0,0,0,1,0,0,0,0,0,0,1,0,0,0,0,1,0.285714,1029.0,0.142857,0.714286,1.0,0,4.5,0,1
45,1052,6,3,4,0,57,2,3,4,8865,16840,6,0,12,3,4,0,23,2,3,19,7,12,8,1,0,0,0,0,1,0,0,0,1,0,0,0,0,0,0,0,0,0,1,0,0,0,1,0.35,2216.25,0.6,0.4,1.15,0,9.5,0,0
54,1147,3,3,4,0,52,3,2,1,5940,17011,2,0,14,3,4,1,16,4,3,6,2,0,5,0,0,1,0,0,1,0,0,1,0,0,0,0,0,0,0,0,0,0,1,0,0,1,0,0.285714,1980.0,0.0,0.714286,2.285714,0,1.058824,0,0
36,1396,5,2,4,1,62,3,2,2,5914,9945,8,0,16,3,4,0,16,3,4,13,11,3,7,0,0,1,0,1,0,0,1,0,0,0,0,0,0,1,0,0,0,0,0,0,0,0,1,0.785714,1971.333333,0.214286,0.5,1.142857,0,6.117647,0,0
33,147,4,4,3,0,47,2,1,2,2622,13248,6,0,21,4,4,0,7,3,3,3,2,1,1,0,0,1,0,1,0,0,0,0,1,0,0,0,0,0,0,0,0,1,0,0,0,1,0,0.5,1311.0,0.25,0.25,1.75,0,2.25,0,0
37,663,11,3,2,1,47,3,3,4,12185,10056,1,1,14,3,3,3,10,1,3,10,8,0,7,0,1,0,0,1,0,0,0,0,0,1,0,0,0,0,0,0,1,0,0,0,1,0,0,0.727273,3046.25,0.0,0.636364,0.909091,1,10.909091,11,0
38,119,3,3,1,1,76,3,3,3,10609,9647,0,0,12,3,3,2,17,6,2,16,10,5,13,0,0,1,0,0,1,0,1,0,0,0,0,0,0,0,0,0,0,0,1,0,1,0,0,0.588235,2652.25,0.294118,0.764706,1.0,0,5.333333,0,0
31,979,1,4,3,1,90,1,2,3,4345,4381,0,0,12,3,4,1,6,2,3,5,4,1,4,1,0,0,0,1,0,0,0,0,1,0,0,0,0,0,0,1,0,0,0,0,0,1,0,0.666667,1448.333333,0.166667,0.666667,1.0,0,6.428571,0,0
59,142,3,3,3,1,70,2,1,4,2177,8456,3,0,17,3,1,1,7,6,3,1,0,0,0,0,0,1,0,1,0,0,1,0,0,0,0,0,0,0,0,0,0,1,0,0,0,1,0,0.0,1088.5,0.0,0.0,3.5,0,1.5,0,0
37,319,4,4,1,1,41,3,1,4,2793,2539,4,0,17,3,3,1,13,2,3,9,8,5,8,0,1,0,0,0,1,0,0,1,0,0,0,0,0,0,0,0,0,0,0,1,1,0,0,0.8,1396.5,0.5,0.8,1.3,0,7.714286,0,0
29,1413,1,1,2,0,42,3,3,4,7918,6599,1,0,14,3,4,1,11,5,3,11,10,4,1,0,1,0,0,0,1,0,0,0,1,0,0,0,0,0,0,0,0,0,1,0,0,1,0,0.833333,1979.5,0.333333,0.083333,0.916667,0,11.0,0,0
35,944,1,3,3,0,92,3,3,3,8789,9096,1,0,14,3,1,0,10,3,4,10,7,0,8,0,1,0,0,0,1,0,0,1,0,0,0,0,0,0,0,0,0,0,1,0,0,0,1,0.636364,2197.25,0.0,0.727273,0.909091,0,10.909091,0,0
29,896,18,1,3,1,86,2,1,4,2389,14961,1,1,13,3,3,0,4,3,2,4,3,0,1,0,0,1,0,1,0,0,0,0,1,0,0,0,0,0,0,0,0,1,0,0,0,0,1,0.6,1194.5,0.0,0.2,0.8,1,6.4,18,1
52,1323,2,3,3,0,89,2,1,4,3212,3300,7,0,15,3,2,0,6,3,2,2,2,2,2,0,0,1,0,1,0,0,1,0,0,0,0,0,0,1,0,0,0,0,0,0,0,0,1,0.666667,1606.0,0.666667,0.666667,2.0,0,2.285714,0,0
42,532,4,2,3,1,58,3,5,4,19232,4933,1,0,11,3,4,0,22,3,3,22,17,11,15,0,0,1,0,1,0,0,0,0,0,0,1,0,0,0,1,0,0,0,0,0,0,1,0,0.73913,3205.333333,0.478261,0.652174,0.956522,0,11.478261,0,0
59,818,6,2,2,1,52,3,1,3,2267,25657,8,0,17,3,4,0,7,2,2,2,2,2,2,0,0,1,1,0,0,0,0,0,1,0,0,0,1,0,0,0,0,0,0,0,0,1,0,0.666667,1133.5,0.666667,0.666667,2.333333,0,1.5,0,0
50,854,1,4,4,0,68,3,5,4,19517,24118,3,0,11,3,3,1,32,3,2,7,0,0,6,0,0,1,0,0,1,0,0,0,1,0,0,0,0,0,1,0,0,0,0,0,1,0,0,0.0,3252.833333,0.0,0.75,4.0,0,1.69697,0,0
33,813,14,3,3,1,58,3,1,4,2436,22149,5,1,13,3,3,1,8,2,1,5,4,0,4,0,0,1,0,1,0,0,0,0,1,0,0,0,0,1,0,0,0,0,0,0,0,1,0,0.666667,1218.0,0.0,0.666667,1.333333,1,2.222222,14,1
43,1034,16,3,4,0,80,3,4,4,16064,7744,5,1,22,4,3,1,22,3,3,17,13,1,9,0,0,1,0,0,1,0,0,1,0,0,0,0,0,0,1,0,0,0,0,0,0,1,0,0.722222,3212.8,0.055556,0.5,1.222222,1,8.869565,16,0
33,465,2,2,1,0,39,3,1,1,2707,21509,7,0,20,4,1,0,13,3,4,9,7,1,7,0,0,1,0,1,0,0,1,0,0,0,0,0,0,1,0,0,0,0,0,0,0,1,0,0.7,1353.5,0.1,0.7,1.3,0,2.571429,0,1
52,771,2,4,1,1,79,2,5,3,19068,21030,1,1,18,3,4,0,33,2,4,33,7,15,12,1,0,0,0,0,1,0,1,0,0,0,0,0,0,0,1,0,0,0,0,0,0,0,1,0.205882,3178.0,0.441176,0.352941,0.970588,2,11.647059,2,0
32,1401,4,2,3,0,56,3,1,2,3931,20990,2,0,11,3,1,1,6,5,3,4,3,1,2,0,0,1,0,0,1,0,1,0,0,0,0,0,0,0,0,0,0,0,0,1,0,1,0,0.6,1965.5,0.2,0.4,1.2,0,3.428571,0,0
32,515,1,3,4,1,62,2,1,3,3730,9571,0,1,14,3,4,0,4,2,1,3,2,1,2,0,0,1,0,1,0,0,1,0,0,0,0,0,0,1,0,0,0,0,0,0,0,0,1,0.5,1865.0,0.25,0.5,1.0,2,1.8,1,1
39,1431,1,4,3,0,96,3,1,3,2232,15417,7,0,14,3,3,3,7,1,3,3,2,1,2,0,0,1,0,1,0,0,0,0,1,0,0,0,0,1,0,0,0,0,0,0,1,0,0,0.5,1116.0,0.25,0.5,1.75,0,3.375,0,0
32,976,26,4,3,1,100,3,2,4,4465,12069,0,0,18,3,1,0,4,2,3,3,2,2,2,1,0,0,0,0,1,0,0,1,0,0,0,0,0,0,0,0,0,0,1,0,0,1,0,0.5,1488.333333,0.5,0.5,1.0,0,7.2,0,0
41,1411,19,2,3,1,36,3,2,1,3072,19877,2,0,16,3,1,2,17,2,2,1,0,0,0,0,0,1,0,1,0,0,1,0,0,0,0,0,0,0,0,0,0,1,0,0,1,0,0,0.0,1024.0,0.0,0.0,8.5,0,0.111111,0,0
40,1300,24,2,1,1,62,3,2,4,3319,24447,1,0,17,3,1,2,9,3,3,9,8,4,7,0,0,1,0,1,0,0,0,0,0,0,1,0,0,0,0,0,0,1,0,0,1,0,0,0.8,1106.333333,0.4,0.7,0.9,0,10.8,0,0
45,252,1,3,3,1,70,4,5,4,19202,15970,0,0,11,3,3,1,25,2,3,24,0,1,7,0,0,1,0,1,0,0,0,0,0,1,0,0,0,0,1,0,0,0,0,0,0,1,0,0.0,3200.333333,0.04,0.28,1.0,0,11.076923,0,0
31,1327,3,4,2,1,73,3,3,3,13675,13523,9,0,12,3,1,1,9,3,3,2,2,2,2,0,1,0,0,1,0,0,0,0,1,0,0,0,0,0,0,0,1,0,0,0,1,0,0,0.666667,3418.75,0.666667,0.666667,3.0,0,1.8,0,0
33,832,5,4,3,0,63,2,1,4,2911,14776,1,0,13,3,3,1,2,2,2,2,2,0,2,0,0,1,0,1,0,0,1,0,0,0,0,0,0,0,0,0,0,1,0,0,0,1,0,0.666667,1455.5,0.0,0.666667,0.666667,0,5.333333,0,0
34,470,2,4,4,1,84,2,2,1,5957,23687,6,0,13,3,2,1,13,3,3,11,9,5,9,0,0,1,0,1,0,0,1,0,0,0,0,0,0,0,0,1,0,0,0,0,0,1,0,0.75,1985.666667,0.416667,0.75,1.083333,0,2.357143,0,0
37,1017,1,2,3,0,83,2,1,1,3920,18697,2,0,14,3,1,1,17,2,2,3,1,0,2,0,0,1,0,1,0,0,0,0,1,0,0,0,0,0,0,0,0,1,0,0,0,1,0,0.25,1960.0,0.0,0.5,4.25,0,0.333333,0,0
45,1199,7,4,1,1,77,4,2,3,6434,5118,4,0,17,3,4,1,9,1,3,3,2,0,2,0,1,0,0,1,0,0,1,0,0,0,0,0,0,0,0,1,0,0,0,0,0,1,0,0.5,2144.666667,0.0,0.5,2.25,0,2.7,0,0
37,504,10,3,1,1,61,3,3,3,10048,22573,6,0,11,3,2,2,17,5,3,1,0,0,0,0,1,0,0,1,0,0,0,0,1,0,0,0,0,0,0,1,0,0,0,0,1,0,0,0.0,2512.0,0.0,0.0,8.5,0,0.5,0,1
39,505,2,4,3,0,64,3,3,3,10938,6420,0,0,25,4,4,0,20,1,3,19,6,11,8,0,1,0,0,1,0,0,0,0,0,0,1,1,0,0,0,0,0,0,0,0,0,0,1,0.3,2734.5,0.55,0.4,1.0,0,8.142857,0,0
29,665,15,3,3,1,60,3,1,4,2340,22673,1,0,19,3,1,0,6,1,3,6,5,1,5,0,0,1,0,1,0,0,1,0,0,0,0,0,0,0,0,0,0,1,0,0,0,0,1,0.714286,1170.0,0.142857,0.714286,0.857143,0,10.285714,0,0
42,916,17,2,4,0,82,4,2,1,6545,23016,3,1,13,3,3,0,10,1,3,3,2,0,2,0,0,1,0,1,0,0,1,0,0,0,0,0,0,0,0,0,0,1,0,0,0,0,1,0.5,2181.666667,0.0,0.5,2.5,4,0.818182,17,0
29,1247,20,2,4,1,45,3,2,4,6931,10732,2,0,14,3,4,1,10,2,3,3,2,0,2,0,0,1,0,0,1,0,0,1,0,0,0,0,0,0,0,0,0,0,1,0,1,0,0,0.5,2310.333333,0.0,0.5,2.5,0,3.272727,0,0
25,685,1,3,1,0,62,3,2,3,4898,7505,0,0,12,3,4,2,5,3,3,4,2,1,2,0,0,1,0,1,0,0,1,0,0,0,0,0,0,0,0,1,0,0,0,0,0,1,0,0.4,1632.666667,0.2,0.4,1.0,0,6.0,0,0
42,269,2,3,4,0,56,2,1,1,2593,8007,0,1,11,3,3,1,10,4,3,9,6,7,8,0,0,1,0,1,0,0,0,0,1,0,0,0,0,1,0,0,0,0,0,0,1,0,0,0.6,1296.5,0.7,0.8,1.0,4,2.454545,2,0
40,1416,2,2,1,1,49,3,5,3,19436,5949,0,0,19,3,4,1,22,5,3,21,7,3,9,0,0,1,0,1,0,0,0,0,1,0,0,0,0,0,0,0,1,0,0,0,1,0,0,0.318182,3239.333333,0.136364,0.409091,1.0,0,8.217391,0,0
51,833,1,3,3,1,96,3,1,4,2723,23231,1,0,11,3,2,0,1,0,2,1,0,0,0,0,0,1,0,1,0,0,1,0,0,0,0,0,0,0,0,0,0,1,0,0,0,1,0,0.0,1361.5,0.0,0.0,0.5,0,4.0,0,0
31,307,29,2,3,1,71,2,1,2,3479,11652,0,0,11,3,2,0,6,2,4,5,4,1,4,0,1,0,0,1,0,0,0,0,1,0,0,0,0,1,0,0,0,0,0,0,0,0,1,0.666667,1739.5,0.166667,0.666667,1.0,0,5.714286,0,1
32,1311,7,3,2,1,100,4,1,2,2794,26062,1,0,20,4,3,0,5,3,1,5,1,0,3,0,1,0,0,1,0,0,1,0,0,0,0,0,0,1,0,0,0,0,0,0,0,1,0,0.166667,1397.0,0.0,0.5,0.833333,0,1.666667,0,0
38,1327,2,2,4,1,39,2,2,4,5249,19682,3,0,18,3,4,1,13,0,3,8,7,7,5,1,0,0,0,0,1,0,1,0,0,0,0,0,0,0,0,0,0,0,1,0,0,1,0,0.777778,1749.666667,0.777778,0.555556,1.444444,0,6.857143,0,0
32,128,2,1,4,1,84,2,2,1,2176,19737,4,0,13,3,4,0,9,5,3,6,2,0,4,0,0,1,0,1,0,0,0,0,0,0,1,0,0,1,0,0,0,0,0,0,0,0,1,0.285714,725.333333,0.0,0.571429,1.285714,0,1.8,0,0
46,488,2,3,3,0,75,1,4,2,16872,14977,3,1,12,3,2,1,28,2,2,7,7,7,7,0,0,1,0,0,1,0,0,0,0,0,1,0,0,0,1,0,0,0,0,0,0,1,0,0.875,3374.4,0.875,0.875,3.5,3,0.965517,2,0
28,529,2,4,1,1,79,3,1,3,3485,14935,2,0,11,3,3,0,5,5,1,0,0,0,0,0,0,1,0,1,0,0,1,0,0,0,0,0,0,1,0,0,0,0,0,0,0,0,1,0.0,1742.5,0.0,0.0,5.0,0,0.0,0,1
29,1210,2,3,1,1,78,2,2,2,6644,3687,2,0,19,3,2,2,10,2,3,0,0,0,0,0,0,1,0,0,1,0,0,0,1,0,0,0,0,0,0,0,0,0,1,0,0,1,0,0.0,2214.666667,0.0,0.0,10.0,0,0.0,0,0
31,1463,23,3,2,1,64,2,2,4,5582,14408,0,0,21,4,2,1,10,2,3,9,0,7,8,0,0,1,0,1,0,0,0,0,1,0,0,1,0,0,0,0,0,0,0,0,0,1,0,0.0,1860.666667,0.7,0.8,1.0,0,9.818182,0,0
25,675,5,2,2,1,85,4,2,1,4000,18384,1,0,12,3,4,2,6,2,3,6,3,1,5,1,0,0,0,1,0,0,1,0,0,0,0,1,0,0,0,0,0,0,0,0,1,0,0,0.428571,1333.333333,0.142857,0.714286,0.857143,0,2.571429,0,0
45,1385,20,2,3,1,79,3,4,4,13496,7501,0,1,14,3,2,0,21,2,3,20,7,4,10,0,0,1,0,1,0,0,0,0,1,0,0,1,0,0,0,0,0,0,0,0,0,1,0,0.333333,2699.2,0.190476,0.47619,1.0,1,10.909091,20,0
36,1403,6,3,4,1,47,3,1,4,3210,20251,0,0,11,3,3,1,16,4,3,15,13,10,11,0,0,1,0,1,0,0,1,0,0,0,0,0,0,1,0,0,0,0,0,0,0,1,0,0.8125,1605.0,0.625,0.6875,1.0,0,10.588235,0,0
55,452,1,3,4,1,81,3,5,1,19045,18938,0,1,14,3,3,0,37,2,3,36,10,4,13,0,0,1,0,1,0,0,0,0,1,0,0,0,0,0,1,0,0,0,0,0,0,0,1,0.27027,3174.166667,0.108108,0.351351,1.0,4,2.842105,1,0
47,666,29,4,1,1,88,3,3,2,11849,10268,1,1,12,3,4,1,10,2,2,10,7,9,9,1,0,0,0,1,0,0,1,0,0,0,0,0,0,0,1,0,0,0,0,0,0,1,0,0.636364,2962.25,0.818182,0.818182,0.909091,3,3.636364,29,1
28,1158,9,3,4,1,94,3,1,4,2070,2613,1,0,23,4,4,1,5,3,2,5,2,0,4,0,0,1,0,1,0,0,0,0,1,0,0,0,0,0,0,0,0,1,0,0,0,1,0,0.333333,1035.0,0.0,0.666667,0.833333,0,6.666667,0,0
37,228,6,4,3,1,98,3,2,4,6502,22825,4,0,14,3,2,1,7,5,4,5,4,0,1,0,0,1,0,0,1,0,0,0,1,0,0,0,0,0,0,0,0,0,1,0,0,1,0,0.666667,2167.333333,0.0,0.166667,1.166667,0,10.0,0,0
21,996,3,2,4,1,100,2,1,3,3230,10531,1,0,17,3,1,0,3,4,4,3,2,1,0,0,0,1,0,1,0,0,0,0,1,0,0,0,0,0,0,0,0,1,0,0,0,0,1,0.5,1615.0,0.25,0.0,0.75,0,9.0,0,0
37,728,1,4,1,0,80,3,3,4,13603,11677,2,1,18,3,1,2,15,2,3,5,2,0,2,1,0,0,0,1,0,0,0,0,1,0,0,0,0,0,0,0,1,0,0,0,1,0,0,0.333333,3400.75,0.0,0.333333,2.5,1,3.75,1,0
35,1315,22,3,2,0,71,4,3,2,11996,19100,7,0,18,3,2,1,10,6,2,7,7,6,2,0,0,1,0,1,0,0,1,0,0,0,0,0,0,0,1,0,0,0,0,0,1,0,0,0.875,2999.0,0.75,0.25,1.25,0,2.545455,0,0
38,322,7,2,1,0,44,4,2,1,5605,19191,1,1,24,4,3,1,8,3,3,8,0,7,7,0,0,1,0,0,1,0,0,0,1,0,0,0,0,0,0,0,0,0,1,0,1,0,0,0.0,1868.333333,0.777778,0.777778,0.888889,4,2.666667,7,0
26,1479,1,3,3,0,84,3,2,2,6397,26767,1,0,20,4,1,1,6,6,1,6,5,1,4,0,1,0,0,1,0,0,1,0,0,0,0,0,0,0,0,1,0,0,0,0,1,0,0,0.714286,2132.333333,0.142857,0.571429,0.857143,0,1.714286,0,0
50,797,4,1,1,1,96,3,5,2,19144,15815,3,0,14,3,1,2,28,4,2,10,4,1,6,0,0,1,0,1,0,0,1,0,0,0,0,0,0,0,0,0,1,0,0,0,1,0,0,0.363636,3190.666667,0.090909,0.545455,2.545455,0,1.37931,0,0
53,1070,3,4,3,1,45,3,4,3,17584,21016,3,1,16,3,4,3,21,5,2,5,3,1,3,0,0,1,0,1,0,0,0,0,1,0,0,0,0,0,0,0,1,0,0,0,0,1,0,0.5,3516.8,0.166667,0.5,3.5,2,1.363636,3,0
42,635,1,1,2,1,99,3,2,3,4907,24532,1,0,25,4,3,0,20,3,3,20,16,11,6,0,0,1,0,0,1,0,1,0,0,0,0,0,0,0,0,0,0,0,1,0,0,1,0,0.761905,1635.666667,0.52381,0.285714,0.952381,0,8.571429,0,0
29,442,2,2,2,1,44,3,2,4,4554,20260,1,0,18,3,1,0,10,3,2,10,7,0,9,0,1,0,0,0,1,0,1,0,0,0,0,0,0,0,0,0,0,0,1,0,0,0,1,0.636364,1518.0,0.0,0.818182,0.909091,0,7.272727,0,0
55,147,20,2,2,1,37,3,2,4,5415,15972,3,1,19,3,4,1,12,4,3,10,7,0,8,0,0,1,0,1,0,0,0,0,0,0,1,0,0,1,0,0,0,0,0,0,0,1,0,0.636364,1805.0,0.0,0.727273,1.090909,1,9.230769,20,0
26,496,11,2,1,1,60,3,2,1,4741,22722,1,1,13,3,3,1,5,3,3,5,3,3,3,0,1,0,0,1,0,0,0,0,1,0,0,1,0,0,0,0,0,0,0,0,0,1,0,0.5,1580.333333,0.5,0.5,0.833333,4,2.5,11,0
37,1372,1,3,4,0,42,3,1,4,2115,15881,1,0,12,3,2,0,17,3,3,17,12,5,7,0,0,1,0,1,0,0,1,0,0,0,0,0,0,0,0,0,0,1,0,0,0,0,1,0.666667,1057.5,0.277778,0.388889,0.944444,0,11.333333,0,0
44,920,24,3,4,1,43,3,1,3,3161,19920,3,1,22,4,4,1,19,0,1,1,0,0,0,0,1,0,0,1,0,0,1,0,0,0,0,0,0,1,0,0,0,0,0,0,1,0,0,0.0,1580.5,0.0,0.0,9.5,2,0.15,24,1
38,688,23,4,4,1,82,3,2,4,5745,18899,9,0,14,3,2,1,10,2,3,2,2,1,2,0,0,1,0,1,0,0,1,0,0,0,0,1,0,0,0,0,0,0,0,0,1,0,0,0.666667,1915.0,0.333333,0.666667,3.333333,0,2.181818,0,0
26,1449,16,4,1,1,45,3,1,2,2373,14180,2,1,13,3,4,1,5,2,3,3,2,0,2,0,0,1,0,1,0,0,0,0,1,0,0,0,0,1,0,0,0,0,0,0,1,0,0,0.5,1186.5,0.0,0.5,1.25,3,3.0,16,1
28,1117,8,2,4,0,66,3,1,4,3310,4488,1,0,21,4,4,0,5,3,3,5,3,0,2,0,0,1,0,1,0,0,1,0,0,0,0,0,0,0,0,0,0,1,0,0,0,0,1,0.5,1655.0,0.0,0.333333,0.833333,0,10.0,0,0
49,636,10,4,3,0,35,3,5,1,18665,25594,9,1,11,3,4,0,22,4,3,3,2,1,2,0,1,0,0,1,0,0,1,0,0,0,0,0,0,0,0,0,1,0,0,0,0,0,1,0.5,3110.833333,0.25,0.5,5.5,4,0.391304,10,0
36,506,3,3,3,1,30,3,2,2,4485,26285,4,0,12,3,4,0,10,2,3,8,0,7,7,0,0,1,0,1,0,0,0,0,0,0,1,0,0,0,0,0,0,1,0,0,0,0,1,0.0,1495.0,0.777778,0.777778,1.111111,0,4.363636,0,0
31,444,5,3,4,0,84,3,1,2,2789,3909,1,0,11,3,3,1,2,5,2,2,2,2,2,0,1,0,0,0,1,0,0,1,0,0,0,0,0,0,0,0,0,0,0,1,1,0,0,0.666667,1394.5,0.666667,0.666667,0.666667,0,2.666667,0,0
26,950,4,4,4,1,48,2,2,4,5828,8450,1,1,12,3,2,0,8,0,3,8,7,7,4,0,0,1,0,0,1,0,0,1,0,0,0,0,0,0,0,0,0,0,1,0,0,0,1,0.777778,1942.666667,0.777778,0.444444,0.888889,1,10.666667,4,1
37,889,9,3,2,1,53,3,1,4,2326,11411,1,1,12,3,3,3,4,3,2,4,2,1,2,0,1,0,0,1,0,0,0,0,1,0,0,0,0,0,0,0,0,1,0,0,0,1,0,0.4,1163.0,0.2,0.4,0.8,1,6.4,9,0
42,555,26,3,3,0,77,3,4,2,13525,14864,5,0,14,3,4,1,23,2,4,20,4,4,8,0,1,0,0,0,1,0,0,1,0,0,0,0,0,0,0,0,0,0,1,0,0,1,0,0.190476,2705.0,0.190476,0.380952,1.095238,0,6.666667,0,0
18,230,3,3,3,1,54,3,1,3,1420,25233,1,0,13,3,3,0,0,2,3,0,0,0,0,0,0,1,0,1,0,0,1,0,0,0,0,0,0,1,0,0,0,0,0,0,0,0,1,0.0,710.0,0.0,0.0,0.0,0,0.0,0,1
35,1232,16,3,3,1,96,3,3,2,8020,5100,0,0,15,3,3,2,12,3,2,11,9,6,9,0,0,1,0,0,1,0,0,1,0,0,0,0,0,0,0,0,0,0,1,0,0,1,0,0.75,2005.0,0.5,0.75,1.0,0,3.384615,0,0
36,566,18,4,3,1,81,4,1,4,3688,7122,4,0,18,3,4,2,4,2,3,1,0,0,0,0,1,0,0,1,0,0,1,0,0,0,0,0,0,1,0,0,0,0,0,0,0,1,0,0.0,1844.0,0.0,0.0,2.0,0,2.4,0,0
51,1302,2,3,4,1,84,1,2,2,5482,16321,5,0,18,3,4,1,13,3,3,4,1,1,2,0,0,1,0,1,0,0,0,0,1,0,0,0,0,0,0,1,0,0,0,0,1,0,0,0.2,1827.333333,0.2,0.4,2.6,0,1.714286,0,0
41,334,2,4,4,1,88,3,4,2,16015,15896,1,0,19,3,2,0,22,2,3,22,10,0,4,0,0,1,0,0,1,0,1,0,0,0,0,0,0,0,1,0,0,0,0,0,0,0,1,0.434783,3203.0,0.0,0.173913,0.956522,0,5.73913,0,0
18,812,10,3,4,0,69,2,1,3,1200,9724,1,0,12,3,1,0,0,2,3,0,0,0,0,0,0,1,0,0,1,0,0,0,1,0,0,0,0,0,0,0,0,0,0,1,0,0,1,0.0,600.0,0.0,0.0,0.0,0,0.0,0,0
28,1476,16,2,2,1,68,4,2,1,5661,4824,0,0,19,3,3,0,9,2,3,8,3,0,7,0,0,1,0,1,0,0,0,0,1,0,0,1,0,0,0,0,0,0,0,0,0,0,1,0.333333,1887.0,0.0,0.777778,1.0,0,2.4,0,0
31,218,7,3,2,1,100,4,2,4,6929,12241,4,0,11,3,2,1,10,3,2,8,7,7,7,0,0,1,0,0,1,0,0,0,0,0,1,0,0,0,0,0,0,0,1,0,0,1,0,0.777778,2309.666667,0.777778,0.777778,1.111111,0,5.818182,0,0
39,1132,1,3,3,1,48,4,3,4,9613,10942,0,0,17,3,1,3,19,5,2,18,10,3,7,0,0,1,0,1,0,0,0,0,1,0,0,1,0,0,0,0,0,0,0,0,1,0,0,0.526316,2403.25,0.157895,0.368421,1.0,0,7.2,0,0
36,1105,24,4,2,0,47,3,2,2,5674,6927,7,0,15,3,3,1,11,3,3,9,8,0,8,1,0,0,0,1,0,0,1,0,0,0,0,0,0,1,0,0,0,0,0,0,0,1,0,0.8,1891.333333,0.0,0.8,1.1,0,4.5,0,0
32,906,7,3,4,1,91,2,2,3,5484,16985,1,0,14,3,3,1,13,3,2,13,8,4,8,0,0,1,0,0,1,0,1,0,0,0,0,0,0,0,0,0,0,0,1,0,0,1,0,0.571429,1828.0,0.285714,0.571429,0.928571,0,5.571429,0,0
38,849,25,2,1,0,81,2,3,2,12061,26707,3,0,17,3,3,1,19,2,3,10,8,0,1,0,0,1,0,1,0,0,1,0,0,0,0,0,0,0,0,0,1,0,0,0,0,1,0,0.727273,3015.25,0.0,0.090909,1.727273,0,3.0,0,0
58,390,1,4,4,1,32,1,2,3,5660,17056,2,1,13,3,4,1,12,2,3,5,3,1,2,1,0,0,0,1,0,0,1,0,0,0,0,1,0,0,0,0,0,0,0,0,1,0,0,0.5,1886.666667,0.166667,0.333333,2.0,2,3.461538,1,0
31,691,5,4,3,1,86,3,1,4,4821,10077,0,1,12,3,3,1,6,4,3,5,2,0,3,0,0,1,0,1,0,0,0,0,0,0,1,0,0,0,0,0,0,1,0,0,0,1,0,0.333333,2410.5,0.0,0.5,1.0,1,8.571429,5,0
31,106,2,3,1,1,62,2,2,1,6410,17822,3,0,12,3,4,0,9,1,3,2,2,1,0,0,0,1,1,0,0,1,0,0,0,0,0,0,1,0,0,0,0,0,0,0,0,1,0,0.666667,2136.666667,0.333333,0.0,3.0,0,0.6,0,0
45,1249,7,3,1,1,97,3,3,1,5210,20308,1,0,18,3,1,1,24,2,3,24,9,9,11,0,1,0,0,1,0,0,1,0,0,0,0,0,0,1,0,0,0,0,0,0,1,0,0,0.36,1302.5,0.36,0.44,0.96,0,2.88,0,0
31,192,2,4,3,1,32,3,1,4,2695,7747,0,1,18,3,2,1,3,2,1,2,2,2,2,0,0,1,0,1,0,0,1,0,0,0,0,0,0,0,0,0,0,1,0,0,1,0,0,0.666667,1347.5,0.666667,0.666667,1.0,1,2.0,2,0
33,553,5,4,4,0,74,3,3,2,11878,23364,6,0,11,3,2,2,12,2,3,10,6,8,8,0,1,0,0,1,0,0,1,0,0,0,0,0,0,0,1,0,0,0,0,0,0,1,0,0.545455,2969.5,0.727273,0.727273,1.090909,0,4.615385,0,0
39,117,10,1,3,1,99,3,4,1,17068,5355,1,1,14,3,4,0,21,3,3,21,9,11,10,0,0,1,0,1,0,0,0,0,1,0,0,0,0,0,1,0,0,0,0,0,0,1,0,0.409091,3413.6,0.5,0.454545,0.954545,4,2.863636,10,0
43,185,10,4,3,0,33,3,1,4,2455,10675,0,0,19,3,1,0,9,5,3,8,7,1,7,0,1,0,0,1,0,0,1,0,0,0,0,0,0,1,0,0,0,0,0,0,0,0,1,0.777778,1227.5,0.111111,0.777778,1.0,0,9.6,0,0
49,1091,1,2,3,0,90,2,4,3,13964,17810,7,1,12,3,4,0,25,2,3,7,1,0,7,0,0,1,0,1,0,0,0,0,0,0,1,1,0,0,0,0,0,0,0,0,0,0,1,0.125,2792.8,0.0,0.875,3.125,2,2.423077,1,0
52,723,8,4,3,1,85,2,2,2,4941,17747,2,0,15,3,1,0,11,3,2,8,2,7,7,0,0,1,0,1,0,0,0,0,1,0,0,0,0,0,0,0,0,1,0,0,0,1,0,0.222222,1647.0,0.777778,0.777778,1.222222,0,2.666667,0,1
27,1220,5,3,3,0,85,3,1,2,2478,20938,1,1,12,3,2,0,4,2,2,4,3,1,2,0,0,1,0,1,0,0,1,0,0,0,0,0,0,0,0,0,0,1,0,0,0,0,1,0.6,1239.0,0.2,0.4,0.8,3,3.2,5,0
32,588,8,2,3,0,65,2,2,2,5228,24624,1,1,11,3,4,0,13,2,3,13,12,11,9,0,0,1,0,0,1,0,0,0,0,0,1,0,0,0,0,0,0,0,1,0,0,1,0,0.857143,1742.666667,0.785714,0.642857,0.928571,3,5.571429,8,0
27,1377,2,3,4,1,74,3,2,3,4478,5242,1,1,11,3,1,0,5,3,3,5,4,0,4,0,0,1,0,0,1,0,1,0,0,0,0,0,0,0,0,0,0,0,1,0,0,0,1,0.666667,1492.666667,0.0,0.666667,0.833333,2,7.5,2,0
31,691,7,3,4,1,73,3,2,4,7547,7143,4,0,12,3,4,3,13,3,3,7,7,1,7,0,0,1,0,0,1,0,0,1,0,0,0,0,0,0,0,0,0,0,1,0,1,0,0,0.875,2515.666667,0.125,0.875,1.625,0,6.0,0,0
32,1018,2,4,1,0,74,4,2,4,5055,10557,7,0,16,3,3,0,10,0,2,7,7,0,7,0,0,1,0,1,0,0,0,0,1,0,0,0,0,0,0,0,0,1,0,0,0,0,1,0.875,1685.0,0.0,0.875,1.25,0,5.090909,0,0
28,1157,2,4,1,1,84,1,1,4,3464,24737,5,1,13,3,4,0,5,4,2,3,2,2,2,0,0,1,0,1,0,0,0,0,1,0,0,0,0,0,0,0,0,1,0,0,0,1,0,0.5,1732.0,0.5,0.5,1.25,1,4.0,2,1
30,1275,28,2,4,0,64,3,2,4,5775,11934,1,0,13,3,4,2,11,2,3,10,8,1,9,0,0,1,0,1,0,0,0,0,1,0,0,0,0,0,0,0,0,1,0,0,0,1,0,0.727273,1925.0,0.090909,0.818182,1.0,0,10.0,0,0
31,798,7,2,3,0,48,2,3,3,8943,14034,1,0,24,4,1,1,10,2,3,10,9,8,9,0,1,0,0,1,0,0,1,0,0,0,0,0,0,0,0,1,0,0,0,0,0,1,0,0.818182,2235.75,0.727273,0.818182,0.909091,0,8.181818,0,0
39,672,7,2,3,1,54,2,5,4,19272,21141,1,0,15,3,1,1,21,2,3,21,9,13,3,0,1,0,0,1,0,0,0,0,1,0,0,0,0,0,1,0,0,0,0,0,0,1,0,0.409091,3212.0,0.590909,0.136364,0.954545,0,11.454545,0,0
39,1162,3,2,4,0,41,3,2,3,5238,17778,4,1,18,3,1,0,12,3,2,1,0,0,0,0,0,1,0,0,1,0,0,0,1,0,0,0,0,0,0,0,0,0,1,0,0,1,0,0.0,1746.0,0.0,0.0,6.0,2,0.461538,3,1
33,508,10,3,2,1,46,2,2,4,4682,4317,3,0,14,3,3,0,9,6,2,7,7,0,1,0,1,0,0,0,1,0,0,1,0,0,0,0,0,0,0,0,0,0,1,0,0,0,1,0.875,1560.666667,0.0,0.125,1.125,0,5.6,0,0
47,1482,5,5,4,1,42,3,5,3,18300,16375,4,0,11,3,2,1,21,2,3,3,2,1,1,0,0,1,0,1,0,0,1,0,0,0,0,0,0,0,0,0,1,0,0,0,0,1,0,0.5,3050.0,0.25,0.25,5.25,0,1.227273,0,0
43,559,10,4,3,0,82,2,2,3,5257,6227,1,0,11,3,2,1,9,3,4,9,7,0,0,0,1,0,0,1,0,0,1,0,0,0,0,0,0,1,0,0,0,0,0,0,1,0,0,0.7,1752.333333,0.0,0.0,0.9,0,10.8,0,0
27,210,1,1,3,1,73,3,2,2,6349,22107,0,1,13,3,4,1,6,0,3,5,4,1,4,1,0,0,0,0,1,0,0,1,0,0,0,0,0,0,0,0,0,0,1,0,0,1,0,0.666667,2116.333333,0.166667,0.666667,1.0,3,4.285714,1,0
54,928,20,4,4,0,31,3,2,3,4869,16885,3,0,12,3,4,0,20,4,2,4,3,0,3,0,1,0,0,1,0,0,1,0,0,0,0,0,0,0,0,0,0,1,0,0,0,0,1,0.6,1623.0,0.0,0.6,4.0,0,1.142857,0,0
43,1001,7,3,3,0,43,3,3,1,9985,9262,8,0,16,3,1,1,10,1,2,1,0,0,0,0,0,1,0,1,0,0,1,0,0,0,0,1,0,0,0,0,0,0,0,0,0,1,0,0.0,2496.25,0.0,0.0,5.0,0,0.181818,0,0
45,549,8,4,4,1,75,3,2,4,3697,9278,9,0,14,3,1,2,12,3,3,10,9,9,8,0,0,1,0,1,0,0,0,0,0,1,0,0,0,0,0,0,0,1,0,0,0,1,0,0.818182,1232.333333,0.818182,0.727273,1.090909,0,9.230769,0,0
40,1124,1,2,2,1,57,1,2,4,7457,13273,2,1,22,4,3,3,6,2,2,4,3,0,2,0,0,1,0,0,1,0,0,0,1,0,0,0,0,0,0,0,0,0,1,0,0,1,0,0.6,2485.666667,0.0,0.4,1.2,1,4.571429,1,0
29,318,8,4,2,1,77,1,1,1,2119,4759,1,1,11,3,4,0,7,4,2,7,7,0,7,0,0,1,0,1,0,0,0,0,0,1,0,0,0,1,0,0,0,0,0,0,0,1,0,0.875,1059.5,0.0,0.875,0.875,4,1.75,8,1
29,738,9,5,2,1,30,2,1,4,3983,7621,0,0,17,3,3,0,4,2,3,3,2,2,2,0,0,1,0,1,0,0,0,0,0,1,0,0,0,1,0,0,0,0,0,0,0,0,1,0.5,1991.5,0.5,0.5,1.0,0,7.2,0,0
30,570,5,3,4,0,30,2,2,3,6118,5431,1,0,13,3,3,3,10,2,3,10,9,1,2,0,0,1,0,0,1,0,0,1,0,0,0,0,0,0,0,0,0,0,1,0,1,0,0,0.818182,2039.333333,0.090909,0.181818,0.909091,0,8.181818,0,0
27,1130,8,4,2,0,56,3,2,2,6214,3415,1,0,18,3,1,1,8,3,3,8,7,0,7,0,0,1,0,0,1,0,0,1,0,0,0,0,0,0,0,0,0,0,1,0,0,1,0,0.777778,2071.333333,0.0,0.777778,0.888889,0,5.333333,0,0
37,1192,5,2,4,1,61,3,2,4,6347,23177,7,0,16,3,3,2,8,2,2,6,2,0,4,0,0,1,0,1,0,0,0,0,1,0,0,0,0,0,0,1,0,0,0,0,1,0,0,0.285714,2115.666667,0.0,0.571429,1.142857,0,5.333333,0,0
38,343,15,2,3,1,92,2,3,4,11510,15682,0,1,14,3,2,1,12,3,3,11,10,2,9,0,0,1,0,1,0,0,1,0,0,0,0,0,0,0,0,0,1,0,0,0,1,0,0,0.833333,2877.5,0.166667,0.75,1.0,1,10.153846,15,0
31,1232,7,4,3,0,39,3,3,4,7143,25713,1,1,14,3,3,0,11,2,2,11,9,4,10,0,0,1,0,1,0,0,0,0,1,0,0,0,0,0,0,1,0,0,0,0,0,0,1,0.75,1785.75,0.333333,0.833333,0.916667,1,7.333333,7,0
29,144,10,1,4,0,39,2,2,2,8268,11866,1,1,14,3,1,2,7,2,3,7,7,1,7,0,0,1,0,0,1,0,0,1,0,0,0,0,0,0,0,0,0,0,1,0,1,0,0,0.875,2756.0,0.125,0.875,0.875,3,5.25,10,0
35,1296,5,4,3,1,62,3,3,2,8095,18264,0,0,13,3,4,0,17,5,3,16,6,0,13,0,0,1,0,1,0,0,0,0,0,0,1,0,0,0,0,1,0,0,0,0,0,0,1,0.352941,2023.75,0.0,0.764706,1.0,0,5.333333,0,0
23,1309,26,1,3,1,83,3,1,4,2904,16092,1,0,12,3,3,2,4,2,2,4,2,0,2,0,0,1,0,1,0,0,1,0,0,0,0,0,0,0,0,0,0,1,0,0,1,0,0,0.4,1452.0,0.0,0.4,0.8,0,6.4,0,0
41,483,6,3,4,1,95,2,2,2,6032,10110,6,1,15,3,4,0,8,3,3,5,4,1,2,0,0,1,0,1,0,0,0,0,1,0,0,0,0,0,0,1,0,0,0,0,0,0,1,0.666667,2010.666667,0.166667,0.333333,1.333333,3,3.333333,6,0
47,1309,4,1,2,1,99,3,2,3,2976,25751,3,0,19,3,1,0,5,3,3,0,0,0,0,0,1,0,0,0,1,0,0,0,1,0,0,0,0,0,0,0,0,0,0,1,0,0,1,0.0,992.0,0.0,0.0,5.0,0,0.0,0,0
42,810,23,5,1,0,44,3,4,4,15992,15901,2,0,14,3,2,0,16,2,3,1,0,0,0,0,0,1,0,1,0,0,1,0,0,0,0,0,0,0,0,0,1,0,0,0,0,0,1,0.0,3198.4,0.0,0.0,8.0,0,0.705882,0,0
29,746,2,3,4,1,61,3,2,3,4649,16928,1,0,14,3,1,1,4,3,2,4,3,0,2,1,0,0,0,0,1,0,1,0,0,0,0,0,0,0,0,0,0,0,1,0,0,1,0,0.6,1549.666667,0.0,0.4,0.8,0,4.8,0,0
42,544,2,1,3,1,52,3,1,3,2696,24017,0,1,11,3,3,1,4,5,3,3,2,1,0,0,0,1,1,0,0,0,0,0,0,0,1,0,1,0,0,0,0,0,0,0,1,0,0,0.5,1348.0,0.25,0.0,1.0,2,5.4,2,0
32,1062,2,3,3,0,75,3,1,2,2370,3956,1,0,13,3,3,1,8,4,3,8,0,0,7,0,0,1,0,1,0,0,0,0,1,0,0,0,0,1,0,0,0,0,0,0,0,1,0,0.0,1185.0,0.0,0.777778,0.888889,0,5.333333,0,0
48,530,29,1,1,0,91,3,3,3,12504,23978,3,0,21,4,2,1,15,3,1,0,0,0,0,0,0,1,0,0,1,0,0,0,1,0,0,0,0,0,1,0,0,0,0,0,0,1,0,0.0,3126.0,0.0,0.0,15.0,0,0.0,0,0
37,1319,6,3,3,1,51,4,2,1,5974,17001,4,1,13,3,1,2,13,2,3,7,7,6,7,0,0,1,0,1,0,0,0,0,1,0,0,0,0,0,0,0,0,1,0,0,1,0,0,0.875,1991.333333,0.75,0.875,1.625,4,1.5,6,0
30,641,25,2,4,0,85,3,2,3,4736,6069,7,1,12,3,2,1,4,2,4,2,2,2,2,1,0,0,0,0,1,0,0,0,0,0,1,0,0,0,0,0,0,0,1,0,0,1,0,0.666667,1578.666667,0.666667,0.666667,1.333333,2,4.8,25,0
26,933,1,3,3,1,57,3,2,3,5296,20156,1,0,17,3,2,1,8,3,3,8,7,7,7,0,0,1,0,0,1,0,1,0,0,0,0,0,0,0,0,0,0,0,1,0,0,1,0,0.777778,1765.333333,0.777778,0.777778,0.888889,0,8.0,0,0
42,1332,2,4,1,1,98,2,2,4,6781,17078,3,0,23,4,2,0,14,6,3,1,0,0,0,0,0,1,0,1,0,0,0,0,0,1,0,1,0,0,0,0,0,0,0,0,0,0,1,0.0,2260.333333,0.0,0.0,7.0,0,0.8,0,0
21,756,1,1,1,0,99,2,1,2,2174,9150,1,1,11,3,3,0,3,3,3,3,2,1,2,0,1,0,0,0,1,0,0,0,0,0,1,0,0,0,0,0,0,0,0,1,0,0,1,0.5,1087.0,0.25,0.5,0.75,3,4.5,1,1
36,845,1,5,4,0,45,3,2,4,6653,15276,4,0,15,3,2,0,7,6,3,1,0,0,0,1,0,0,0,0,1,0,0,0,1,0,0,0,0,0,0,0,0,0,1,0,0,0,1,0.0,2217.666667,0.0,0.0,3.5,0,1.5,0,0
36,541,3,4,1,1,48,2,3,4,9699,7246,4,0,11,3,1,1,16,2,3,13,9,1,12,0,1,0,0,0,1,0,0,0,1,0,0,0,0,0,0,0,0,0,1,0,0,1,0,0.642857,2424.75,0.071429,0.857143,1.142857,0,9.176471,0,0
57,593,1,4,4,1,88,3,2,3,6755,2967,2,0,11,3,3,0,15,2,3,3,2,1,2,0,0,1,0,1,0,0,0,0,1,0,0,1,0,0,0,0,0,0,0,0,0,1,0,0.5,2251.666667,0.25,0.5,3.75,0,1.6875,0,0
40,1171,10,4,4,0,46,4,1,3,2213,22495,3,1,13,3,3,1,10,3,3,7,7,1,7,0,0,1,0,1,0,0,1,0,0,0,0,0,0,1,0,0,0,0,0,0,0,1,0,0.875,1106.5,0.125,0.875,1.25,2,5.727273,10,0
21,895,9,2,1,1,39,3,1,4,2610,2851,1,0,24,4,3,0,3,3,2,3,2,2,2,1,0,0,0,0,1,0,0,0,1,0,0,0,0,0,0,0,0,0,0,1,0,0,1,0.5,1305.0,0.5,0.5,0.75,0,6.0,0,0
33,350,5,3,4,0,34,3,1,3,2851,9150,1,1,13,3,2,0,1,2,3,1,0,0,0,0,0,1,0,0,1,0,0,1,0,0,0,0,0,0,0,0,0,0,0,1,0,0,1,0.0,1425.5,0.0,0.0,0.5,2,4.5,5,1
37,921,10,3,3,0,98,3,1,1,3452,17663,6,0,20,4,2,1,17,3,3,5,4,0,3,0,0,1,0,1,0,0,0,0,1,0,0,0,0,1,0,0,0,0,0,0,0,1,0,0.666667,1726.0,0.0,0.5,2.833333,0,0.833333,0,0
46,1144,7,4,3,0,30,3,2,3,5258,16044,2,0,14,3,3,0,7,2,4,1,0,0,0,1,0,0,0,1,0,0,0,0,1,0,0,0,0,0,0,1,0,0,0,0,0,1,0,0.0,1752.666667,0.0,0.0,3.5,0,1.5,0,0
41,143,4,3,1,1,56,3,2,2,9355,9558,1,0,18,3,3,0,8,5,3,8,7,7,7,0,1,0,0,0,1,0,0,1,0,0,0,0,0,0,0,0,0,0,1,0,0,0,1,0.777778,3118.333333,0.777778,0.777778,0.888889,0,5.333333,0,1
50,1046,10,3,4,1,100,2,3,4,10496,2755,6,0,15,3,4,0,20,2,3,4,3,1,3,0,0,1,0,1,0,0,0,0,0,0,1,1,0,0,0,0,0,0,0,0,0,0,1,0.6,2624.0,0.2,0.6,4.0,0,2.285714,0,0
40,575,22,2,3,1,68,2,2,3,6380,6110,2,1,12,3,1,2,8,6,3,6,4,1,0,0,0,1,0,0,1,0,0,1,0,0,0,0,0,0,0,0,0,0,1,0,0,1,0,0.571429,2126.666667,0.142857,0.0,1.142857,2,6.0,22,1
31,408,9,4,3,1,42,2,1,2,2657,7551,0,1,16,3,4,0,3,5,3,2,2,2,2,0,0,1,0,1,0,0,1,0,0,0,0,0,0,0,0,0,0,1,0,0,0,0,1,0.666667,1328.5,0.666667,0.666667,1.0,3,3.0,9,0
21,156,12,3,3,0,90,4,1,2,2716,25422,1,0,15,3,4,0,1,0,3,1,0,0,0,0,0,1,0,0,1,0,1,0,0,0,0,0,0,0,0,0,0,0,0,1,0,0,1,0.0,1358.0,0.0,0.0,0.5,0,3.0,0,1
29,1283,23,3,4,1,54,3,1,4,2201,18168,9,0,16,3,4,0,6,4,3,3,2,1,2,0,0,1,0,1,0,0,1,0,0,0,0,0,0,0,0,0,0,1,0,0,0,0,1,0.5,1100.5,0.25,0.5,1.5,0,5.142857,0,0
35,755,9,4,3,1,97,2,2,2,6540,19394,9,0,19,3,3,0,10,5,3,1,1,0,0,0,0,1,0,1,0,0,1,0,0,0,0,1,0,0,0,0,0,0,0,0,0,0,1,0.5,2180.0,0.0,0.0,5.0,0,0.545455,0,0
27,1469,1,2,4,1,82,3,1,2,3816,17881,1,0,11,3,2,1,5,2,3,5,2,0,4,0,0,1,0,1,0,0,0,0,1,0,0,0,0,1,0,0,0,0,0,0,1,0,0,0.333333,1908.0,0.0,0.666667,0.833333,0,5.0,0,0
28,304,9,4,2,1,92,3,2,4,5253,20750,1,0,16,3,4,0,7,1,3,7,5,0,7,0,0,1,0,0,1,0,1,0,0,0,0,0,0,0,0,0,0,0,1,0,0,0,1,0.625,1751.0,0.0,0.875,0.875,0,10.5,0,0
49,1261,7,3,2,1,31,2,3,3,10965,12066,8,0,24,4,3,0,26,2,3,5,2,0,0,0,0,1,0,1,0,0,0,0,0,1,0,1,0,0,0,0,0,0,0,0,0,0,1,0.333333,2741.25,0.0,0.0,4.333333,0,1.666667,0,0
51,1178,14,2,3,0,87,3,2,4,4936,14862,4,0,11,3,3,1,18,2,2,7,7,0,7,0,0,1,0,0,1,0,1,0,0,0,0,0,0,0,0,0,0,0,1,0,0,1,0,0.875,1645.333333,0.0,0.875,2.25,0,2.947368,0,0
36,329,2,3,4,0,96,3,1,3,2543,11868,4,0,13,3,2,1,6,3,3,2,2,2,2,0,0,1,0,1,0,0,1,0,0,0,0,0,0,0,0,0,0,1,0,0,0,1,0,0.666667,1271.5,0.666667,0.666667,2.0,0,2.571429,0,0
34,1362,19,3,1,1,67,4,2,4,5304,4652,8,1,13,3,2,0,9,3,2,5,2,0,4,1,0,0,0,0,1,0,0,1,0,0,0,0,0,0,0,0,0,0,1,0,0,0,1,0.333333,1768.0,0.0,0.666667,1.5,1,4.0,19,1
55,1311,2,3,3,0,97,3,4,4,16659,23258,2,1,13,3,3,0,30,2,3,5,4,1,2,0,0,1,0,1,0,0,1,0,0,0,0,0,0,0,1,0,0,0,0,0,0,0,1,0.666667,3331.8,0.166667,0.333333,5.0,1,1.935484,2,0
24,1371,10,4,4,0,77,3,2,3,4260,5915,1,1,12,3,4,1,5,2,4,5,2,0,3,0,0,1,0,0,1,0,0,1,0,0,0,0,0,0,0,0,0,0,1,0,1,0,0,0.333333,1420.0,0.0,0.5,0.833333,2,10.0,10,0
30,202,2,1,3,1,72,3,1,2,2476,17434,1,0,18,3,1,1,1,3,3,1,0,0,0,0,0,1,0,0,1,0,0,0,0,0,1,0,0,0,0,0,0,0,0,1,0,1,0,0.0,1238.0,0.0,0.0,0.5,0,3.0,0,0
26,575,3,1,3,1,73,3,1,1,3102,6582,0,0,22,4,3,0,7,2,3,6,4,0,4,0,1,0,0,1,0,0,0,0,0,0,1,0,0,0,0,0,0,1,0,0,0,0,1,0.571429,1551.0,0.0,0.571429,1.0,0,2.25,0,1
22,253,11,3,1,0,43,3,1,2,2244,24440,1,0,13,3,4,1,2,1,3,2,1,1,2,0,0,1,0,1,0,0,0,0,1,0,0,0,0,0,0,0,0,1,0,0,0,1,0,0.333333,1122.0,0.333333,0.666667,0.666667,0,4.0,0,0
36,164,2,2,2,1,61,2,3,3,7596,3809,1,0,13,3,2,2,10,2,3,10,9,9,0,0,0,1,0,0,1,0,0,0,1,0,0,0,0,0,0,0,0,0,1,0,0,1,0,0.818182,1899.0,0.818182,0.0,0.909091,0,8.181818,0,0
30,464,4,3,3,1,40,3,1,4,2285,3427,9,1,23,4,3,0,3,4,3,1,0,0,0,0,1,0,0,1,0,0,0,0,0,0,1,0,0,0,0,0,0,1,0,0,0,0,1,0.0,1142.5,0.0,0.0,1.5,1,3.0,4,1
37,1107,14,3,4,0,95,3,1,1,3034,26914,1,0,12,3,3,1,18,2,2,18,7,12,17,0,0,1,0,1,0,0,1,0,0,0,0,0,0,1,0,0,0,0,0,0,1,0,0,0.368421,1517.0,0.631579,0.894737,0.947368,0,1.894737,0,0
40,759,2,2,4,0,46,3,2,2,5715,22553,7,0,12,3,3,2,8,5,3,5,4,1,3,0,0,1,0,0,1,0,0,1,0,0,0,0,0,0,0,0,0,0,1,0,1,0,0,0.666667,1905.0,0.166667,0.5,1.333333,0,3.333333,0,0
42,201,1,4,2,0,95,3,1,1,2576,20490,3,0,16,3,2,1,8,5,3,5,2,1,2,0,0,1,0,1,0,0,1,0,0,0,0,0,0,1,0,0,0,0,0,0,1,0,0,0.333333,1288.0,0.166667,0.333333,1.333333,0,1.666667,0,0
37,1305,10,4,3,1,49,3,2,2,4197,21123,2,1,12,3,4,0,18,2,2,1,0,0,1,0,0,1,0,1,0,0,1,0,0,0,0,0,0,0,0,1,0,0,0,0,0,0,1,0.0,1399.0,0.0,0.5,9.0,3,0.210526,10,0
43,982,12,3,1,1,59,2,4,2,14336,4345,1,0,11,3,3,1,25,3,3,25,10,3,9,0,0,1,0,1,0,0,1,0,0,0,0,0,0,0,0,0,1,0,0,0,1,0,0,0.384615,2867.2,0.115385,0.346154,0.961538,0,5.769231,0,0
40,555,2,3,2,0,78,2,2,3,3448,13436,6,0,22,4,2,1,20,3,3,1,0,0,0,0,0,1,0,1,0,0,0,0,1,0,0,0,0,1,0,0,0,0,0,0,0,1,0,0.0,1149.333333,0.0,0.0,10.0,0,0.428571,0,0
54,821,5,2,1,1,86,3,5,1,19406,8509,4,0,11,3,3,1,24,4,2,4,2,1,2,0,0,1,0,1,0,0,0,0,1,0,0,0,0,0,0,0,1,0,0,0,0,1,0,0.4,3234.333333,0.2,0.4,4.8,0,0.32,0,0
34,1381,4,4,3,0,72,3,2,3,6538,12740,9,0,15,3,1,1,6,3,3,3,2,1,2,1,0,0,0,0,1,0,0,1,0,0,0,0,0,0,0,0,0,0,1,0,0,1,0,0.5,2179.333333,0.25,0.5,1.5,0,3.857143,0,0
31,480,7,2,2,0,31,3,2,1,4306,4156,1,0,12,3,2,1,13,5,1,13,10,3,12,0,0,1,0,1,0,0,0,0,1,0,0,0,0,0,0,1,0,0,0,0,0,1,0,0.714286,1435.333333,0.214286,0.857143,0.928571,0,0.928571,0,0
43,313,21,3,4,1,61,3,1,4,2258,15238,7,0,20,4,1,1,8,1,3,3,2,1,2,0,1,0,0,1,0,0,0,0,1,0,0,0,0,1,0,0,0,0,0,0,0,1,0,0.5,1129.0,0.25,0.5,2.0,0,4.0,0,0
43,1473,8,4,3,0,74,3,2,3,4522,2227,4,1,14,3,4,0,8,3,3,5,2,0,2,0,0,1,0,1,0,0,0,0,0,1,0,1,0,0,0,0,0,0,0,0,1,0,0,0.333333,1507.333333,0.0,0.333333,1.333333,2,5.0,8,0
25,891,4,2,2,0,99,2,2,4,4487,12090,1,1,11,3,2,0,5,3,3,5,4,1,3,0,0,1,0,0,1,0,1,0,0,0,0,0,0,0,0,0,0,0,1,0,0,0,1,0.666667,1495.666667,0.166667,0.5,0.833333,1,10.0,4,0
37,1063,25,5,2,0,72,3,2,3,4449,23866,3,1,15,3,1,2,15,2,3,13,11,10,7,1,0,0,0,1,0,0,0,0,1,0,0,0,0,0,0,0,0,1,0,0,0,1,0,0.785714,1483.0,0.714286,0.5,1.071429,2,7.3125,25,0
31,329,1,2,4,1,98,2,1,1,2218,16193,1,0,12,3,3,1,4,3,3,4,2,3,2,0,0,1,0,1,0,0,1,0,0,0,0,0,0,1,0,0,0,0,0,0,0,1,0,0.4,1109.0,0.6,0.4,0.8,0,2.4,0,0
39,1218,1,1,2,1,52,3,5,3,19197,8213,1,1,14,3,3,1,21,3,3,21,8,1,6,0,1,0,0,1,0,0,1,0,0,0,0,0,0,0,1,0,0,0,0,0,1,0,0,0.363636,3199.5,0.045455,0.272727,0.954545,2,8.590909,1,0
56,906,6,3,3,0,86,4,4,1,13212,18256,9,0,11,3,4,3,36,0,2,7,7,7,7,0,1,0,0,0,1,0,1,0,0,0,0,0,0,0,0,0,0,0,1,0,0,1,0,0.875,2642.4,0.875,0.875,4.5,0,0.378378,0,0
30,1082,12,3,2,0,83,3,2,3,6577,19558,0,0,11,3,2,0,6,6,3,5,4,4,4,0,0,1,0,0,1,0,0,0,0,0,1,0,0,0,0,0,0,0,1,0,0,0,1,0.666667,2192.333333,0.666667,0.666667,1.0,0,6.428571,0,0
41,645,1,3,2,1,49,4,3,1,8392,19566,1,0,16,3,3,1,10,2,3,10,7,0,7,0,0,1,0,0,1,0,0,1,0,0,0,0,0,0,0,0,0,0,1,0,0,1,0,0.636364,2098.0,0.0,0.636364,0.909091,0,2.727273,0,0
28,1300,17,2,3,1,79,3,2,1,4558,13535,1,0,12,3,4,1,10,2,3,10,0,1,8,0,0,1,0,1,0,0,0,0,1,0,0,0,0,1,0,0,0,0,0,0,1,0,0,0.0,1519.333333,0.090909,0.727273,0.909091,0,2.727273,0,0
25,688,3,3,1,1,91,3,1,1,4031,9396,5,0,13,3,3,1,6,5,3,2,2,0,2,0,0,1,0,1,0,0,0,0,1,0,0,0,0,1,0,0,0,0,0,0,0,1,0,0.666667,2015.5,0.0,0.666667,2.0,0,0.857143,0,1
52,319,3,3,4,1,39,2,3,3,7969,19609,2,1,14,3,3,0,28,4,3,5,4,0,4,0,0,1,0,1,0,0,0,0,1,0,0,0,0,0,0,1,0,0,0,0,0,1,0,0.666667,1992.25,0.0,0.666667,4.666667,2,1.551724,3,0
45,192,10,2,1,1,69,3,1,4,2654,9655,3,0,21,4,4,2,8,3,2,2,2,0,2,0,0,1,0,1,0,0,1,0,0,0,0,0,0,0,0,0,0,1,0,0,0,1,0,0.666667,1327.0,0.0,0.666667,2.666667,0,1.777778,0,0
52,1490,4,2,4,0,30,3,4,4,16555,10310,2,0,13,3,4,0,31,2,1,5,2,1,4,0,0,1,0,1,0,0,1,0,0,0,0,0,0,0,1,0,0,0,0,0,0,1,0,0.333333,3311.0,0.166667,0.666667,5.166667,0,0.625,0,0
42,532,29,2,1,0,92,3,2,3,4556,12932,2,0,11,3,2,1,19,3,3,5,4,0,2,0,1,0,0,1,0,0,1,0,0,0,0,0,0,0,0,0,0,1,0,0,1,0,0,0.666667,1518.666667,0.0,0.333333,3.166667,0,2.25,0,0
30,317,2,3,3,0,43,1,2,4,6091,24793,2,0,20,4,3,0,11,2,3,5,4,0,2,0,0,1,0,1,0,0,1,0,0,0,0,0,0,0,0,1,0,0,0,0,0,0,1,0.666667,2030.333333,0.0,0.333333,1.833333,0,5.0,0,0
60,422,7,3,1,0,41,3,5,1,19566,3854,5,0,11,3,4,0,33,5,1,29,8,11,10,0,0,1,0,1,0,0,1,0,0,0,0,0,0,0,1,0,0,0,0,0,0,1,0,0.266667,3261.0,0.366667,0.333333,1.1,0,0.852941,0,0
46,1485,18,3,3,0,87,3,2,3,4810,26314,2,0,14,3,3,1,19,5,2,10,7,0,8,0,0,1,0,1,0,0,0,0,1,0,0,0,0,0,0,1,0,0,0,0,1,0,0,0.636364,1603.333333,0.0,0.727273,1.727273,0,3.0,0,0
42,1368,28,4,4,0,88,2,2,4,4523,4386,0,0,11,3,4,3,7,4,4,6,5,0,4,0,1,0,0,1,0,0,0,0,0,0,1,1,0,0,0,0,0,0,0,0,0,1,0,0.714286,1507.666667,0.0,0.571429,1.0,0,12.0,0,0
24,1448,1,1,1,0,62,3,1,2,3202,21972,1,1,16,3,2,0,6,4,3,5,3,1,4,0,0,1,0,0,1,0,0,0,0,0,1,0,0,0,0,0,0,0,0,1,0,0,1,0.5,1601.0,0.166667,0.666667,1.0,3,4.285714,1,1
34,296,6,2,4,0,33,1,1,3,2351,12253,0,0,16,3,4,1,3,3,2,2,2,1,0,0,1,0,0,0,1,0,0,1,0,0,0,0,0,0,0,0,0,0,0,1,1,0,0,0.666667,1175.5,0.333333,0.0,1.0,0,3.0,0,1
38,1490,2,2,4,1,42,3,1,4,1702,12106,1,1,23,4,3,1,1,3,3,1,0,0,0,0,1,0,0,1,0,0,1,0,0,0,0,0,0,1,0,0,0,0,0,0,0,1,0,0.0,851.0,0.0,0.0,0.5,1,6.0,2,0
40,1398,2,4,3,0,79,3,5,3,18041,13022,0,0,14,3,4,0,21,2,3,20,15,1,12,0,0,1,0,0,1,0,1,0,0,0,0,0,0,0,1,0,0,0,0,0,0,1,0,0.714286,3006.833333,0.047619,0.571429,1.0,0,8.181818,0,0
26,1349,23,3,1,0,90,3,1,4,2886,3032,1,0,22,4,2,2,3,3,1,3,2,0,2,0,0,1,0,1,0,0,1,0,0,0,0,0,0,0,0,0,0,1,0,0,1,0,0,0.5,1443.0,0.0,0.5,0.75,0,3.0,0,0
30,1400,3,3,3,1,53,3,1,4,2097,16734,4,0,15,3,3,1,9,3,1,5,3,1,4,1,0,0,0,1,0,0,1,0,0,0,0,0,0,1,0,0,0,0,0,0,0,1,0,0.5,1048.5,0.166667,0.666667,1.5,0,2.0,0,0
29,986,3,4,2,1,93,2,3,3,11935,21526,1,0,18,3,3,0,10,2,3,10,2,0,7,0,0,1,0,1,0,0,0,0,1,0,0,0,0,0,0,0,1,0,0,0,0,1,0,0.181818,2983.75,0.0,0.636364,0.909091,0,8.181818,0,0
29,408,25,5,3,0,71,2,1,2,2546,18300,5,0,16,3,2,0,6,2,4,2,2,1,1,0,0,1,0,1,0,0,0,0,0,0,1,0,0,0,0,0,0,1,0,0,0,1,0,0.666667,1273.0,0.333333,0.333333,2.0,0,2.285714,0,1
19,489,2,2,1,1,52,2,1,4,2564,18437,1,0,12,3,3,0,1,3,4,1,0,0,0,0,0,1,1,0,0,0,0,0,0,0,1,0,1,0,0,0,0,0,0,0,0,0,1,0.0,1282.0,0.0,0.0,0.5,0,8.0,0,1
30,1398,22,4,3,0,69,3,3,1,8412,2890,0,0,11,3,3,0,10,3,3,9,8,7,8,1,0,0,0,0,1,0,0,0,0,1,0,0,0,0,0,0,0,0,1,0,0,1,0,0.8,2103.0,0.7,0.8,1.0,0,2.454545,0,0
57,210,29,3,1,1,56,2,4,4,14118,22102,3,0,12,3,3,1,32,3,2,1,0,0,0,0,0,1,0,0,1,0,0,1,0,0,0,0,0,0,1,0,0,0,0,0,1,0,0,0.0,2823.6,0.0,0.0,16.0,0,0.242424,0,0
50,1099,29,4,2,1,88,2,4,3,17046,9314,0,0,15,3,2,1,28,2,3,27,10,15,7,0,0,1,0,1,0,0,1,0,0,0,0,0,0,0,1,0,0,0,0,0,0,1,0,0.357143,3409.2,0.535714,0.25,1.0,0,8.37931,0,0
30,1116,2,3,3,0,49,3,1,4,2564,7181,0,0,14,3,3,0,12,2,2,11,7,6,7,1,0,0,0,1,0,0,0,0,1,0,0,0,0,1,0,0,0,0,0,0,0,0,1,0.583333,1282.0,0.5,0.583333,1.0,0,6.769231,0,0
60,1499,28,3,3,0,80,2,3,1,10266,2845,4,0,19,3,4,0,22,5,4,18,13,13,11,0,1,0,0,0,1,0,0,1,0,0,0,0,0,0,0,0,0,0,1,0,0,1,0,0.684211,2566.5,0.684211,0.578947,1.157895,0,3.130435,0,0
47,983,2,2,1,0,65,3,2,4,5070,7389,5,0,13,3,3,3,20,2,3,5,0,0,4,0,0,1,0,1,0,0,0,0,1,0,0,0,0,0,0,1,0,0,0,0,1,0,0,0.0,1690.0,0.0,0.666667,3.333333,0,2.857143,0,0
46,1009,2,3,1,1,51,3,4,3,17861,2288,6,0,13,3,3,0,26,2,1,3,2,0,1,0,0,1,0,1,0,0,1,0,0,0,0,0,0,0,0,0,1,0,0,0,0,1,0,0.5,3572.2,0.0,0.25,6.5,0,0.333333,0,0
35,144,22,3,4,1,46,1,1,3,4230,19225,0,0,15,3,3,0,6,2,3,5,4,4,3,0,0,1,0,1,0,0,1,0,0,0,0,0,0,1,0,0,0,0,0,0,0,0,1,0.666667,2115.0,0.666667,0.5,1.0,0,6.428571,0,0
54,548,8,4,3,0,42,3,2,3,3780,23428,7,0,11,3,3,0,19,3,3,1,0,0,0,0,0,1,0,1,0,0,1,0,0,0,0,0,0,1,0,0,0,0,0,0,0,0,1,0.0,1260.0,0.0,0.0,9.5,0,0.45,0,0
34,1303,2,4,4,1,62,2,1,3,2768,8416,3,0,12,3,3,1,14,3,3,7,3,5,7,0,0,1,0,1,0,0,1,0,0,0,0,0,0,0,0,0,0,1,0,0,1,0,0,0.375,1384.0,0.625,0.875,1.75,0,4.2,0,0
46,1125,10,3,3,0,94,2,3,4,9071,11563,2,1,19,3,3,1,15,3,3,3,2,1,2,0,0,1,0,0,1,0,0,1,0,0,0,0,0,0,0,0,0,0,1,0,0,1,0,0.5,2267.75,0.25,0.5,3.75,1,2.25,10,0
31,1274,9,1,3,1,33,3,3,2,10648,14394,1,0,25,4,4,1,13,6,4,13,8,0,8,0,0,1,0,1,0,0,1,0,0,0,0,0,0,0,0,1,0,0,0,0,1,0,0,0.571429,2662.0,0.0,0.571429,0.928571,0,7.428571,0,0
33,1277,15,1,2,1,56,3,3,3,13610,24619,7,1,12,3,4,0,15,2,4,7,6,7,7,0,0,1,0,1,0,0,0,0,1,0,0,0,0,0,1,0,0,0,0,0,0,1,0,0.75,3402.5,0.875,0.875,1.875,2,5.25,15,1
33,587,10,1,1,1,38,1,1,4,3408,6705,7,0,13,3,1,3,8,2,3,4,3,1,3,0,0,1,0,1,0,0,0,0,1,0,0,0,0,1,0,0,0,0,0,0,1,0,0,0.6,1704.0,0.2,0.6,1.6,0,5.333333,0,1
30,413,7,1,4,1,57,3,1,2,2983,18398,0,0,14,3,1,0,4,3,3,3,2,1,2,0,0,1,0,0,1,0,0,1,0,0,0,0,0,0,0,0,0,0,0,1,0,0,1,0.5,1491.5,0.25,0.5,1.0,0,3.6,0,0
35,1276,16,3,4,1,72,3,3,3,7632,14295,4,1,12,3,3,0,10,2,3,8,7,0,0,0,0,1,0,1,0,0,1,0,0,0,0,1,0,0,0,0,0,0,0,0,0,1,0,0.777778,1908.0,0.0,0.0,1.111111,2,6.545455,16,0
31,534,20,3,1,1,66,3,3,3,9824,22908,3,0,12,3,1,0,12,2,3,1,0,0,0,0,1,0,0,1,0,0,1,0,0,0,0,1,0,0,0,0,0,0,0,0,0,1,0,0.0,2456.0,0.0,0.0,6.0,0,0.692308,0,1
34,988,23,3,2,0,43,3,3,1,9950,11533,9,1,15,3,3,3,11,2,3,3,2,0,2,0,1,0,1,0,0,1,0,0,0,0,0,0,1,0,0,0,0,0,0,0,1,0,0,0.5,2487.5,0.0,0.5,2.75,4,0.75,23,1
42,1474,5,2,2,1,97,3,1,3,2093,9260,4,0,17,3,4,1,8,4,3,2,2,2,0,0,1,0,0,1,0,0,0,0,0,1,0,0,0,1,0,0,0,0,0,0,0,1,0,0.666667,1046.5,0.666667,0.0,2.666667,0,2.0,0,0
36,635,10,4,2,1,32,3,3,4,9980,15318,1,0,14,3,4,0,10,3,2,10,3,9,7,1,0,0,0,0,1,0,0,0,1,0,0,0,0,0,0,0,0,0,1,0,0,0,1,0.272727,2495.0,0.818182,0.636364,0.909091,0,7.272727,0,0
22,1368,4,1,3,1,99,2,1,3,3894,9129,5,0,16,3,3,0,4,3,3,2,2,1,2,0,1,0,0,1,0,0,0,0,0,0,1,0,0,1,0,0,0,0,0,0,0,0,1,0.666667,1947.0,0.333333,0.666667,1.333333,0,3.6,0,1
48,163,2,5,2,0,37,3,2,4,4051,19658,2,0,14,3,1,1,14,2,3,9,7,6,7,0,0,1,0,0,1,0,0,1,0,0,0,0,0,0,0,0,0,0,1,0,0,1,0,0.7,1350.333333,0.6,0.7,1.4,0,7.2,0,0
55,1117,18,5,1,0,83,3,4,2,16835,9873,3,0,23,4,4,0,37,2,3,10,9,7,7,0,0,1,0,0,1,0,1,0,0,0,0,0,0,0,1,0,0,0,0,0,0,0,1,0.818182,3367.0,0.636364,0.636364,3.363636,0,1.578947,0,0
41,267,10,2,4,1,56,3,2,4,6230,13430,7,0,14,3,4,0,16,3,3,14,3,1,10,1,0,0,0,0,1,0,1,0,0,0,0,0,0,0,0,0,0,0,1,0,0,0,1,0.2,2076.666667,0.066667,0.666667,1.066667,0,9.882353,0,0
35,619,1,3,2,1,85,3,2,3,4717,18659,9,0,11,3,3,0,15,2,3,11,9,6,9,0,0,1,0,0,1,0,0,1,0,0,0,0,0,0,0,0,0,0,1,0,0,1,0,0.75,1572.333333,0.5,0.75,1.25,0,6.1875,0,0
40,302,6,3,2,0,75,3,4,3,13237,20364,7,0,15,3,3,0,22,3,3,20,6,5,13,0,0,1,0,1,0,0,1,0,0,0,0,0,0,0,0,1,0,0,0,0,0,0,1,0.285714,2647.4,0.238095,0.619048,1.047619,0,7.826087,0,0
39,443,8,1,3,0,48,3,1,3,3755,17872,1,0,11,3,1,1,8,3,3,8,3,0,7,0,1,0,0,1,0,0,1,0,0,0,0,0,0,1,0,0,0,0,0,0,0,1,0,0.333333,1877.5,0.0,0.777778,0.888889,0,8.0,0,0
31,828,2,1,2,1,77,3,2,4,6582,8346,4,1,13,3,3,0,10,2,4,6,5,0,5,0,0,1,0,0,1,0,1,0,0,0,0,0,0,0,0,0,0,0,1,0,0,0,1,0.714286,2194.0,0.0,0.714286,1.428571,1,8.727273,2,0
42,319,24,3,4,1,56,3,3,1,7406,6950,1,1,21,4,4,1,10,5,2,10,9,5,8,0,0,1,0,1,0,0,0,0,1,0,0,0,0,0,0,1,0,0,0,0,0,1,0,0.818182,1851.5,0.454545,0.727273,0.909091,4,1.818182,24,0
45,561,2,3,4,1,61,3,2,2,4805,16177,0,0,19,3,2,1,9,3,4,8,7,3,7,0,0,1,0,0,1,0,0,0,0,1,0,0,0,0,0,0,0,0,1,0,0,1,0,0.777778,1601.666667,0.333333,0.777778,1.0,0,6.4,0,0
26,426,17,4,2,0,58,3,1,3,2741,22808,0,1,11,3,2,1,8,2,2,7,7,1,0,0,1,0,1,0,0,0,1,0,0,0,0,0,1,0,0,0,0,0,0,0,1,0,0,0.875,1370.5,0.125,0.0,1.0,2,4.666667,17,1
29,232,19,3,4,1,34,3,2,4,4262,22645,4,0,12,3,2,2,8,2,4,3,2,1,2,0,0,1,0,1,0,0,0,0,0,0,1,0,0,0,0,1,0,0,0,0,1,0,0,0.5,1420.666667,0.25,0.5,2.0,0,5.333333,0,0
33,922,1,5,1,0,95,4,4,3,16184,22578,4,0,19,3,3,1,10,2,3,6,1,0,5,0,0,1,0,1,0,0,0,0,1,0,0,0,0,0,0,0,1,0,0,0,1,0,0,0.142857,3236.8,0.0,0.714286,1.428571,0,4.909091,0,0
31,688,7,3,3,1,44,2,3,4,11557,25291,9,0,21,4,3,1,10,3,2,5,4,0,1,0,0,1,0,0,1,0,1,0,0,0,0,0,0,0,1,0,0,0,0,0,1,0,0,0.666667,2889.25,0.0,0.166667,1.666667,0,3.636364,0,0
18,1306,5,3,2,1,69,3,1,2,1878,8059,1,1,14,3,4,0,0,3,3,0,0,0,0,0,1,0,0,0,1,0,0,1,0,0,0,0,0,0,0,0,0,0,0,1,0,0,1,0.0,939.0,0.0,0.0,0.0,3,0.0,5,1
40,1094,28,3,3,1,58,1,3,1,10932,11373,3,0,15,3,3,1,20,2,3,1,0,0,1,1,0,0,0,0,1,0,0,0,0,1,0,0,0,0,0,0,0,0,1,0,1,0,0,0.0,2733.0,0.0,0.5,10.0,0,0.142857,0,0
41,509,2,4,1,0,62,2,2,3,6811,2112,2,1,17,3,1,0,10,3,3,8,7,0,7,1,0,0,0,1,0,0,0,0,0,1,0,1,0,0,0,0,0,0,0,0,0,0,1,0.777778,2270.333333,0.0,0.777778,1.111111,2,6.545455,2,0
26,775,29,2,1,1,45,3,2,3,4306,4267,5,0,12,3,1,2,8,5,3,0,0,0,0,0,0,1,0,0,1,0,0,0,1,0,0,0,0,0,0,0,0,0,1,0,1,0,0,0.0,1435.333333,0.0,0.0,8.0,0,0.0,0,0
35,195,1,3,1,0,80,3,2,3,4859,6698,1,0,16,3,4,0,5,3,3,5,4,0,3,0,0,1,0,0,1,0,0,0,1,0,0,0,0,0,0,0,0,0,1,0,0,0,1,0.666667,1619.666667,0.0,0.5,0.833333,0,7.5,0,0
34,258,21,4,4,1,74,4,2,4,5337,19921,1,0,12,3,4,0,10,3,3,10,7,5,7,0,0,1,0,0,1,0,1,0,0,0,0,0,0,0,0,0,0,0,1,0,0,0,1,0.636364,1779.0,0.454545,0.636364,0.909091,0,10.909091,0,0
26,471,24,3,3,1,66,1,1,4,2340,23213,1,1,18,3,2,0,1,3,1,1,0,0,0,0,0,1,0,1,0,0,0,0,0,0,1,0,0,1,0,0,0,0,0,0,0,0,1,0.0,1170.0,0.0,0.0,0.5,1,2.0,24,1
37,799,1,3,2,0,59,3,3,4,7491,23848,4,0,17,3,4,0,12,3,4,6,5,1,2,0,0,1,0,1,0,0,0,0,0,0,1,0,0,0,0,1,0,0,0,0,0,0,1,0.714286,1872.75,0.142857,0.285714,1.714286,0,7.384615,0,0
46,1034,18,1,1,0,86,3,3,3,10527,8984,5,0,11,3,4,0,28,3,2,2,2,1,2,0,1,0,0,1,0,0,0,0,1,0,0,1,0,0,0,0,0,0,0,0,0,1,0,0.666667,2631.75,0.333333,0.666667,9.333333,0,0.413793,0,0
41,1276,2,5,2,0,91,3,4,1,16595,5626,7,0,16,3,2,1,22,2,3,18,16,11,8,0,0,1,0,0,1,0,1,0,0,0,0,0,0,0,1,0,0,0,0,0,0,1,0,0.842105,3319.0,0.578947,0.421053,1.157895,0,2.347826,0,0
37,142,9,4,1,1,69,3,3,2,8834,24666,1,0,13,3,4,1,9,6,3,9,5,7,7,1,0,0,0,0,1,0,0,0,1,0,0,0,0,0,0,0,0,0,1,0,1,0,0,0.5,2208.5,0.7,0.7,0.9,0,5.4,0,0
52,956,6,2,4,1,78,3,2,1,5577,22087,3,1,12,3,2,2,18,3,3,10,9,6,9,0,0,1,0,1,0,0,0,0,0,0,1,0,0,0,0,0,0,1,0,0,1,0,0,0.818182,1859.0,0.545455,0.818182,1.636364,4,1.578947,6,0
32,1474,11,4,4,1,60,4,2,3,4707,23914,8,0,12,3,4,0,6,2,3,4,2,1,2,1,0,0,0,0,1,0,0,0,0,1,0,0,0,0,0,0,0,0,1,0,0,1,0,0.4,1569.0,0.2,0.4,1.2,0,5.142857,0,1
24,535,24,3,4,1,38,3,1,4,2400,5530,0,0,13,3,3,2,3,3,3,2,2,2,1,0,1,0,0,0,1,0,0,0,1,0,0,0,0,0,0,0,0,0,0,1,0,1,0,0.666667,1200.0,0.666667,0.333333,1.0,0,6.0,0,0
38,1495,10,3,3,0,76,3,2,3,9824,22174,3,0,19,3,3,1,18,4,3,1,0,0,0,0,0,1,0,1,0,0,0,0,1,0,0,1,0,0,0,0,0,0,0,0,0,1,0,0.0,3274.666667,0.0,0.0,9.0,0,0.473684,0,0
37,446,1,4,2,0,65,3,2,2,6447,15701,6,0,12,3,2,1,8,2,2,6,5,4,3,0,0,1,0,1,0,0,1,0,0,0,0,0,0,0,0,1,0,0,0,0,0,1,0,0.714286,2149.0,0.571429,0.428571,1.142857,0,2.666667,0,0
49,1245,18,4,4,1,58,2,5,3,19502,2125,1,1,17,3,3,1,31,5,3,31,9,0,9,0,0,1,0,1,0,0,1,0,0,0,0,0,0,0,0,0,1,0,0,0,1,0,0,0.28125,3250.333333,0.0,0.28125,0.96875,2,8.71875,18,0
24,691,23,3,2,1,89,4,1,4,2725,21630,1,1,11,3,2,2,6,3,3,6,5,1,4,0,0,1,0,1,0,0,0,0,1,0,0,0,0,0,0,0,0,1,0,0,0,1,0,0.714286,1362.5,0.142857,0.571429,0.857143,1,10.285714,23,0
26,703,28,2,1,1,66,3,2,2,6272,7428,1,0,20,4,4,2,6,5,4,5,3,1,4,0,0,1,0,0,1,0,0,1,0,0,0,0,0,0,0,0,0,0,1,0,0,1,0,0.5,2090.666667,0.166667,0.666667,1.0,0,5.714286,0,0
24,823,17,2,4,1,94,2,1,2,2127,9100,1,0,21,4,4,1,1,2,3,1,0,0,0,0,0,1,0,1,0,0,0,0,0,1,0,0,0,1,0,0,0,0,0,0,0,1,0,0.0,1063.5,0.0,0.0,0.5,0,3.0,0,0
50,1246,3,3,1,1,99,3,5,2,18200,7999,1,0,11,3,3,1,32,2,3,32,5,10,7,0,1,0,1,0,0,0,0,0,1,0,0,0,0,0,1,0,0,0,0,0,0,1,0,0.151515,3033.333333,0.30303,0.212121,0.969697,0,5.818182,0,0
25,622,13,1,2,1,40,3,1,3,2096,26376,1,0,11,3,3,0,7,1,3,7,4,0,6,0,0,1,0,0,1,0,0,0,1,0,0,0,0,0,0,0,0,0,0,1,0,1,0,0.5,1048.0,0.0,0.75,0.875,0,7.875,0,0
24,1287,7,3,1,0,55,3,1,3,2886,14168,1,1,16,3,4,1,6,4,3,6,3,1,2,0,1,0,0,1,0,0,1,0,0,0,0,0,0,1,0,0,0,0,0,0,0,1,0,0.428571,1443.0,0.142857,0.285714,0.857143,2,7.714286,7,1
30,448,12,4,2,1,74,2,1,1,2033,14470,1,0,18,3,3,1,1,2,4,1,0,0,0,0,1,0,0,0,1,0,1,0,0,0,0,0,0,0,0,0,0,0,0,1,0,1,0,0.0,1016.5,0.0,0.0,0.5,0,2.0,0,1
34,254,1,2,2,1,83,2,1,4,3622,22794,1,1,13,3,4,1,6,3,3,6,5,1,3,0,0,1,0,1,0,0,1,0,0,0,0,0,0,0,0,0,0,1,0,0,0,1,0,0.714286,1811.0,0.142857,0.428571,0.857143,1,10.285714,1,0
31,1365,13,4,2,1,46,3,2,1,4233,11512,2,0,17,3,3,0,9,2,1,3,1,1,2,0,0,1,0,0,1,0,0,0,1,0,0,0,0,0,0,0,0,0,1,0,1,0,0,0.25,1411.0,0.25,0.5,2.25,0,0.3,0,1
35,538,25,2,1,1,54,2,2,4,3681,14004,4,0,14,3,4,0,9,3,3,3,2,0,2,0,0,1,0,1,0,0,0,0,0,1,0,0,0,1,0,0,0,0,0,0,0,0,1,0.5,1227.0,0.0,0.5,2.25,0,3.6,0,0
31,525,6,4,1,1,66,4,2,4,5460,6219,4,0,22,4,4,2,13,4,4,7,7,5,7,0,0,1,0,0,1,0,0,0,1,0,0,0,0,0,0,0,0,0,1,0,1,0,0,0.875,1820.0,0.625,0.875,1.625,0,8.0,0,0
27,798,6,4,1,0,66,2,1,3,2187,5013,0,0,12,3,3,2,6,5,2,5,3,0,3,0,0,1,0,1,0,0,0,0,1,0,0,0,0,0,0,0,0,1,0,0,1,0,0,0.5,1093.5,0.0,0.5,1.0,0,4.285714,0,0
37,558,2,3,4,1,75,3,2,3,9602,3010,4,1,11,3,3,1,17,3,2,3,0,1,0,0,0,1,0,0,1,0,0,1,0,0,0,0,0,0,0,0,0,0,1,0,0,1,0,0.0,3200.666667,0.25,0.0,4.25,2,1.0,2,0
20,959,1,3,4,0,83,2,1,2,2836,11757,1,0,13,3,4,0,1,0,4,1,0,0,0,0,0,1,0,1,0,0,1,0,0,0,0,0,0,0,0,0,0,1,0,0,0,0,1,0.0,1418.0,0.0,0.0,0.5,0,4.0,0,0
42,622,2,4,3,0,81,3,2,4,4089,5718,1,0,13,3,2,2,10,4,3,10,2,2,2,0,0,1,0,1,0,0,1,0,0,0,0,1,0,0,0,0,0,0,0,0,0,1,0,0.181818,1363.0,0.181818,0.181818,0.909091,0,10.909091,0,0
43,782,6,4,2,1,50,2,4,4,16627,2671,4,1,14,3,3,1,21,3,2,1,0,0,0,0,0,1,0,1,0,0,0,0,0,1,0,0,0,0,0,0,1,0,0,0,1,0,0,0.0,3325.4,0.0,0.0,10.5,1,0.363636,6,0
38,362,1,1,3,0,43,3,1,1,2619,14561,3,0,17,3,4,0,8,3,2,0,0,0,0,0,0,1,0,1,0,0,1,0,0,0,0,0,0,0,0,0,0,1,0,0,0,0,1,0.0,1309.5,0.0,0.0,8.0,0,0.0,0,0
43,1001,9,5,4,1,72,3,2,3,5679,19627,3,1,13,3,2,1,10,3,3,8,7,4,7,0,1,0,0,1,0,0,0,0,1,0,0,0,0,1,0,0,0,0,0,0,1,0,0,0.777778,1893.0,0.444444,0.777778,1.111111,2,6.545455,9,0
48,1236,1,4,4,0,40,2,4,1,15402,17997,7,0,11,3,1,1,21,3,1,3,2,0,2,0,0,1,0,1,0,0,1,0,0,0,0,0,0,0,1,0,0,0,0,0,0,1,0,0.5,3080.4,0.0,0.5,5.25,0,0.136364,0,0
44,1112,1,4,1,0,50,2,2,3,5985,26894,4,0,11,3,2,0,10,1,4,2,2,0,2,0,0,1,1,0,0,0,1,0,0,0,0,0,1,0,0,0,0,0,0,0,0,0,1,0.666667,1995.0,0.0,0.666667,3.333333,0,2.181818,0,0
34,204,14,3,3,0,31,3,1,3,2579,2912,1,1,18,3,4,2,8,3,3,8,2,0,6,0,0,1,0,0,1,0,0,0,0,0,1,0,0,0,0,0,0,0,0,1,1,0,0,0.222222,1289.5,0.0,0.666667,0.888889,2,8.0,14,0
27,1420,2,1,3,1,85,3,1,1,3041,16346,0,0,11,3,2,1,5,3,3,4,3,0,2,0,0,1,0,0,1,0,0,1,0,0,0,0,0,0,0,0,0,0,0,1,1,0,0,0.6,1520.5,0.0,0.4,1.0,0,2.0,0,1
21,1343,22,1,3,1,49,3,1,3,3447,24444,1,0,11,3,3,0,3,2,3,3,2,1,2,0,0,1,0,0,1,0,0,0,0,0,1,0,0,0,0,0,0,0,0,1,0,0,1,0.5,1723.5,0.25,0.5,0.75,0,6.75,0,0
44,1315,3,4,4,1,35,3,5,4,19513,9358,4,1,12,3,1,1,26,2,4,2,2,0,1,0,0,1,0,1,0,0,0,0,0,1,0,0,0,0,1,0,0,0,0,0,0,1,0,0.666667,3252.166667,0.0,0.333333,8.666667,1,1.185185,3,0
22,604,6,1,1,1,69,3,1,3,2773,12145,0,0,20,4,4,0,3,3,3,2,2,2,2,0,0,1,0,1,0,0,0,0,1,0,0,0,0,0,0,0,0,1,0,0,0,1,0,0.666667,1386.5,0.666667,0.666667,1.0,0,4.5,0,0
33,1216,8,4,3,1,39,3,2,3,7104,20431,0,0,12,3,4,0,6,3,3,5,0,1,2,0,0,1,0,0,1,0,0,1,0,0,0,0,0,0,0,0,0,0,1,0,1,0,0,0.0,2368.0,0.166667,0.333333,1.0,0,6.428571,0,0
32,646,9,4,1,0,92,3,2,4,6322,18089,1,1,12,3,4,1,6,2,2,6,4,0,5,0,0,1,0,1,0,0,1,0,0,0,0,0,0,0,0,0,0,1,0,0,0,1,0,0.571429,2107.333333,0.0,0.714286,0.857143,1,6.857143,9,0
30,160,3,3,3,0,71,3,1,3,2083,22653,1,0,20,4,3,1,1,2,3,1,0,0,0,0,1,0,0,1,0,0,0,0,1,0,0,0,0,0,0,0,0,1,0,0,1,0,0,0.0,1041.5,0.0,0.0,0.5,0,4.5,0,0
53,238,1,1,4,0,34,3,2,1,8381,7507,7,0,20,4,4,0,18,2,4,14,7,8,10,0,0,1,0,0,1,0,0,0,1,0,0,0,0,0,0,0,0,0,1,0,0,0,1,0.466667,2793.666667,0.533333,0.666667,1.2,0,2.947368,0,0
34,1397,1,5,2,1,42,3,1,4,2691,7660,1,0,12,3,4,1,10,4,2,10,9,8,8,0,0,1,0,1,0,0,1,0,0,0,0,0,0,0,0,0,0,1,0,0,0,1,0,0.818182,1345.5,0.727273,0.727273,0.909091,0,7.272727,0,0
45,306,26,4,1,0,100,3,2,1,4286,5630,2,0,14,3,4,2,5,4,3,1,1,0,0,0,1,0,0,0,1,0,1,0,0,0,0,0,0,0,0,0,0,0,1,0,0,1,0,0.5,1428.666667,0.0,0.0,2.5,0,0.5,0,1
26,991,6,3,3,0,71,3,1,4,2659,17759,1,1,13,3,3,1,3,2,3,3,2,0,2,0,0,1,0,1,0,0,1,0,0,0,0,0,0,1,0,0,0,0,0,0,0,1,0,0.5,1329.5,0.0,0.5,0.75,1,9.0,6,0
37,482,3,3,3,1,36,3,3,3,9434,9606,1,0,15,3,3,1,10,2,3,10,7,7,8,0,0,1,0,1,0,0,0,0,0,1,0,0,0,0,0,1,0,0,0,0,0,1,0,0.636364,2358.5,0.636364,0.727273,0.909091,0,8.181818,0,0
29,1176,3,2,2,0,62,3,2,3,5561,3487,1,0,14,3,1,1,6,5,2,6,0,1,2,0,0,1,0,0,1,0,0,0,1,0,0,0,0,0,0,0,0,0,1,0,0,1,0,0.0,1853.666667,0.142857,0.285714,0.857143,0,5.142857,0,0
35,1017,6,4,2,1,82,1,2,4,6646,19368,1,0,13,3,2,0,17,3,3,17,11,11,8,0,0,1,0,1,0,0,1,0,0,0,0,0,0,0,0,0,0,1,0,0,0,0,1,0.611111,2215.333333,0.611111,0.444444,0.944444,0,11.333333,0,0
33,1296,6,3,3,1,30,3,2,4,7725,5335,3,0,23,4,3,1,15,2,1,13,11,4,7,0,1,0,0,1,0,0,1,0,0,0,0,1,0,0,0,0,0,0,0,0,1,0,0,0.785714,2575.0,0.285714,0.5,1.071429,0,3.25,0,0
54,397,19,4,3,1,88,3,3,2,10725,6729,2,0,15,3,3,1,16,1,4,9,7,7,1,0,0,1,1,0,0,0,0,0,1,0,0,0,1,0,0,0,0,0,0,0,0,1,0,0.7,2681.25,0.7,0.1,1.6,0,4.235294,0,0
36,913,9,2,2,1,48,2,2,2,8847,13934,2,1,11,3,3,1,13,2,3,3,2,0,2,0,0,1,0,1,0,0,0,0,1,0,0,0,0,0,0,1,0,0,0,0,1,0,0,0.5,2949.0,0.0,0.5,3.25,3,1.285714,9,0
27,1115,3,4,1,1,54,2,1,4,2045,15174,0,0,13,3,4,0,5,0,3,4,2,1,1,0,0,1,0,1,0,0,0,0,1,0,0,0,0,0,0,0,0,1,0,0,0,0,1,0.4,1022.5,0.2,0.2,1.0,0,8.0,0,0
20,1362,10,1,4,1,32,3,1,3,1009,26999,1,1,11,3,4,0,1,5,3,1,0,1,1,0,0,1,0,1,0,0,0,0,1,0,0,0,0,0,0,0,0,1,0,0,0,0,1,0.0,504.5,0.5,0.5,0.5,2,4.5,10,1
33,1076,3,3,1,1,70,3,1,1,3348,3164,1,1,11,3,1,0,10,3,3,10,8,9,7,0,1,0,0,1,0,0,1,0,0,0,0,0,0,0,0,0,0,1,0,0,0,0,1,0.727273,1674.0,0.818182,0.636364,0.909091,4,2.727273,3,1
35,727,3,3,3,1,41,2,1,3,1281,16900,1,0,18,3,3,2,1,3,3,1,0,0,0,1,0,0,0,1,0,0,1,0,0,0,0,0,0,1,0,0,0,0,0,0,0,1,0,0.0,640.5,0.0,0.0,0.5,0,4.5,0,0
23,885,4,3,1,1,58,4,1,1,2819,8544,2,0,16,3,1,1,5,3,4,3,2,0,2,0,0,1,0,1,0,0,0,0,1,0,0,0,0,0,0,0,0,1,0,0,0,1,0,0.5,1409.5,0.0,0.5,1.25,0,2.0,0,0
25,810,8,3,4,1,57,4,2,2,4851,15678,0,0,22,4,3,1,4,4,3,3,2,1,2,0,0,1,0,0,1,0,1,0,0,0,0,0,0,0,0,0,0,0,1,0,0,1,0,0.5,1617.0,0.25,0.5,1.0,0,3.6,0,0
38,243,7,4,4,0,46,2,2,4,4028,7791,0,0,20,4,1,0,8,2,3,7,7,0,5,0,0,1,0,0,1,0,0,1,0,0,0,0,0,0,0,0,0,0,1,0,0,0,1,0.875,1342.666667,0.0,0.625,1.0,0,9.333333,0,0
29,806,1,4,2,1,76,1,1,4,2720,18959,1,0,18,3,4,1,10,5,3,10,7,2,8,0,1,0,0,1,0,0,1,0,0,0,0,0,0,0,0,0,0,1,0,0,1,0,0,0.636364,1360.0,0.181818,0.727273,0.909091,0,10.909091,0,0
48,817,2,1,2,1,56,4,2,2,8120,18597,3,0,12,3,4,0,12,3,3,2,2,2,2,0,0,1,0,0,1,0,0,1,0,0,0,0,0,0,0,0,0,0,1,0,0,1,0,0.666667,2706.666667,0.666667,0.666667,4.0,0,0.923077,0,0
27,1410,3,1,4,0,71,4,2,4,4647,16673,1,1,20,4,2,2,6,3,3,6,5,0,4,0,1,0,0,0,1,0,0,0,1,0,0,0,0,0,0,0,0,0,1,0,1,0,0,0.714286,1549.0,0.0,0.571429,0.857143,1,10.285714,3,0
37,1225,10,2,4,1,80,4,1,4,4680,15232,3,0,17,3,1,0,4,2,3,1,0,0,0,0,0,1,0,1,0,0,1,0,0,0,0,0,0,0,0,0,0,1,0,0,0,0,1,0.0,2340.0,0.0,0.0,2.0,0,2.4,0,0
50,1207,28,1,4,1,74,4,1,3,3221,3297,1,1,11,3,3,3,20,3,3,20,8,3,8,0,0,1,0,1,0,0,0,0,1,0,0,0,0,1,0,0,0,0,0,0,0,1,0,0.380952,1610.5,0.142857,0.380952,0.952381,2,8.571429,28,0
34,1442,9,3,4,0,46,2,3,2,8621,17654,1,0,14,3,2,0,9,3,4,8,7,7,7,0,0,1,0,1,0,0,0,0,1,0,0,1,0,0,0,0,0,0,0,0,0,0,1,0.777778,2155.25,0.777778,0.777778,1.0,0,6.4,0,0
24,693,3,2,1,0,65,3,2,3,4577,24785,9,0,14,3,1,0,4,3,3,2,2,2,0,0,0,1,0,0,1,0,1,0,0,0,0,0,0,0,0,0,0,0,1,0,0,0,1,0.666667,1525.666667,0.666667,0.0,1.333333,0,3.6,0,1
39,408,2,4,4,0,80,2,2,3,4553,20978,1,0,11,3,1,0,20,4,3,20,7,11,10,0,0,1,0,1,0,0,0,0,0,0,1,1,0,0,0,0,0,0,0,0,0,0,1,0.333333,1517.666667,0.52381,0.47619,0.952381,0,8.571429,0,0
32,929,10,3,4,1,55,3,2,4,5396,21703,1,0,12,3,4,0,10,2,2,10,7,0,8,0,0,1,0,0,1,0,0,1,0,0,0,0,0,0,0,0,0,0,1,0,0,0,1,0.636364,1798.666667,0.0,0.727273,0.909091,0,7.272727,0,0
50,562,8,2,2,1,50,3,2,3,6796,23452,3,1,14,3,1,1,18,4,3,4,3,1,3,0,1,0,0,0,1,0,0,0,0,0,1,0,0,0,0,0,0,0,1,0,0,1,0,0.6,2265.333333,0.2,0.6,3.6,2,1.894737,8,1
38,827,1,4,2,0,33,4,2,4,7625,19383,0,0,13,3,3,0,10,4,2,9,7,1,8,0,0,1,0,1,0,0,1,0,0,0,0,1,0,0,0,0,0,0,0,0,0,0,1,0.7,2541.666667,0.1,0.8,1.0,0,6.545455,0,0
27,608,1,2,3,0,68,3,3,1,7412,6009,1,0,11,3,4,0,9,3,3,9,7,0,7,0,0,1,0,1,0,0,1,0,0,0,0,0,0,0,0,1,0,0,0,0,0,1,0,0.7,1853.0,0.0,0.7,0.9,0,2.7,0,0
32,1018,3,2,3,0,39,3,3,4,11159,19373,3,0,15,3,4,0,10,6,3,7,7,7,7,0,0,1,0,1,0,0,1,0,0,0,0,0,0,0,0,0,1,0,0,0,0,0,1,0.875,2789.75,0.875,0.875,1.25,0,7.636364,0,0
47,703,14,4,4,1,42,3,2,1,4960,11825,2,0,12,3,4,0,20,2,3,7,7,1,7,0,0,1,0,0,1,0,0,1,0,0,0,0,0,0,0,0,0,0,1,0,0,0,1,0.875,1653.333333,0.125,0.875,2.5,0,1.0,0,0
40,580,5,4,4,1,48,2,3,1,10475,23772,5,1,21,4,3,1,20,2,3,18,13,1,12,0,1,0,0,0,1,0,1,0,0,0,0,0,0,0,0,0,0,0,1,0,0,1,0,0.684211,2618.75,0.052632,0.631579,1.052632,4,2.571429,5,0
53,970,7,3,3,1,59,4,4,3,14814,13514,3,0,19,3,3,0,32,3,3,5,1,1,3,0,0,1,0,1,0,0,1,0,0,0,0,0,0,0,0,0,1,0,0,0,0,1,0,0.166667,2962.8,0.166667,0.5,5.333333,0,1.363636,0,0
41,427,10,4,2,1,73,2,5,4,19141,8861,3,0,15,3,2,3,23,2,2,21,6,12,6,0,0,1,1,0,0,1,0,0,0,0,0,0,0,0,1,0,0,0,0,0,1,0,0,0.272727,3190.166667,0.545455,0.272727,1.045455,0,7.0,0,0
60,1179,16,4,1,1,84,3,2,1,5405,11924,8,0,14,3,4,0,10,1,3,2,2,2,2,0,0,1,0,0,1,0,0,1,0,0,0,0,0,0,0,0,0,0,1,0,0,0,1,0.666667,1801.666667,0.666667,0.666667,3.333333,0,0.545455,0,0
27,294,10,2,4,1,32,3,3,1,8793,4809,1,0,21,4,3,2,9,4,2,9,7,1,7,0,1,0,0,1,0,0,1,0,0,0,0,0,0,0,0,1,0,0,0,0,1,0,0,0.7,2198.25,0.1,0.7,0.9,0,1.8,0,0
41,314,1,3,4,1,59,2,5,3,19189,19562,1,0,12,3,2,1,22,3,3,22,7,2,10,0,0,1,1,0,0,1,0,0,0,0,0,0,0,0,1,0,0,0,0,0,0,1,0,0.304348,3198.166667,0.086957,0.434783,0.956522,0,8.608696,0,0
50,316,8,4,4,1,54,3,1,2,3875,9983,7,0,15,3,4,1,4,2,3,2,2,2,2,0,0,1,0,0,1,0,0,1,0,0,0,0,0,0,0,0,0,0,0,1,0,1,0,0.666667,1937.5,0.666667,0.666667,1.333333,0,2.4,0,0
28,654,1,2,1,0,67,1,1,2,2216,3872,7,1,13,3,4,0,10,4,3,7,7,3,7,0,0,1,0,1,0,0,1,0,0,0,0,0,0,0,0,0,0,1,0,0,0,0,1,0.875,1108.0,0.375,0.875,1.25,3,3.818182,1,1
36,427,8,3,1,0,63,4,3,1,11713,20335,9,0,14,3,1,1,10,2,3,8,7,0,5,1,0,0,0,1,0,0,1,0,0,0,0,0,0,0,0,0,1,0,0,0,0,1,0,0.777778,2928.25,0.0,0.555556,1.111111,0,2.181818,0,0
38,168,1,3,3,0,81,3,3,3,7861,15397,4,1,14,3,4,0,10,4,4,1,0,0,0,0,0,1,0,1,0,0,1,0,0,0,0,0,0,0,0,1,0,0,0,0,0,0,1,0.0,1965.25,0.0,0.0,5.0,2,1.090909,1,0
44,381,24,3,1,1,49,1,1,3,3708,2104,2,0,14,3,3,0,9,5,3,5,2,1,4,1,0,0,0,1,0,0,0,0,1,0,0,0,0,1,0,0,0,0,0,0,0,0,1,0.333333,1854.0,0.166667,0.666667,1.5,0,4.5,0,0
47,217,3,3,4,0,49,3,4,3,13770,10225,9,1,12,3,4,2,28,2,2,22,2,11,13,0,1,0,0,0,1,0,0,0,1,0,0,0,0,0,0,0,0,0,1,0,1,0,0,0.086957,2754.0,0.478261,0.565217,1.217391,2,4.551724,3,0
30,501,27,5,3,1,99,3,2,4,5304,25275,7,0,23,4,4,1,10,2,2,8,7,7,7,0,0,1,0,0,1,0,0,1,0,0,0,0,0,0,0,0,0,0,1,0,1,0,0,0.777778,1768.0,0.777778,0.777778,1.111111,0,5.818182,0,0
29,1396,10,3,3,1,99,3,1,3,2642,2755,1,0,11,3,3,0,1,6,3,1,0,0,0,0,0,1,0,0,1,0,1,0,0,0,0,0,0,0,0,0,0,0,0,1,0,0,1,0.0,1321.0,0.0,0.0,0.5,0,4.5,0,0
42,933,19,3,3,1,57,4,1,3,2759,20366,6,1,12,3,4,0,7,2,3,2,2,2,2,0,1,0,0,1,0,0,0,0,1,0,0,0,0,0,0,0,0,1,0,0,1,0,0,0.666667,1379.5,0.666667,0.666667,2.333333,2,2.25,19,1
43,775,15,3,4,1,47,2,2,4,6804,23683,3,0,18,3,3,1,7,5,3,2,2,2,2,0,1,0,0,0,1,0,1,0,0,0,0,0,0,0,0,0,0,0,1,0,0,1,0,0.666667,2268.0,0.666667,0.666667,2.333333,0,3.0,0,0
34,970,8,2,2,0,96,3,2,3,6142,7360,3,0,11,3,4,0,10,2,3,5,1,4,3,0,0,1,0,1,0,0,0,0,1,0,0,1,0,0,0,0,0,0,0,0,0,0,1,0.166667,2047.333333,0.666667,0.5,1.666667,0,4.090909,0,0
23,650,9,1,2,1,37,3,1,1,2500,4344,1,0,14,3,4,1,5,2,4,4,3,0,2,0,0,1,0,1,0,0,0,0,1,0,0,0,0,1,0,0,0,0,0,0,0,1,0,0.6,1250.0,0.0,0.4,1.0,0,2.666667,0,0
39,141,3,3,3,0,44,4,2,2,6389,18767,9,0,15,3,3,1,12,3,1,8,3,3,6,0,0,1,1,0,0,1,0,0,0,0,0,0,1,0,0,0,0,0,0,0,0,1,0,0.333333,2129.666667,0.333333,0.666667,1.333333,0,1.230769,0,0
56,832,9,3,3,1,81,3,4,4,11103,20420,7,0,11,3,3,0,30,1,2,10,7,1,1,0,0,1,0,1,0,0,0,0,1,0,0,1,0,0,0,0,0,0,0,0,0,1,0,0.636364,2220.6,0.090909,0.090909,2.727273,0,2.580645,0,0
40,804,2,1,4,0,86,2,1,4,2342,22929,0,1,20,4,4,0,5,2,2,4,2,2,3,0,0,1,0,1,0,0,0,0,1,0,0,0,0,0,0,0,0,1,0,0,0,0,1,0.4,1171.0,0.4,0.6,1.0,1,5.333333,2,0
27,975,7,3,4,0,55,2,2,1,6811,23398,8,0,19,3,1,0,9,2,1,7,6,0,7,0,0,1,0,1,0,0,0,0,1,0,0,1,0,0,0,0,0,0,0,0,0,0,1,0.75,2270.333333,0.0,0.875,1.125,0,0.7,0,0
29,1090,10,3,4,1,83,3,1,2,2297,17967,1,0,14,3,4,2,2,2,3,2,2,2,2,0,0,1,0,0,1,0,0,1,0,0,0,0,0,0,0,0,0,0,0,1,1,0,0,0.666667,1148.5,0.666667,0.666667,0.666667,0,4.0,0,0
53,346,6,3,4,1,86,3,2,4,2450,10919,2,0,17,3,4,0,19,4,3,2,2,2,2,0,0,1,0,1,0,0,1,0,0,0,0,0,0,1,0,0,0,0,0,0,0,0,1,0.666667,816.666667,0.666667,0.666667,6.333333,0,1.2,0,0
35,1225,2,4,4,0,61,3,2,1,5093,4761,2,0,11,3,1,1,16,2,4,1,0,0,0,1,0,0,0,1,0,0,1,0,0,0,0,1,0,0,0,0,0,0,0,0,1,0,0,0.0,1697.666667,0.0,0.0,8.0,0,0.235294,0,0
32,430,24,4,1,1,80,3,2,4,5309,21146,1,0,15,3,4,2,10,2,3,10,8,4,7,0,1,0,0,1,0,0,1,0,0,0,0,0,0,1,0,0,0,0,0,0,0,1,0,0.727273,1769.666667,0.363636,0.636364,0.909091,0,10.909091,0,0
38,268,2,5,4,1,92,3,1,3,3057,20471,6,1,13,3,2,1,6,0,1,1,0,0,1,0,0,1,0,1,0,0,0,0,1,0,0,0,0,0,0,0,0,1,0,0,0,1,0,0.0,1528.5,0.0,0.5,3.0,2,0.428571,2,0
34,167,8,5,2,0,32,3,2,1,5121,4187,3,0,14,3,3,1,7,3,3,0,0,0,0,0,0,1,0,1,0,0,1,0,0,0,0,0,0,0,0,1,0,0,0,0,1,0,0,0.0,1707.0,0.0,0.0,7.0,0,0.0,0,0
52,621,3,4,3,1,31,2,4,1,16856,10084,1,0,11,3,1,0,34,3,4,34,6,1,16,0,0,1,0,0,1,0,0,1,0,0,0,0,0,0,1,0,0,0,0,0,0,1,0,0.171429,3371.2,0.028571,0.457143,0.971429,0,3.885714,0,0
33,527,1,4,4,1,63,3,1,4,2686,5207,1,1,13,3,3,0,10,2,2,10,9,7,8,0,0,1,0,1,0,0,0,0,0,1,0,0,0,0,0,0,0,1,0,0,0,0,1,0.818182,1343.0,0.636364,0.727273,0.909091,1,7.272727,1,1
25,883,26,1,3,0,32,3,2,4,6180,22807,1,0,23,4,2,0,6,5,2,6,5,1,4,0,0,1,0,0,1,0,0,0,1,0,0,0,0,0,0,0,0,0,1,0,0,0,1,0.714286,2060.0,0.142857,0.571429,0.857143,0,6.857143,0,0
45,954,2,2,2,1,46,1,2,3,6632,12388,0,0,13,3,1,0,9,3,3,8,7,3,1,0,0,1,0,0,1,0,0,0,0,0,1,0,0,0,0,0,0,0,0,1,0,0,1,0.777778,2210.666667,0.333333,0.111111,1.0,0,7.2,0,0
23,310,10,1,1,1,79,4,1,3,3505,19630,1,0,18,3,4,0,2,3,3,2,2,0,2,0,0,1,0,1,0,0,0,0,1,0,0,0,0,0,0,0,0,1,0,0,0,0,1,0.666667,1752.5,0.0,0.666667,0.666667,0,6.0,0,0
47,719,27,2,2,0,77,4,2,3,6397,10339,4,1,12,3,4,0,8,2,3,5,4,1,3,0,1,0,0,0,1,0,1,0,0,0,0,0,0,0,0,0,0,0,1,0,0,0,1,0.666667,2132.333333,0.166667,0.5,1.333333,2,5.0,27,1
34,304,2,3,4,1,60,3,2,4,6274,18686,1,0,22,4,3,0,6,5,3,6,5,1,4,0,0,1,0,0,1,0,0,0,0,1,0,0,0,0,0,0,0,0,1,0,0,0,1,0.714286,2091.333333,0.142857,0.571429,0.857143,0,10.285714,0,0
55,725,2,3,4,1,78,3,5,1,19859,21199,5,1,13,3,4,1,24,2,3,5,2,1,4,0,0,1,0,1,0,0,0,0,1,0,0,0,0,0,1,0,0,0,0,0,0,1,0,0.333333,3309.833333,0.166667,0.666667,4.0,4,0.6,2,1
36,1434,8,4,1,1,76,2,3,1,7587,14229,1,0,15,3,2,0,10,1,3,10,7,0,9,1,0,0,0,0,1,0,1,0,0,0,0,0,0,0,0,0,0,0,1,0,0,0,1,0.636364,1896.75,0.0,0.818182,0.909091,0,2.727273,0,0
52,715,19,4,4,1,41,3,1,4,4258,26589,0,0,18,3,1,1,5,3,3,4,3,1,2,1,0,0,0,1,0,0,0,0,1,0,0,0,0,0,0,0,0,1,0,0,0,1,0,0.6,2129.0,0.2,0.4,1.0,0,8.0,0,0
26,575,1,2,1,0,71,1,1,4,4364,5288,3,0,14,3,1,1,5,2,3,2,2,2,0,0,1,0,0,1,0,0,1,0,0,0,0,0,0,1,0,0,0,0,0,0,1,0,0,0.666667,2182.0,0.666667,0.0,1.666667,0,4.0,0,0
29,657,27,3,2,0,66,3,2,3,4335,25549,4,0,12,3,1,1,11,3,2,8,7,1,1,0,0,1,0,1,0,0,0,0,1,0,0,1,0,0,0,0,0,0,0,0,0,1,0,0.777778,1445.0,0.111111,0.111111,1.222222,0,4.0,0,0
26,1146,8,3,4,1,38,2,2,1,5326,3064,6,0,17,3,3,0,6,2,2,4,3,1,2,0,0,1,0,0,1,0,0,0,0,0,1,0,0,0,0,0,0,0,1,0,0,0,1,0.6,1775.333333,0.2,0.4,1.2,0,1.142857,0,1
34,182,1,4,2,0,72,4,1,4,3280,13551,2,0,16,3,3,0,10,2,3,4,2,1,3,0,0,1,0,1,0,0,1,0,0,0,0,0,0,0,0,0,0,1,0,0,0,0,1,0.4,1640.0,0.2,0.6,2.0,0,4.363636,0,0
54,376,19,4,4,0,95,3,2,1,5485,22670,9,1,11,3,2,2,9,4,3,5,3,1,4,0,0,1,0,1,0,0,0,0,1,0,0,0,0,0,0,1,0,0,0,0,1,0,0,0.5,1828.333333,0.166667,0.666667,1.5,4,1.5,19,0
27,829,8,1,3,1,84,3,2,4,4342,24008,0,0,19,3,2,1,5,3,3,4,2,1,1,0,1,0,0,0,1,0,0,1,0,0,0,0,0,0,0,0,0,0,1,0,0,1,0,0.4,1447.333333,0.2,0.2,1.0,0,8.0,0,0
37,571,10,1,4,0,82,3,1,1,2782,19905,0,1,13,3,2,2,6,3,2,5,3,4,3,0,0,1,0,1,0,0,1,0,0,0,0,0,0,0,0,0,0,1,0,0,1,0,0,0.5,1391.0,0.666667,0.5,1.0,4,1.428571,10,0
38,240,2,4,1,0,75,4,2,1,5980,26085,6,1,12,3,4,0,17,2,3,15,7,4,12,0,1,0,0,1,0,0,1,0,0,0,0,0,0,0,0,1,0,0,0,0,0,0,1,0.4375,1993.333333,0.25,0.75,1.0625,4,2.5,2,0
34,121,2,4,3,0,86,2,1,1,4381,7530,1,0,11,3,3,0,6,3,3,6,5,1,3,0,0,1,0,1,0,0,0,0,1,0,0,0,0,0,0,0,0,1,0,0,0,0,1,0.714286,2190.5,0.142857,0.428571,0.857143,0,2.571429,0,0
35,384,8,4,1,0,72,3,1,4,2572,20317,1,0,16,3,2,1,3,1,2,3,2,0,2,0,0,1,0,0,1,0,1,0,0,0,0,0,0,0,0,0,0,0,0,1,0,1,0,0.5,1286.0,0.0,0.5,0.75,0,6.0,0,0
30,921,1,3,4,1,38,1,1,3,3833,24375,3,0,21,4,3,2,7,2,3,2,2,0,2,0,0,1,0,1,0,0,1,0,0,0,0,0,0,1,0,0,0,0,0,0,0,1,0,0.666667,1916.5,0.0,0.666667,2.333333,0,2.25,0,0
40,791,2,2,3,0,38,4,2,2,4244,9931,1,0,24,4,4,1,8,2,3,8,7,3,7,0,1,0,0,1,0,0,0,0,1,0,0,1,0,0,0,0,0,0,0,0,0,1,0,0.777778,1414.666667,0.333333,0.777778,0.888889,0,5.333333,0,0
34,1111,8,2,3,0,93,3,2,1,6500,13305,5,0,17,3,2,1,6,1,3,3,2,1,2,0,0,1,0,0,1,0,1,0,0,0,0,0,0,0,0,0,0,0,1,0,0,1,0,0.5,2166.666667,0.25,0.5,1.5,0,1.285714,0,0
42,570,8,3,2,1,66,3,5,4,18430,16225,1,0,13,3,2,1,24,4,2,24,7,14,9,0,1,0,0,1,0,0,1,0,0,0,0,0,0,0,1,0,0,0,0,0,1,0,0,0.28,3071.666667,0.56,0.36,0.96,0,7.68,0,0
23,1243,6,3,3,1,63,4,1,1,1601,3445,1,1,21,4,3,2,1,2,3,0,0,0,0,0,0,1,0,1,0,0,1,0,0,0,0,0,0,1,0,0,0,0,0,0,0,1,0,0.0,800.5,0.0,0.0,1.0,4,0.0,6,1
24,1092,9,3,3,1,60,2,1,2,2694,26551,1,0,11,3,3,3,1,4,3,1,0,0,0,1,0,0,0,1,0,0,1,0,0,0,0,0,0,1,0,0,0,0,0,0,1,0,0,0.0,1347.0,0.0,0.0,0.5,0,3.0,0,0
52,1325,11,4,4,0,82,3,2,3,3149,21821,8,0,20,4,2,1,9,3,3,5,2,1,4,0,0,1,0,1,0,0,1,0,0,0,0,0,0,1,0,0,0,0,0,0,0,1,0,0.333333,1049.666667,0.166667,0.666667,1.5,0,4.5,0,0
50,691,2,3,3,1,64,3,4,3,17639,6881,5,0,16,3,4,0,30,3,3,4,3,0,3,0,0,1,0,1,0,0,0,0,1,0,0,0,0,0,0,0,1,0,0,0,0,1,0,0.6,3527.8,0.0,0.6,6.0,0,1.16129,0,0
29,805,1,2,2,0,36,2,1,1,2319,6689,1,1,11,3,4,1,1,1,3,1,0,0,0,0,0,1,0,1,0,0,1,0,0,0,0,0,0,1,0,0,0,0,0,0,0,1,0,0.0,1159.5,0.0,0.0,0.5,4,1.5,1,1
33,213,7,3,3,1,49,3,3,3,11691,25995,0,0,11,3,4,0,14,3,4,13,9,3,7,0,0,1,0,1,0,0,0,0,1,0,0,0,0,0,0,0,1,0,0,0,0,1,0,0.642857,2922.75,0.214286,0.5,1.0,0,10.4,0,0
33,118,16,3,1,0,69,3,2,1,5324,26507,5,0,15,3,3,0,6,3,3,3,2,0,2,0,0,1,0,0,1,0,0,1,0,0,0,0,0,0,0,0,0,0,1,0,0,0,1,0.5,1774.666667,0.0,0.5,1.5,0,1.285714,0,1
47,202,2,2,3,0,33,3,4,4,16752,12982,1,1,11,3,3,1,26,3,2,26,14,3,0,0,0,1,0,1,0,0,0,0,0,1,0,0,0,0,1,0,0,0,0,0,0,1,0,0.518519,3350.4,0.111111,0.0,0.962963,1,7.703704,2,0
36,676,1,3,3,0,35,3,2,2,5228,23361,0,0,15,3,1,1,10,2,3,9,7,0,5,0,0,1,0,1,0,0,0,0,0,1,0,0,0,0,0,1,0,0,0,0,0,1,0,0.7,1742.666667,0.0,0.5,1.0,0,4.909091,0,0
29,1252,23,2,3,1,81,4,1,3,2700,23779,1,0,24,4,3,1,10,3,3,10,7,0,7,0,0,1,0,1,0,0,1,0,0,0,0,0,0,0,0,0,0,1,0,0,0,1,0,0.636364,1350.0,0.0,0.636364,0.909091,0,8.181818,0,0
58,286,2,4,4,1,31,3,5,2,19246,25761,7,1,12,3,4,0,40,2,3,31,15,13,8,0,0,1,0,1,0,0,1,0,0,0,0,0,0,0,0,0,1,0,0,0,0,0,1,0.46875,3207.666667,0.40625,0.25,1.25,3,4.536585,2,1
35,1258,1,4,4,0,40,4,1,3,2506,13301,3,0,13,3,3,0,7,0,3,2,2,2,2,0,0,1,0,1,0,0,1,0,0,0,0,0,0,0,0,0,0,1,0,0,0,0,1,0.666667,1253.0,0.666667,0.666667,2.333333,0,2.25,0,0
42,932,1,2,4,0,43,2,2,4,6062,4051,9,1,13,3,4,1,8,4,3,4,3,0,2,0,0,1,0,1,0,0,1,0,0,0,0,0,0,0,0,1,0,0,0,0,0,1,0,0.6,2020.666667,0.0,0.4,1.6,1,5.333333,1,0
28,890,2,4,3,1,46,3,1,3,4382,16374,6,0,17,3,4,0,5,3,2,2,2,2,1,0,0,1,0,1,0,0,0,0,1,0,0,0,0,0,0,0,0,1,0,0,0,0,1,0.666667,2191.0,0.666667,0.333333,1.666667,0,2.0,0,1
36,1041,13,3,3,1,36,3,1,2,2143,25527,4,0,13,3,2,1,8,2,3,5,2,0,4,0,0,1,1,0,0,1,0,0,0,0,0,0,1,0,0,0,0,0,0,0,0,1,0,0.333333,1071.5,0.0,0.666667,1.333333,0,3.333333,0,0
32,859,4,3,3,0,98,2,2,3,6162,19124,1,0,12,3,3,1,14,3,3,14,13,6,8,0,0,1,0,1,0,0,1,0,0,0,0,0,0,0,0,1,0,0,0,0,0,1,0,0.866667,2054.0,0.4,0.533333,0.933333,0,8.4,0,0
40,720,16,4,1,1,51,2,2,3,5094,11983,6,0,14,3,4,0,10,6,3,1,0,0,0,0,1,0,0,1,0,0,0,0,1,0,0,0,0,1,0,0,0,0,0,0,0,0,1,0.0,1698.0,0.0,0.0,5.0,0,0.818182,0,0
30,946,2,3,3,0,52,2,2,4,6877,20234,5,1,24,4,2,0,12,4,2,0,0,0,0,0,0,1,0,1,0,0,0,0,1,0,0,0,0,0,0,1,0,0,0,0,0,0,1,0.0,2292.333333,0.0,0.0,12.0,1,0.0,2,0
45,252,2,3,2,0,95,2,1,3,2274,6153,1,0,14,3,4,0,1,3,3,1,0,0,0,0,0,1,0,1,0,0,1,0,0,0,0,0,0,0,0,0,0,1,0,0,0,0,1,0.0,1137.0,0.0,0.0,0.5,0,4.5,0,0
42,933,29,3,2,1,98,3,2,2,4434,11806,1,0,13,3,4,1,10,3,2,9,8,7,8,0,0,1,0,1,0,0,1,0,0,0,0,0,0,0,0,1,0,0,0,0,0,1,0,0.8,1478.0,0.7,0.8,1.0,0,3.272727,0,0
38,471,12,3,1,1,45,2,2,1,6288,4284,2,0,15,3,3,1,13,3,2,4,3,1,2,0,1,0,0,1,0,0,1,0,0,0,0,1,0,0,0,0,0,0,0,0,1,0,0,0.6,2096.0,0.2,0.4,2.6,0,0.571429,0,0
34,702,16,4,3,0,100,2,1,4,2553,8306,1,0,16,3,3,0,6,3,3,5,2,1,3,0,1,0,0,1,0,0,1,0,0,0,0,0,0,0,0,0,0,1,0,0,0,0,1,0.333333,1276.5,0.166667,0.5,1.0,0,8.571429,0,0
49,1184,11,3,3,0,43,3,3,4,7654,5860,1,0,18,3,1,2,9,3,4,9,8,7,7,0,0,1,0,0,1,0,0,1,0,0,0,0,0,0,0,0,0,0,1,0,0,1,0,0.8,1913.5,0.7,0.7,0.9,0,14.4,0,1
55,436,2,1,3,1,37,3,2,4,5160,21519,4,0,16,3,3,0,12,3,2,9,7,7,3,0,0,1,0,0,1,0,0,0,1,0,0,0,0,0,0,0,0,0,1,0,0,0,1,0.7,1720.0,0.7,0.3,1.2,0,5.538462,0,1
43,589,14,2,2,1,94,3,4,1,17159,5200,6,0,24,4,3,1,22,3,3,4,1,1,0,0,0,1,0,1,0,0,1,0,0,0,0,0,0,0,0,0,1,0,0,0,0,1,0,0.2,3431.8,0.2,0.0,4.4,0,0.521739,0,0
27,269,5,1,3,1,42,2,3,4,12808,8842,1,1,16,3,2,1,9,3,3,9,8,0,8,0,0,1,0,1,0,0,0,0,0,0,1,0,0,0,0,0,1,0,0,0,1,0,0,0.8,3202.0,0.0,0.8,0.9,1,10.8,5,0
35,950,7,3,3,1,59,3,3,3,10221,18869,3,0,21,4,2,0,17,3,4,8,5,1,6,0,0,1,0,1,0,0,0,0,0,1,0,0,0,0,0,1,0,0,0,0,0,0,1,0.555556,2555.25,0.111111,0.666667,1.888889,0,5.333333,0,0
28,760,2,4,2,0,81,3,2,2,4779,3698,1,1,20,4,1,0,8,2,3,8,7,7,5,0,0,1,0,0,1,0,0,1,0,0,0,0,0,0,0,0,0,0,1,0,0,1,0,0.777778,1593.0,0.777778,0.555556,0.888889,3,5.333333,2,0
34,829,3,2,3,1,88,3,1,4,3737,2243,0,0,19,3,3,1,4,1,1,3,2,0,2,0,0,1,1,0,0,1,0,0,0,0,0,0,1,0,0,0,0,0,0,0,0,1,0,0.5,1868.5,0.0,0.5,1.0,0,2.4,0,0
26,887,5,2,3,0,88,2,1,3,2366,20898,1,1,14,3,1,1,8,2,3,8,7,1,7,0,1,0,0,1,0,0,0,0,1,0,0,0,0,0,0,0,0,1,0,0,0,1,0,0.777778,1183.0,0.111111,0.777778,0.888889,2,8.0,5,1
27,443,3,3,4,1,50,3,1,4,1706,16571,1,0,11,3,3,3,0,6,2,0,0,0,0,1,0,0,0,1,0,0,0,0,1,0,0,0,0,0,0,0,0,1,0,0,0,1,0,0.0,853.0,0.0,0.0,0.0,0,0.0,0,0
51,1318,26,4,1,0,66,3,4,3,16307,5594,2,0,14,3,3,1,29,2,2,20,6,4,17,0,0,1,0,0,1,0,0,1,0,0,0,0,0,0,1,0,0,0,0,0,0,1,0,0.285714,3261.4,0.190476,0.809524,1.380952,0,4.0,0,0
44,625,4,3,4,1,50,3,2,2,5933,5197,9,0,12,3,4,0,10,2,2,5,2,2,3,0,0,1,0,1,0,0,0,0,1,0,0,1,0,0,0,0,0,0,0,0,0,0,1,0.333333,1977.666667,0.333333,0.5,1.666667,0,1.818182,0,0
25,180,2,1,1,1,65,4,1,1,3424,21632,7,0,13,3,3,0,6,3,2,4,3,0,1,0,0,1,0,1,0,0,0,0,1,0,0,0,0,0,0,0,0,1,0,0,0,0,1,0.6,1712.0,0.0,0.2,1.2,0,1.142857,0,0
33,586,1,3,1,1,48,4,2,1,4037,21816,1,0,22,4,1,1,9,5,3,9,8,0,8,0,0,1,0,0,1,0,0,0,1,0,0,0,0,0,0,0,0,0,1,0,1,0,0,0.8,1345.666667,0.0,0.8,0.9,0,2.7,0,0
35,1343,27,1,3,0,53,2,1,1,2559,17852,1,0,11,3,4,0,6,3,2,6,5,1,1,0,0,1,0,1,0,0,0,0,1,0,0,0,0,0,0,0,0,1,0,0,0,0,1,0.714286,1279.5,0.142857,0.142857,0.857143,0,1.714286,0,0
36,928,1,2,2,1,56,3,2,4,6201,2823,1,1,14,3,4,1,18,1,2,18,14,4,11,0,0,1,0,0,1,0,1,0,0,0,0,0,0,0,0,0,0,0,1,0,0,1,0,0.736842,2067.0,0.210526,0.578947,0.947368,1,7.578947,1,0
32,117,13,4,2,1,73,3,2,4,4403,9250,2,0,11,3,3,1,8,3,2,5,2,0,3,0,0,1,0,0,1,0,1,0,0,0,0,0,0,0,0,0,0,0,1,0,1,0,0,0.333333,1467.666667,0.0,0.5,1.333333,0,4.444444,0,0
30,1012,5,4,2,1,75,2,1,4,3761,2373,9,0,12,3,2,1,10,3,2,5,4,0,3,0,1,0,0,1,0,0,1,0,0,0,0,0,0,0,0,0,0,1,0,0,1,0,0,0.666667,1880.5,0.0,0.5,1.666667,0,3.636364,0,0
53,661,7,2,1,0,78,2,3,4,10934,20715,7,1,18,3,4,1,35,3,3,5,2,0,4,0,0,1,0,0,1,0,0,1,0,0,0,0,0,0,0,0,0,0,1,0,0,1,0,0.333333,2733.5,0.0,0.666667,5.833333,1,1.666667,7,0
45,930,9,3,4,1,74,3,3,1,10761,19239,4,1,12,3,3,1,18,2,3,5,4,0,2,0,0,1,0,0,1,0,0,1,0,0,0,0,0,0,0,0,0,0,1,0,1,0,0,0.666667,2690.25,0.0,0.333333,3.0,4,0.789474,9,0
32,638,8,2,3,0,91,4,2,3,5175,22162,5,0,12,3,3,1,9,3,2,5,3,1,3,0,0,1,0,1,0,0,0,0,1,0,0,0,0,0,0,0,0,1,0,0,0,1,0,0.5,1725.0,0.166667,0.5,1.5,0,3.0,0,0
52,890,25,4,3,0,81,2,4,4,13826,19028,3,0,22,4,3,0,31,3,3,9,8,0,0,0,1,0,0,1,0,0,0,0,1,0,0,0,0,0,0,1,0,0,0,0,0,1,0,0.8,2765.2,0.0,0.0,3.1,0,3.375,0,0
37,342,16,4,4,1,66,2,2,3,6334,24558,4,0,19,3,4,2,9,2,3,1,0,0,0,0,0,1,0,0,1,0,0,1,0,0,0,0,0,0,0,0,0,0,1,0,1,0,0,0.0,2111.333333,0.0,0.0,4.5,0,0.9,0,0
28,1169,8,2,2,1,63,2,1,4,4936,23965,1,0,13,3,4,1,6,6,3,5,1,0,4,0,0,1,1,0,0,0,0,0,1,0,0,0,1,0,0,0,0,0,0,0,1,0,0,0.166667,2468.0,0.0,0.666667,1.0,0,8.571429,0,0
22,1230,1,2,4,1,33,2,2,4,4775,19146,6,0,22,4,1,2,4,2,1,2,2,2,2,0,0,1,0,1,0,0,1,0,0,0,0,0,0,0,0,1,0,0,0,0,0,1,0,0.666667,1591.666667,0.666667,0.666667,1.333333,0,1.6,0,0
44,986,8,4,1,1,62,4,1,4,2818,5044,2,1,24,4,3,1,10,2,2,3,2,0,2,0,0,1,0,1,0,0,1,0,0,0,0,0,0,1,0,0,0,0,0,0,0,1,0,0.5,1409.0,0.0,0.5,2.5,1,2.181818,8,0
42,1271,2,1,2,1,35,3,1,4,2515,9068,5,1,14,3,4,0,8,2,3,2,1,2,2,0,1,0,0,1,0,0,0,0,1,0,0,0,0,0,0,0,0,1,0,0,0,0,1,0.333333,1257.5,0.666667,0.666667,2.666667,1,2.666667,2,0
36,1278,8,3,1,1,77,2,1,1,2342,8635,0,0,21,4,3,0,6,3,3,5,4,0,3,0,0,1,1,0,0,0,1,0,0,0,0,0,1,0,0,0,0,0,0,0,0,1,0,0.666667,1171.0,0.0,0.5,1.0,0,2.142857,0,0
25,141,3,1,3,1,98,3,2,1,4194,14363,1,1,18,3,4,0,5,3,3,5,3,0,3,0,0,1,0,0,1,0,0,0,0,1,0,0,0,0,0,0,0,0,1,0,0,1,0,0.5,1398.0,0.0,0.5,0.833333,4,2.5,3,0
35,607,9,3,4,0,66,2,3,3,10685,23457,1,1,20,4,2,1,17,2,3,17,14,5,15,0,0,1,0,1,0,0,1,0,0,0,0,0,0,0,0,1,0,0,0,0,0,1,0,0.777778,2671.25,0.277778,0.833333,0.944444,2,8.5,9,0
35,130,25,4,4,0,96,3,1,2,2022,16612,1,1,19,3,1,1,10,3,2,10,2,7,8,0,1,0,0,1,0,0,1,0,0,0,0,0,0,0,0,0,0,1,0,0,1,0,0,0.181818,1011.0,0.636364,0.727273,0.909091,3,3.636364,25,1
32,300,1,3,4,1,61,3,1,4,2314,9148,0,0,12,3,2,1,4,2,3,3,0,0,2,1,0,0,0,1,0,0,1,0,0,0,0,0,0,1,0,0,0,0,0,0,1,0,0,0.0,1157.0,0.0,0.5,1.0,0,7.2,0,0
25,583,4,1,3,1,87,2,2,1,4256,18154,1,0,12,3,1,0,5,1,4,5,2,0,3,0,0,1,0,0,1,0,0,1,0,0,0,0,0,0,0,0,0,0,1,0,0,1,0,0.333333,1418.666667,0.0,0.5,0.833333,0,3.333333,0,0
49,1418,1,3,3,0,36,3,1,1,3580,10554,2,0,16,3,2,1,7,2,3,4,2,0,2,0,0,1,0,1,0,0,0,0,0,0,1,0,0,0,0,0,0,1,0,0,0,1,0,0.4,1790.0,0.0,0.4,1.4,0,1.5,0,0
24,1269,4,1,1,1,46,2,1,4,3162,10778,0,0,17,3,4,0,6,2,2,5,2,3,4,1,0,0,0,1,0,0,1,0,0,0,0,0,0,1,0,0,0,0,0,0,0,1,0,0.333333,1581.0,0.5,0.666667,1.0,0,5.714286,0,0
32,379,5,2,2,1,48,3,2,2,6524,8891,1,0,14,3,4,1,10,3,3,10,8,5,3,0,1,0,0,0,1,0,1,0,0,0,0,0,0,0,0,0,0,0,1,0,0,1,0,0.727273,2174.666667,0.454545,0.272727,0.909091,0,5.454545,0,0
38,395,9,3,2,1,98,2,1,2,2899,12102,0,0,19,3,4,1,3,3,3,2,2,1,2,0,0,1,0,0,1,0,0,1,0,0,0,0,0,0,0,0,0,0,0,1,0,1,0,0.666667,1449.5,0.333333,0.666667,1.0,0,3.0,0,0
42,1265,3,3,3,0,95,4,2,4,5231,23726,2,1,13,3,2,1,17,1,2,5,3,1,3,0,0,1,0,1,0,0,1,0,0,0,0,0,0,1,0,0,0,0,0,0,0,1,0,0.5,1743.666667,0.166667,0.5,2.833333,1,2.222222,3,0
31,1222,11,4,4,1,48,3,1,4,2356,14871,3,1,19,3,2,1,8,2,3,6,4,0,2,0,0,1,0,1,0,0,1,0,0,0,0,0,0,0,0,0,0,1,0,0,0,1,0,0.571429,1178.0,0.0,0.285714,1.142857,1,8.0,11,0
29,341,1,3,2,0,48,2,1,3,2800,23522,6,1,19,3,3,3,5,3,3,3,2,0,2,0,0,1,0,0,1,0,0,0,1,0,0,0,0,0,0,0,0,0,0,1,1,0,0,0.5,1400.0,0.0,0.5,1.25,2,4.5,1,1
53,868,8,3,1,1,73,3,4,4,11836,22789,5,0,14,3,3,1,28,3,3,2,0,2,2,0,0,1,0,0,1,0,0,1,0,0,0,0,0,0,0,0,0,0,1,0,0,1,0,0.0,2367.2,0.666667,0.666667,9.333333,0,0.827586,0,0
35,672,25,3,4,1,78,2,3,2,10903,9129,3,0,16,3,1,0,16,2,3,13,10,4,8,0,0,1,0,1,0,0,0,0,0,0,1,0,0,0,0,1,0,0,0,0,0,1,0,0.714286,2725.75,0.285714,0.571429,1.142857,0,4.588235,0,0
37,1231,21,2,3,0,54,3,1,4,2973,21222,5,0,15,3,2,1,10,3,3,5,4,0,0,0,1,0,0,0,1,0,0,0,1,0,0,0,0,0,0,0,0,0,0,1,0,1,0,0.666667,1486.5,0.0,0.0,1.666667,0,5.454545,0,0
53,102,23,4,4,0,72,3,4,4,14275,20206,6,0,18,3,3,0,33,0,3,12,9,3,8,0,0,1,0,1,0,0,1,0,0,0,0,0,0,0,0,0,1,0,0,0,0,0,1,0.692308,2855.0,0.230769,0.615385,2.538462,0,4.235294,0,0
43,422,1,3,4,0,33,3,2,4,5562,21782,4,0,13,3,2,1,12,2,2,5,2,2,2,0,1,0,0,1,0,0,1,0,0,0,0,1,0,0,0,0,0,0,0,0,0,1,0,0.333333,1854.0,0.333333,0.333333,2.0,0,3.076923,0,0
47,249,2,2,3,0,35,3,2,4,4537,17783,0,1,22,4,1,1,8,2,3,7,6,7,7,0,0,1,0,0,1,0,0,1,0,0,0,0,0,0,0,0,0,0,1,0,0,1,0,0.75,1512.333333,0.875,0.875,1.0,1,9.333333,2,0
37,1252,19,2,1,1,32,3,3,2,7642,4814,1,1,13,3,4,0,10,2,3,10,0,0,9,1,0,0,0,0,1,0,0,0,1,0,0,0,0,0,0,0,0,0,1,0,0,0,1,0.0,1910.5,0.0,0.818182,0.909091,3,5.454545,19,0
50,881,2,4,1,1,98,3,4,1,17924,4544,1,0,11,3,4,1,31,3,3,31,6,14,7,1,0,0,0,1,0,0,1,0,0,0,0,0,0,0,1,0,0,0,0,0,1,0,0,0.1875,3584.8,0.4375,0.21875,0.96875,0,2.90625,0,0
39,1383,2,3,4,0,42,2,2,4,5204,7790,8,0,11,3,3,2,13,2,3,5,4,0,4,0,0,1,1,0,0,0,1,0,0,0,0,0,1,0,0,0,0,0,0,0,0,1,0,0.666667,1734.666667,0.0,0.666667,2.166667,0,4.285714,0,0
33,1075,3,2,4,1,57,3,1,2,2277,22650,3,1,11,3,3,1,7,4,4,4,3,0,3,0,0,1,1,0,0,1,0,0,0,0,0,0,1,0,0,0,0,0,0,0,1,0,0,0.6,1138.5,0.0,0.6,1.4,3,4.0,3,0
32,374,25,4,1,1,87,3,1,4,2795,18016,1,1,24,4,3,0,1,2,1,1,0,0,1,0,0,1,0,1,0,0,1,0,0,0,0,0,0,1,0,0,0,0,0,0,0,0,1,0.0,1397.5,0.0,0.5,0.5,1,2.0,25,1
29,1086,7,1,1,0,62,2,1,4,2532,6054,6,0,14,3,3,3,8,5,3,4,3,0,3,0,0,1,0,1,0,0,0,0,1,0,0,0,0,1,0,0,0,0,0,0,1,0,0,0.6,1266.0,0.0,0.6,1.6,0,5.333333,0,0
44,661,9,2,2,1,61,3,1,1,2559,7508,1,1,13,3,4,0,8,0,3,8,7,7,1,0,0,1,0,1,0,0,1,0,0,0,0,0,0,0,0,0,0,1,0,0,0,1,0,0.777778,1279.5,0.777778,0.111111,0.888889,4,2.666667,9,0
28,821,5,4,1,1,98,3,2,4,4908,24252,1,0,14,3,2,0,4,3,3,4,2,0,2,0,0,1,0,0,1,0,0,0,1,0,0,0,0,0,0,0,0,0,1,0,0,0,1,0.4,1636.0,0.0,0.4,0.8,0,9.6,0,0
58,781,2,1,4,1,57,2,1,4,2380,13384,9,1,14,3,4,1,3,3,2,1,0,0,0,0,1,0,0,1,0,0,1,0,0,0,0,0,0,1,0,0,0,0,0,0,1,0,0,0.0,1190.0,0.0,0.0,1.5,1,2.0,2,1
43,177,8,3,1,0,55,3,2,2,4765,23814,4,0,21,4,3,1,4,2,4,1,0,0,0,0,0,1,0,1,0,0,1,0,0,0,0,0,0,0,0,1,0,0,0,0,1,0,0,0.0,1588.333333,0.0,0.0,2.0,0,1.6,0,0
20,500,2,3,3,0,49,2,1,3,2044,22052,1,0,13,3,4,0,2,3,2,2,2,0,2,0,0,1,0,0,1,0,0,0,1,0,0,0,0,0,0,0,0,0,0,1,0,0,1,0.666667,1022.0,0.0,0.666667,0.666667,0,4.0,0,1
21,1427,18,1,4,0,65,3,1,4,2693,8870,1,0,19,3,1,0,1,3,2,1,0,0,0,0,0,1,0,1,0,0,0,0,0,1,0,0,0,0,0,0,0,1,0,0,0,0,1,0.0,1346.5,0.0,0.0,0.5,0,4.0,0,1
36,1425,14,1,3,1,68,3,2,4,6586,4821,0,1,17,3,1,1,17,2,2,16,8,4,11,0,0,1,0,1,0,0,1,0,0,0,0,1,0,0,0,0,0,0,0,0,0,1,0,0.470588,2195.333333,0.235294,0.647059,1.0,1,7.111111,14,0
47,1454,2,4,4,0,65,2,1,4,3294,13137,1,1,18,3,1,0,3,3,2,3,2,1,2,0,0,1,0,0,1,0,1,0,0,0,0,0,0,0,0,0,0,0,0,1,0,0,1,0.5,1647.0,0.25,0.5,0.75,1,6.0,2,0
22,617,3,1,2,0,34,3,2,3,4171,10022,0,1,19,3,1,1,4,3,4,3,2,0,2,0,0,1,0,1,0,0,1,0,0,0,0,0,0,0,0,1,0,0,0,0,0,1,0,0.5,1390.333333,0.0,0.5,1.0,2,7.2,3,1
41,1085,2,4,2,0,57,1,1,4,2778,17725,4,1,13,3,3,1,10,1,2,7,7,1,0,0,0,1,0,1,0,0,1,0,0,0,0,0,0,1,0,0,0,0,0,0,1,0,0,0.875,1389.0,0.125,0.0,1.25,1,5.090909,2,1
28,995,9,3,3,0,77,3,1,3,2377,9834,5,0,18,3,2,1,6,2,3,2,2,2,2,0,0,1,0,1,0,0,0,0,1,0,0,0,0,0,0,0,0,1,0,0,1,0,0,0.666667,1188.5,0.666667,0.666667,2.0,0,2.571429,0,0
39,1122,6,3,4,1,70,3,1,1,2404,4303,7,1,21,4,4,0,8,2,1,2,2,2,2,0,0,1,0,1,0,0,0,0,1,0,0,0,0,1,0,0,0,0,0,0,0,1,0,0.666667,1202.0,0.666667,0.666667,2.666667,4,0.222222,6,1
27,618,4,3,2,0,76,3,1,3,2318,17808,1,0,19,3,3,0,1,2,3,1,1,0,0,0,0,1,0,1,0,0,1,0,0,0,0,0,0,0,0,0,0,1,0,0,0,0,1,0.5,1159.0,0.0,0.0,0.5,0,4.5,0,0
34,546,10,3,2,1,83,3,1,2,2008,6896,1,0,14,3,2,2,1,3,3,1,0,1,0,0,0,1,0,1,0,0,1,0,0,0,0,0,0,1,0,0,0,0,0,0,1,0,0,0.0,1004.0,0.5,0.0,0.5,0,3.0,0,0
42,462,14,2,3,0,68,2,2,3,6244,7824,7,0,17,3,1,0,10,6,3,5,4,0,3,0,0,1,0,0,1,0,0,0,1,0,0,0,0,0,0,0,0,0,1,0,0,0,1,0.666667,2081.333333,0.0,0.5,1.666667,0,4.090909,0,0
33,1198,1,4,3,1,100,2,1,1,2799,3339,3,1,11,3,2,0,6,1,3,3,2,0,2,0,0,1,0,1,0,0,0,0,0,1,0,0,0,0,0,0,0,1,0,0,0,0,1,0.5,1399.5,0.0,0.5,1.5,4,1.285714,1,0
58,1272,5,3,3,0,37,2,3,2,10552,9255,2,1,13,3,4,1,24,3,3,6,0,0,4,0,0,1,0,1,0,0,0,0,0,0,1,1,0,0,0,0,0,0,0,0,1,0,0,0.0,2638.0,0.0,0.571429,3.428571,3,1.44,5,0
31,154,7,4,2,1,41,2,1,3,2329,11737,3,0,15,3,2,0,13,2,4,7,7,5,2,0,0,1,0,0,1,0,1,0,0,0,0,0,0,0,0,0,0,0,0,1,0,1,0,0.875,1164.5,0.625,0.25,1.625,0,6.0,0,0
35,1137,21,1,4,0,51,3,2,4,4014,19170,1,1,25,4,4,1,10,2,1,10,6,0,7,0,0,1,0,1,0,0,1,0,0,0,0,1,0,0,0,0,0,0,0,0,0,1,0,0.545455,1338.0,0.0,0.636364,0.909091,1,3.636364,21,0
49,527,8,2,1,0,51,3,3,2,7403,22477,4,0,11,3,3,1,29,3,2,26,9,1,7,0,0,1,0,1,0,0,0,0,0,1,0,0,0,1,0,0,0,0,0,0,0,1,0,0.333333,1850.75,0.037037,0.259259,1.074074,0,3.466667,0,0
48,1469,20,4,4,1,51,3,1,3,2259,5543,4,0,17,3,1,2,13,2,2,0,0,0,0,0,0,1,0,1,0,0,0,0,1,0,0,0,0,0,0,0,0,1,0,0,0,1,0,0.0,1129.5,0.0,0.0,13.0,0,0.0,0,0
31,1188,20,2,4,0,45,3,2,3,6932,24406,1,0,13,3,4,1,9,2,2,9,8,0,0,1,0,0,0,0,1,0,0,1,0,0,0,0,0,0,0,0,0,0,1,0,0,1,0,0.8,2310.666667,0.0,0.0,0.9,0,5.4,0,0
36,188,7,4,2,1,65,3,1,4,4678,23293,2,0,18,3,3,0,8,6,3,6,2,0,1,0,0,1,0,1,0,0,0,0,0,1,0,0,0,0,0,0,0,1,0,0,0,0,1,0.285714,2339.0,0.0,0.142857,1.142857,0,8.0,0,0
38,1333,1,3,4,0,80,3,3,1,13582,16292,1,0,13,3,2,1,15,3,3,15,12,5,11,0,0,1,0,1,0,0,0,0,0,0,1,0,0,0,0,0,1,0,0,0,0,1,0,0.75,3395.5,0.3125,0.6875,0.9375,0,2.8125,0,0
32,1184,1,3,3,0,70,2,1,2,2332,3974,6,0,20,4,3,0,5,3,3,3,0,0,2,1,0,0,0,1,0,0,1,0,0,0,0,0,0,1,0,0,0,0,0,0,0,1,0,0.0,1166.0,0.0,0.5,1.25,0,3.0,0,0
25,867,19,2,3,1,36,2,1,2,2413,18798,1,1,18,3,3,3,1,2,3,1,0,0,0,0,0,1,0,0,1,0,0,1,0,0,0,0,0,0,0,0,0,0,0,1,0,1,0,0.0,1206.5,0.0,0.0,0.5,3,3.0,19,1
40,658,10,4,1,1,67,2,3,2,9705,20652,2,0,12,3,2,1,11,2,2,1,0,0,0,0,0,1,0,0,1,0,0,1,0,0,0,0,0,0,0,0,0,0,1,0,1,0,0,0.0,2426.25,0.0,0.0,5.5,0,0.333333,0,0
26,1283,1,3,3,1,52,2,2,1,4294,11148,1,0,12,3,2,0,7,2,3,7,7,0,7,0,1,0,0,0,1,0,0,0,1,0,0,0,0,0,0,0,0,0,1,0,0,0,1,0.875,1431.333333,0.0,0.875,0.875,0,2.625,0,0
41,263,6,3,4,1,59,3,1,1,4721,3119,2,1,13,3,3,0,20,3,3,18,13,2,17,0,0,1,0,1,0,0,0,0,1,0,0,0,0,1,0,0,0,0,0,0,0,0,1,0.684211,2360.5,0.105263,0.894737,1.052632,4,2.571429,6,0
36,938,2,4,3,1,79,3,1,3,2519,12287,4,0,21,4,3,0,16,6,3,11,8,3,9,0,0,1,0,1,0,0,0,0,1,0,0,0,0,1,0,0,0,0,0,0,0,0,1,0.666667,1259.5,0.25,0.75,1.333333,0,5.823529,0,0
19,419,21,3,4,1,37,2,1,2,2121,9947,1,1,13,3,2,0,1,3,4,1,0,0,0,0,0,1,0,0,1,0,0,0,0,1,0,0,0,0,0,0,0,0,0,1,0,0,1,0.0,1060.5,0.0,0.0,0.5,3,4.0,21,1
20,129,4,3,1,1,84,3,1,1,2973,13008,1,0,19,3,2,0,1,2,3,1,0,0,0,0,0,1,0,1,0,0,0,0,0,0,1,0,0,1,0,0,0,0,0,0,0,0,1,0.0,1486.5,0.0,0.0,0.5,0,1.5,0,1
31,616,12,3,4,0,41,3,2,4,5855,17369,0,1,11,3,3,2,10,2,1,9,7,8,5,0,0,1,0,1,0,0,0,0,1,0,0,1,0,0,0,0,0,0,0,0,0,1,0,0.7,1951.666667,0.8,0.5,1.0,1,3.272727,12,0
40,1469,9,4,4,1,35,3,1,2,3617,25063,8,1,14,3,4,1,3,2,3,1,1,0,0,0,1,0,0,1,0,0,0,0,1,0,0,0,0,0,0,0,0,1,0,0,1,0,0,0.5,1808.5,0.0,0.0,1.5,3,1.5,9,0
32,498,3,4,3,0,93,3,2,1,6725,13554,1,0,12,3,3,1,8,2,4,8,7,6,3,0,0,1,0,1,0,0,0,0,1,0,0,0,0,0,0,1,0,0,0,0,0,1,0,0.777778,2241.666667,0.666667,0.333333,0.888889,0,3.555556,0,0
36,530,3,1,3,1,51,2,3,4,10325,5518,1,1,11,3,1,1,16,6,3,16,7,3,7,0,0,1,0,0,1,0,1,0,0,0,0,0,0,0,0,0,0,0,1,0,0,1,0,0.411765,2581.25,0.176471,0.411765,0.941176,1,11.294118,3,1
33,1069,1,3,2,0,42,2,2,4,6949,12291,0,0,14,3,1,0,6,3,3,5,0,1,4,0,0,1,0,1,0,0,1,0,0,0,0,1,0,0,0,0,0,0,0,0,0,0,1,0.0,2316.333333,0.166667,0.666667,1.0,0,8.571429,0,0
37,625,1,4,1,1,46,2,3,3,10609,14922,5,0,11,3,3,0,17,2,1,14,1,11,7,0,0,1,0,0,1,0,1,0,0,0,0,0,0,0,0,0,0,0,1,0,0,1,0,0.066667,2652.25,0.733333,0.466667,1.133333,0,2.333333,0,1
45,805,4,2,3,1,57,3,2,2,4447,23163,1,0,12,3,2,0,9,5,2,9,7,0,8,1,0,0,0,1,0,0,1,0,0,0,0,0,0,1,0,0,0,0,0,0,0,1,0,0.7,1482.333333,0.0,0.8,0.9,0,3.6,0,0
29,1404,20,3,3,0,84,3,1,4,2157,18203,1,0,15,3,2,1,3,5,3,3,1,0,2,0,1,0,0,0,1,0,0,0,0,0,1,0,0,0,0,0,0,0,0,1,0,1,0,0.25,1078.5,0.0,0.5,0.75,0,9.0,0,0
35,1219,18,3,3,0,86,3,2,3,4601,6179,1,0,16,3,2,0,5,3,3,5,2,1,0,0,0,1,0,0,1,0,0,0,1,0,0,0,0,0,0,0,0,0,1,0,0,1,0,0.333333,1533.666667,0.166667,0.0,0.833333,0,7.5,0,0
52,1053,1,2,4,1,70,3,4,4,17099,13829,2,0,15,3,2,1,26,2,2,9,8,7,8,0,0,1,0,1,0,0,1,0,0,0,0,0,0,0,1,0,0,0,0,0,0,1,0,0.8,3419.8,0.7,0.8,2.6,0,2.666667,0,0
58,289,2,3,4,1,51,3,1,3,2479,26227,4,0,24,4,1,0,7,4,3,1,0,0,0,0,0,1,0,1,0,0,0,0,0,0,1,0,0,0,0,0,0,1,0,0,0,0,1,0.0,1239.5,0.0,0.0,3.5,0,1.125,0,1
53,1376,2,2,3,1,45,3,4,3,14852,13938,6,0,13,3,3,1,22,3,4,17,13,15,2,0,0,1,0,0,1,0,0,0,1,0,0,0,0,0,1,0,0,0,0,0,1,0,0,0.722222,2970.4,0.833333,0.111111,1.222222,0,8.869565,0,0
30,231,8,2,3,1,62,3,3,3,7264,9977,5,0,11,3,1,1,10,2,4,8,4,7,7,0,0,1,0,0,1,0,0,0,0,1,0,0,0,0,0,0,0,0,1,0,1,0,0,0.444444,1816.0,0.777778,0.777778,1.111111,0,8.727273,0,0
38,152,10,3,3,0,85,3,2,4,5666,19899,1,1,13,3,2,0,6,1,3,5,3,1,3,1,0,0,0,0,1,0,0,0,0,0,1,0,0,0,0,0,0,0,1,0,0,0,1,0.5,1888.666667,0.166667,0.5,1.0,1,8.571429,10,0
35,882,3,4,4,1,92,3,3,4,7823,6812,6,0,13,3,2,1,12,2,3,10,9,0,8,0,0,1,0,0,1,0,1,0,0,0,0,0,0,0,0,0,0,0,1,0,1,0,0,0.818182,1955.75,0.0,0.727273,1.090909,0,9.230769,0,0
39,903,2,5,1,1,41,4,3,3,7880,2560,0,0,18,3,4,0,9,3,3,8,7,0,7,0,0,1,0,0,1,0,1,0,0,0,0,0,0,0,0,0,0,0,1,0,0,0,1,0.777778,1970.0,0.0,0.777778,1.0,0,7.2,0,0
40,1479,24,3,2,0,100,4,4,2,13194,17071,4,1,16,3,4,0,22,2,2,1,0,0,0,1,0,0,0,0,1,0,1,0,0,0,0,0,0,0,0,0,0,0,1,0,0,0,1,0.0,2638.8,0.0,0.0,11.0,3,0.173913,24,1
47,1379,16,4,3,1,64,4,2,3,5067,6759,1,1,19,3,3,0,20,3,4,19,10,2,7,0,1,0,0,1,0,0,0,0,1,0,0,0,0,0,0,1,0,0,0,0,1,0,0,0.5,1689.0,0.1,0.35,1.0,2,10.857143,16,0
36,1229,8,4,1,1,84,3,2,4,5079,25952,4,0,13,3,4,2,12,3,3,7,7,0,7,1,0,0,0,0,1,0,0,0,0,0,1,0,0,0,0,0,0,0,1,0,1,0,0,0.875,1693.0,0.0,0.875,1.5,0,6.461538,0,0
31,335,9,2,3,1,46,2,1,1,2321,10322,0,1,22,4,1,0,4,0,3,3,2,1,2,1,0,0,0,1,0,0,0,0,1,0,0,0,0,0,0,0,0,1,0,0,0,0,1,0.5,1160.5,0.25,0.5,1.0,4,1.8,9,1
33,722,17,3,4,1,38,3,4,3,17444,20489,1,0,11,3,4,0,10,2,3,10,8,6,0,1,0,0,0,0,1,0,1,0,0,0,0,0,0,0,1,0,0,0,0,0,0,0,1,0.727273,3488.8,0.545455,0.0,0.909091,0,8.181818,0,0
29,906,10,3,4,0,92,2,1,1,2404,11479,6,1,20,4,3,0,3,5,3,0,0,0,0,0,0,1,0,1,0,0,1,0,0,0,0,0,0,0,0,0,0,1,0,0,0,0,1,0.0,1202.0,0.0,0.0,3.0,4,0.0,10,1
33,461,13,1,2,0,53,3,1,4,3452,17241,3,0,18,3,1,0,5,4,3,3,2,0,2,0,0,1,0,1,0,0,1,0,0,0,0,0,0,0,0,0,0,1,0,0,0,0,1,0.5,1726.0,0.0,0.5,1.25,0,6.0,0,0
45,974,1,4,4,0,91,3,1,4,2270,11005,3,0,14,3,4,2,8,2,3,5,3,0,2,0,0,1,0,1,0,0,0,0,1,0,0,0,0,1,0,0,0,0,0,0,1,0,0,0.5,1135.0,0.0,0.333333,1.333333,0,6.666667,0,0
50,1126,1,2,4,1,66,3,4,4,17399,6615,9,0,22,4,3,1,32,1,2,5,4,1,3,0,0,1,0,1,0,0,0,0,1,0,0,0,0,0,0,0,1,0,0,0,1,0,0,0.666667,3479.8,0.166667,0.5,5.333333,0,1.212121,0,0
33,827,1,4,3,0,84,4,2,2,5488,20161,1,1,13,3,1,1,6,2,3,6,5,1,2,0,1,0,0,1,0,0,0,0,0,1,0,1,0,0,0,0,0,0,0,0,0,1,0,0.714286,1829.333333,0.142857,0.285714,0.857143,3,5.142857,1,0
41,840,9,3,1,1,64,3,5,3,19419,3735,2,0,17,3,2,1,21,2,4,18,16,0,11,0,1,0,0,1,0,0,0,0,1,0,0,0,0,0,0,0,1,0,0,0,1,0,0,0.842105,3236.5,0.0,0.578947,1.105263,0,9.818182,0,0
27,1134,16,4,3,0,37,3,1,2,2811,12086,9,0,14,3,2,1,4,2,3,2,2,2,2,0,0,1,0,1,0,0,0,0,0,0,1,0,0,1,0,0,0,0,0,0,0,1,0,0.666667,1405.5,0.666667,0.666667,1.333333,0,2.4,0,0
45,248,23,2,4,1,42,3,2,1,3633,14039,1,1,15,3,3,1,9,2,3,9,8,0,8,1,0,0,0,1,0,0,1,0,0,0,0,0,0,1,0,0,0,0,0,0,0,1,0,0.8,1211.0,0.0,0.8,0.9,4,2.7,23,0
47,955,4,2,4,0,83,3,2,4,4163,8571,1,1,17,3,3,0,9,0,3,9,0,0,7,0,0,1,0,0,1,0,1,0,0,0,0,0,0,0,0,0,0,0,1,0,0,0,1,0.0,1387.666667,0.0,0.7,0.9,1,10.8,4,0
30,138,22,3,1,0,48,3,1,3,2132,11539,4,1,11,3,2,0,7,2,3,5,2,0,1,0,0,1,0,1,0,0,1,0,0,0,0,0,0,0,0,0,0,1,0,0,0,1,0,0.333333,1066.0,0.0,0.166667,1.166667,2,5.625,22,1
50,939,24,3,4,1,95,3,4,3,13973,4161,3,1,18,3,4,1,22,2,3,12,11,1,5,0,0,1,0,1,0,0,1,0,0,0,0,0,0,0,0,1,0,0,0,0,0,1,0,0.846154,2794.6,0.076923,0.384615,1.692308,2,4.695652,24,0
38,1391,10,1,3,1,66,3,1,3,2684,12127,0,0,17,3,2,1,3,0,2,2,1,0,2,0,1,0,0,1,0,0,0,0,1,0,0,0,0,0,0,0,0,1,0,0,0,1,0,0.333333,1342.0,0.0,0.666667,1.0,0,3.0,0,0
46,566,7,2,4,1,75,3,3,3,10845,24208,6,0,13,3,2,1,13,3,3,8,7,0,7,0,0,1,0,1,0,0,0,0,1,0,0,0,0,0,0,1,0,0,0,0,1,0,0,0.777778,2711.25,0.0,0.777778,1.444444,0,5.142857,0,0
24,1206,17,1,4,0,41,2,2,3,4377,24117,1,0,15,3,2,2,5,6,3,4,2,3,2,0,0,1,0,1,0,0,0,0,1,0,0,0,0,0,0,1,0,0,0,0,1,0,0,0.4,1459.0,0.6,0.4,1.0,0,6.0,0,0
35,622,14,4,3,1,39,2,1,2,3743,10074,1,1,24,4,4,1,5,2,1,4,2,0,2,0,0,1,0,1,0,0,0,0,0,1,0,0,0,1,0,0,0,0,0,0,1,0,0,0.4,1871.5,0.0,0.4,1.0,3,1.333333,14,1
31,853,1,1,3,0,96,3,2,1,4148,11275,1,0,12,3,3,1,4,1,3,4,3,0,3,0,1,0,0,1,0,0,1,0,0,0,0,0,0,0,0,1,0,0,0,0,0,1,0,0.6,1382.666667,0.0,0.6,0.8,0,2.4,0,0
18,287,5,2,2,1,73,3,1,4,1051,13493,1,0,15,3,4,0,0,2,3,0,0,0,0,1,0,0,0,1,0,0,1,0,0,0,0,0,0,0,0,0,0,1,0,0,0,0,1,0.0,525.5,0.0,0.0,0.0,0,0.0,0,0
54,1441,17,3,3,0,56,3,3,3,10739,13943,8,0,11,3,3,1,22,2,3,10,7,0,8,0,0,1,0,1,0,0,0,0,0,0,1,0,0,0,0,1,0,0,0,0,0,1,0,0.636364,2684.75,0.0,0.727273,2.0,0,3.913043,0,0
35,583,25,4,3,0,57,3,3,3,10388,6975,1,1,11,3,3,1,16,3,2,16,10,10,1,0,0,1,0,1,0,0,0,0,1,0,0,1,0,0,0,0,0,0,0,0,1,0,0,0.588235,2597.0,0.588235,0.058824,0.941176,2,5.647059,25,0
30,153,8,2,2,0,73,4,3,1,11416,17802,0,1,12,3,3,3,9,4,2,8,7,1,7,0,0,1,0,1,0,0,1,0,0,0,0,0,0,0,0,0,1,0,0,0,0,1,0,0.777778,2854.0,0.111111,0.777778,1.0,4,1.6,8,0
20,1097,11,3,4,0,98,2,1,1,2600,18275,1,1,15,3,1,0,1,2,3,1,0,0,0,0,0,1,0,1,0,0,0,0,1,0,0,0,0,0,0,0,0,1,0,0,0,0,1,0.0,1300.0,0.0,0.0,0.5,4,1.5,11,1
30,109,5,3,2,0,60,3,1,2,2422,25725,0,0,17,3,1,0,4,3,3,3,2,1,2,0,1,0,0,1,0,0,0,0,1,0,0,0,0,1,0,0,0,0,0,0,0,0,1,0.5,1211.0,0.25,0.5,1.0,0,3.6,0,1
26,1066,2,2,4,1,32,4,2,4,5472,3334,1,0,12,3,2,0,8,2,3,8,7,1,3,0,0,1,0,1,0,0,0,0,1,0,0,0,0,0,0,1,0,0,0,0,0,1,0,0.777778,1824.0,0.111111,0.333333,0.888889,0,10.666667,0,0
22,217,8,1,2,1,94,1,1,1,2451,6881,1,0,15,3,1,1,4,3,2,4,3,1,1,0,0,1,0,1,0,0,1,0,0,0,0,0,0,1,0,0,0,0,0,0,0,1,0,0.6,1225.5,0.2,0.2,0.8,0,1.6,0,0
48,277,6,3,1,1,97,2,2,3,4240,13119,2,0,13,3,4,0,19,0,3,2,2,2,2,0,0,1,0,1,0,0,1,0,0,0,0,1,0,0,0,0,0,0,0,0,0,0,1,0.666667,1413.333333,0.666667,0.666667,6.333333,0,0.9,0,0
48,1355,4,4,3,1,78,2,3,3,10999,22245,7,0,14,3,2,0,27,3,3,15,11,4,8,0,0,1,0,1,0,0,1,0,0,0,0,1,0,0,0,0,0,0,0,0,0,0,1,0.6875,2749.75,0.25,0.5,1.6875,0,4.821429,0,0
41,549,7,2,4,0,42,3,2,3,5003,23371,6,0,14,3,2,0,8,6,3,2,2,2,1,0,0,1,0,1,0,0,0,0,1,0,0,0,0,0,0,1,0,0,0,0,0,0,1,0.666667,1667.666667,0.666667,0.333333,2.666667,0,2.0,0,0
39,466,1,1,4,0,65,2,4,4,12742,7060,1,0,16,3,3,1,21,3,3,21,6,11,8,0,0,1,0,1,0,0,1,0,0,0,0,0,0,0,0,1,0,0,0,0,0,1,0,0.272727,2548.4,0.5,0.363636,0.954545,0,11.454545,0,0
27,1055,2,4,1,0,47,3,2,4,4227,4658,0,0,18,3,2,1,4,2,3,3,2,2,2,0,0,1,0,1,0,0,1,0,0,0,0,0,0,0,0,1,0,0,0,0,0,1,0,0.5,1409.0,0.5,0.5,1.0,0,7.2,0,0
35,802,10,3,2,1,45,3,1,4,3917,9541,1,0,20,4,1,1,3,4,2,3,2,1,2,0,0,1,0,1,0,0,0,0,0,1,0,0,0,1,0,0,0,0,0,0,1,0,0,0.5,1958.5,0.25,0.5,0.75,0,6.0,0,0
42,265,5,2,4,1,90,3,5,3,18303,7770,6,0,13,3,2,0,21,3,4,1,0,0,0,0,0,1,0,0,1,0,0,1,0,0,0,0,0,0,1,0,0,0,0,0,0,1,0,0.0,3050.5,0.0,0.0,10.5,0,0.545455,0,0
50,804,9,3,1,1,64,3,1,4,2380,20165,4,0,18,3,2,0,8,5,3,1,0,0,0,0,0,1,0,1,0,0,1,0,0,0,0,0,0,1,0,0,0,0,0,0,0,1,0,0.0,1190.0,0.0,0.0,4.0,0,1.333333,0,0
59,715,2,3,3,0,69,2,4,4,13726,21829,3,1,13,3,1,0,30,4,3,5,3,4,3,0,0,1,0,1,0,0,1,0,0,0,0,0,0,0,0,1,0,0,0,0,0,0,1,0.5,2745.2,0.666667,0.5,5.0,1,1.935484,2,0
37,1141,11,2,1,0,61,1,2,2,4777,14382,5,0,15,3,1,0,15,2,1,1,0,0,0,0,0,1,0,1,0,0,0,0,1,0,0,1,0,0,0,0,0,0,0,0,0,1,0,0.0,1592.333333,0.0,0.0,7.5,0,0.125,0,1
55,135,18,4,3,1,62,3,2,2,6385,12992,3,1,14,3,4,2,17,3,3,8,7,6,7,0,1,0,0,1,0,0,0,0,1,0,0,1,0,0,0,0,0,0,0,0,0,1,0,0.777778,2128.333333,0.666667,0.777778,1.888889,3,2.666667,18,0
41,247,7,1,2,0,55,1,5,3,19973,20284,1,0,22,4,2,2,21,3,3,21,16,5,10,1,0,0,0,1,0,0,1,0,0,0,0,0,0,0,0,0,1,0,0,0,1,0,0,0.727273,3328.833333,0.227273,0.454545,0.954545,0,8.590909,0,0
38,1035,3,4,2,1,42,3,2,4,6861,4981,8,1,12,3,3,0,19,1,3,1,0,0,0,0,0,1,0,0,1,0,1,0,0,0,0,0,0,0,0,0,0,0,1,0,0,0,1,0.0,2287.0,0.0,0.0,9.5,1,0.6,3,0
26,265,29,2,2,1,79,1,2,1,4969,21813,8,0,18,3,4,0,7,6,3,2,2,2,2,1,0,0,0,0,1,0,0,0,1,0,0,0,0,0,0,0,0,0,1,0,0,0,1,0.666667,1656.333333,0.666667,0.666667,2.333333,0,0.75,0,1
52,266,2,1,1,0,57,1,5,4,19845,25846,1,0,15,3,4,1,33,3,3,32,14,6,9,0,0,1,0,0,1,0,0,1,0,0,0,0,0,0,1,0,0,0,0,0,0,1,0,0.424242,3307.5,0.181818,0.272727,1.0,0,11.294118,0,1
44,1448,28,3,4,0,53,4,4,4,13320,11737,3,1,18,3,3,1,23,2,3,12,11,11,11,0,0,1,0,0,1,0,0,0,1,0,0,0,0,0,0,0,0,0,1,0,0,1,0,0.846154,2664.0,0.846154,0.846154,1.769231,1,6.0,28,0
50,145,1,3,4,0,95,3,2,3,6347,24920,0,0,12,3,1,1,19,3,3,18,7,0,13,1,0,0,0,0,1,0,1,0,0,0,0,0,0,0,0,0,0,0,1,0,0,1,0,0.368421,2115.666667,0.0,0.684211,1.0,0,8.1,0,0
36,885,16,4,3,0,43,4,1,1,2743,8269,1,0,16,3,3,0,18,1,3,17,13,15,14,0,0,1,0,1,0,0,1,0,0,0,0,0,0,1,0,0,0,0,0,0,0,0,1,0.722222,1371.5,0.833333,0.777778,1.0,0,2.684211,0,1
39,945,22,3,4,0,82,3,3,1,10880,5083,1,1,13,3,3,0,21,2,3,21,6,2,8,0,1,0,0,1,0,0,0,0,1,0,0,0,0,0,0,1,0,0,0,0,0,0,1,0.272727,2720.0,0.090909,0.363636,0.954545,4,2.863636,22,0
33,1038,8,1,2,0,88,2,1,4,2342,21437,0,0,19,3,4,0,3,2,2,2,2,2,2,1,0,0,0,0,1,0,1,0,0,0,0,0,0,0,0,0,0,0,0,1,0,0,1,0.666667,1171.0,0.666667,0.666667,1.0,0,4.0,0,0
45,1234,11,2,4,0,90,3,4,4,17650,5404,3,0,13,3,2,1,26,4,4,9,3,1,1,0,0,1,0,0,1,0,1,0,0,0,0,0,0,0,1,0,0,0,0,0,0,1,0,0.3,3530.0,0.1,0.1,2.6,0,5.333333,0,0
32,1109,29,4,4,0,69,3,1,3,4025,11135,9,0,12,3,2,0,10,2,3,8,7,7,7,1,0,0,0,1,0,0,0,0,1,0,0,0,0,1,0,0,0,0,0,0,0,0,1,0.777778,2012.5,0.777778,0.777778,1.111111,0,6.545455,0,0
34,216,1,4,2,1,75,4,2,4,9725,12278,0,0,11,3,4,1,16,2,2,15,1,0,9,0,0,1,0,0,1,0,0,1,0,0,0,0,0,0,0,0,0,0,1,0,1,0,0,0.0625,3241.666667,0.0,0.5625,1.0,0,7.058824,0,0
59,1089,1,2,2,1,66,3,3,4,11904,11038,3,1,14,3,3,1,14,1,1,6,4,0,4,0,0,1,0,0,1,0,0,0,0,0,1,0,0,0,1,0,0,0,0,0,0,1,0,0.571429,2976.0,0.0,0.571429,2.0,1,1.6,1,0
45,788,24,4,2,1,36,3,1,2,2177,8318,1,0,16,3,1,0,6,3,3,6,3,0,4,0,0,1,1,0,0,0,0,0,1,0,0,0,1,0,0,0,0,0,0,0,0,0,1,0.428571,1088.5,0.0,0.571429,0.857143,0,5.142857,0,0
53,124,2,3,3,0,38,2,3,2,7525,23537,2,0,12,3,1,1,30,2,3,15,7,6,12,0,1,0,0,0,1,0,0,1,0,0,0,0,0,0,0,0,0,0,1,0,0,1,0,0.4375,1881.25,0.375,0.75,1.875,0,2.903226,0,0
36,660,15,3,1,1,81,3,2,3,4834,7858,7,0,14,3,2,1,9,3,2,1,0,0,0,0,0,1,0,1,0,0,0,0,0,1,0,0,0,1,0,0,0,0,0,0,1,0,0,0.0,1611.333333,0.0,0.0,4.5,0,0.6,0,1
26,342,2,3,1,1,57,3,1,1,2042,15346,6,1,14,3,2,1,6,2,3,3,2,1,2,0,1,0,0,1,0,0,1,0,0,0,0,0,0,0,0,0,0,1,0,0,0,1,0,0.5,1021.0,0.25,0.5,1.5,4,1.285714,2,1
34,1333,10,4,3,0,87,3,1,3,2220,18410,1,1,19,3,4,1,1,2,3,1,1,0,0,0,0,1,0,0,1,0,1,0,0,0,0,0,0,0,0,0,0,0,0,1,0,1,0,0.5,1110.0,0.0,0.0,0.5,2,4.5,10,0
28,1144,10,1,4,1,74,3,1,2,1052,23384,1,0,22,4,2,0,1,5,3,1,0,0,0,0,0,1,0,0,1,0,0,0,1,0,0,0,0,0,0,0,0,0,0,1,0,1,0,0.0,526.0,0.0,0.0,0.5,0,3.0,0,0
38,1186,3,4,3,1,44,3,1,3,2821,2997,3,0,16,3,1,1,8,2,3,2,2,2,2,0,1,0,0,1,0,0,0,0,0,1,0,0,0,0,0,0,0,1,0,0,0,1,0,0.666667,1410.5,0.666667,0.666667,2.666667,0,2.0,0,0
50,1464,2,4,2,1,62,3,5,3,19237,12853,2,1,11,3,4,1,29,2,2,8,1,7,7,0,0,1,0,1,0,0,0,0,1,0,0,0,0,0,0,0,1,0,0,0,0,1,0,0.111111,3206.166667,0.777778,0.777778,3.222222,2,1.6,2,0
37,124,3,3,4,0,35,3,2,2,4107,13848,3,0,15,3,1,0,8,3,2,4,3,0,1,0,0,1,0,1,0,0,0,0,0,1,0,1,0,0,0,0,0,0,0,0,0,0,1,0.6,1369.0,0.0,0.2,1.6,0,1.777778,0,0
40,300,26,3,3,1,74,3,2,1,8396,22217,1,0,14,3,2,1,8,3,2,7,7,7,5,0,0,1,0,0,1,0,0,1,0,0,0,0,0,0,0,0,0,0,1,0,0,1,0,0.875,2798.666667,0.875,0.625,1.0,0,1.555556,0,0
26,921,1,1,1,0,66,2,1,3,2007,25265,1,0,13,3,3,2,5,5,3,5,3,1,3,0,1,0,0,1,0,0,0,0,1,0,0,0,0,0,0,0,0,1,0,0,1,0,0,0.5,1003.5,0.166667,0.5,0.833333,0,7.5,0,0
46,430,1,4,4,1,40,3,5,4,19627,21445,9,0,17,3,4,2,23,0,3,2,2,2,2,0,0,1,0,1,0,0,0,0,1,0,0,0,0,0,0,0,1,0,0,0,1,0,0,0.666667,3271.166667,0.666667,0.666667,7.666667,0,1.0,0,0
54,1082,2,4,3,0,41,2,3,3,10686,8392,6,0,11,3,2,1,13,4,3,9,4,7,0,0,0,1,0,0,1,0,1,0,0,0,0,0,0,0,0,0,0,0,1,0,0,1,0,0.4,2671.5,0.7,0.0,1.3,0,5.785714,0,0
56,1240,9,3,1,0,63,3,1,3,2942,12154,2,0,19,3,2,1,18,4,3,5,4,0,3,0,1,0,0,1,0,0,0,0,1,0,0,0,0,0,0,0,0,1,0,0,0,1,0,0.666667,1471.0,0.0,0.5,3.0,0,2.368421,0,0
36,796,12,5,4,0,51,2,3,4,8858,15669,0,0,11,3,2,0,15,2,2,14,8,7,8,0,0,1,0,1,0,0,0,0,1,0,0,0,0,0,0,1,0,0,0,0,0,0,1,0.533333,2214.5,0.466667,0.533333,1.0,0,7.0,0,0
55,444,2,1,3,1,40,2,4,1,16756,17323,7,0,15,3,2,0,31,3,4,9,7,6,2,1,0,0,0,1,0,0,0,0,1,0,0,0,0,0,1,0,0,0,0,0,0,0,1,0.7,3351.2,0.6,0.2,3.1,0,1.125,0,0
43,415,25,3,3,1,79,2,3,4,10798,5268,5,0,13,3,3,1,18,5,3,1,0,0,0,0,0,1,0,0,1,0,0,0,1,0,0,0,0,0,0,0,0,0,1,0,1,0,0,0.0,2699.5,0.0,0.0,9.0,0,0.631579,0,0
20,769,9,3,4,0,54,3,1,4,2323,17205,1,1,14,3,2,0,2,3,3,2,2,0,2,0,1,0,0,0,1,0,0,1,0,0,0,0,0,0,0,0,0,0,0,1,0,0,1,0.666667,1161.5,0.0,0.666667,0.666667,1,8.0,9,1
21,1334,10,3,3,0,36,2,1,1,1416,17258,1,0,13,3,1,0,1,6,2,1,0,1,0,0,0,1,0,1,0,0,1,0,0,0,0,0,0,1,0,0,0,0,0,0,0,0,1,0.0,708.0,0.5,0.0,0.5,0,1.0,0,1
46,1003,8,4,4,0,74,2,2,1,4615,21029,8,1,23,4,1,3,19,2,3,16,13,1,7,0,0,1,0,1,0,0,1,0,0,0,0,0,0,0,0,0,0,1,0,0,1,0,0,0.764706,1538.333333,0.058824,0.411765,1.117647,4,2.4,8,0
51,1323,4,4,1,1,34,3,1,3,2461,10332,9,1,12,3,3,3,18,2,4,10,0,2,7,0,0,1,0,1,0,0,1,0,0,0,0,0,0,0,0,0,0,1,0,0,0,1,0,0.0,1230.5,0.181818,0.636364,1.636364,2,6.315789,4,1
28,1366,24,2,2,1,72,2,3,1,8722,12355,1,0,12,3,1,0,10,2,2,10,7,1,9,1,0,0,0,1,0,0,0,0,0,0,1,1,0,0,0,0,0,0,0,0,0,0,1,0.636364,2180.5,0.090909,0.818182,0.909091,0,1.818182,0,1
26,192,1,2,1,1,59,2,1,1,3955,11141,1,0,16,3,1,2,6,2,3,5,3,1,3,0,0,1,0,1,0,0,0,0,1,0,0,0,0,1,0,0,0,0,0,0,0,1,0,0.5,1977.5,0.166667,0.5,1.0,0,2.142857,0,0
30,1176,20,3,3,1,85,3,2,1,9957,9096,0,0,15,3,3,1,7,1,2,6,2,0,2,0,0,1,0,1,0,0,0,0,0,1,0,0,0,0,0,1,0,0,0,0,0,1,0,0.285714,3319.0,0.0,0.285714,1.0,0,1.5,0,0
41,509,7,2,2,0,43,4,1,3,3376,18863,1,0,13,3,3,0,10,3,3,10,6,0,8,0,0,1,0,1,0,0,0,0,0,0,1,0,0,0,0,0,0,1,0,0,0,1,0,0.545455,1688.0,0.0,0.727273,0.909091,0,8.181818,0,0
38,330,17,1,3,0,65,2,3,3,8823,24608,0,0,18,3,1,1,20,4,2,19,9,1,9,0,0,1,0,1,0,0,1,0,0,0,0,1,0,0,0,0,0,0,0,0,0,1,0,0.45,2205.75,0.05,0.45,1.0,0,5.428571,0,0
40,1492,20,4,1,1,61,3,3,4,10322,26542,4,0,20,4,4,1,14,6,3,11,10,11,1,0,0,1,0,1,0,0,0,0,0,0,1,1,0,0,0,0,0,0,0,0,0,1,0,0.833333,2580.5,0.916667,0.083333,1.166667,0,8.8,0,0
27,1277,8,5,1,1,87,1,1,3,4621,5869,1,0,19,3,4,3,3,4,3,3,2,1,2,1,0,0,0,1,0,0,1,0,0,0,0,0,0,1,0,0,0,0,0,0,0,1,0,0.5,2310.5,0.25,0.5,0.75,0,6.75,0,0
55,1091,2,1,4,1,65,3,3,2,10976,15813,3,0,18,3,2,1,23,4,3,3,2,1,2,0,1,0,0,1,0,0,1,0,0,0,0,0,0,0,0,1,0,0,0,0,0,1,0,0.5,2744.0,0.25,0.5,5.75,0,0.75,0,0
28,857,10,3,3,0,59,3,2,3,3660,7909,3,0,13,3,4,0,10,4,4,8,7,1,7,0,0,1,0,1,0,0,0,0,0,1,0,0,0,0,0,0,0,1,0,0,0,0,1,0.777778,1220.0,0.111111,0.777778,1.111111,0,8.727273,0,0
44,1376,1,2,2,1,91,2,3,1,10482,2326,9,0,14,3,4,1,24,1,3,20,6,3,6,0,0,1,1,0,0,0,0,0,1,0,0,0,1,0,0,0,0,0,0,0,0,1,0,0.285714,2620.5,0.142857,0.285714,1.142857,0,2.4,0,1
33,654,5,3,4,1,34,2,3,4,7119,21214,4,0,15,3,3,1,9,2,3,3,2,1,2,0,0,1,0,1,0,0,1,0,0,0,0,1,0,0,0,0,0,0,0,0,1,0,0,0.5,1779.75,0.25,0.5,2.25,0,3.6,0,0
35,1204,4,3,4,1,86,3,3,1,9582,10333,0,1,22,4,1,0,9,2,3,8,7,4,7,0,0,1,0,0,1,0,0,0,0,0,1,0,0,0,0,0,0,0,1,0,0,0,1,0.777778,2395.5,0.444444,0.777778,1.0,4,2.4,4,1
33,827,29,4,1,0,54,2,2,3,4508,3129,1,0,22,4,2,0,14,4,3,13,7,3,8,0,1,0,0,1,0,0,0,0,1,0,0,0,0,0,0,0,0,1,0,0,0,0,1,0.5,1502.666667,0.214286,0.571429,1.0,0,7.8,0,1
28,895,15,2,1,1,50,3,1,3,2207,22482,1,0,16,3,4,1,4,5,2,4,2,2,2,0,0,1,0,1,0,0,1,0,0,0,0,0,0,1,0,0,0,0,0,0,1,0,0,0.4,1103.5,0.4,0.4,0.8,0,4.8,0,0
34,618,3,1,1,1,45,3,2,4,7756,22266,0,0,17,3,3,0,7,1,2,6,2,0,4,0,1,0,0,1,0,0,1,0,0,0,0,1,0,0,0,0,0,0,0,0,0,0,1,0.285714,2585.333333,0.0,0.571429,1.0,0,6.0,0,0
37,309,10,4,4,0,88,2,2,4,6694,24223,2,1,14,3,3,3,8,5,3,1,0,0,0,0,0,1,0,0,1,0,1,0,0,0,0,0,0,0,0,0,0,0,1,0,1,0,0,0.0,2231.333333,0.0,0.0,4.0,1,1.333333,10,0
25,1219,4,1,4,1,32,3,1,4,3691,4605,1,1,15,3,2,1,7,3,4,7,7,5,6,0,0,1,0,1,0,0,0,0,0,0,1,0,0,1,0,0,0,0,0,0,0,1,0,0.875,1845.5,0.625,0.75,0.875,1,14.0,4,1
26,1330,21,3,1,1,37,3,1,3,2377,19373,1,0,20,4,3,1,1,0,2,1,1,0,0,0,0,1,0,1,0,0,0,0,1,0,0,0,0,1,0,0,0,0,0,0,1,0,0,0.5,1188.5,0.0,0.0,0.5,0,3.0,0,1
33,1017,25,3,1,1,55,2,1,2,2313,2993,4,1,20,4,2,0,5,0,3,2,2,2,2,0,0,1,0,1,0,0,0,0,1,0,0,0,0,0,0,0,0,1,0,0,0,0,1,0.666667,1156.5,0.666667,0.666667,1.666667,3,2.0,25,1
42,469,2,2,4,1,35,3,4,1,17665,14399,0,0,17,3,4,1,23,3,3,22,6,13,7,0,0,1,0,1,0,0,0,0,1,0,0,0,0,0,1,0,0,0,0,0,0,1,0,0.26087,3533.0,0.565217,0.304348,1.0,0,2.75,0,0
28,1009,1,3,1,1,45,2,1,2,2596,7160,1,0,15,3,1,2,1,2,3,1,0,0,0,0,1,0,0,1,0,0,0,0,1,0,0,0,0,1,0,0,0,0,0,0,1,0,0,0.0,1298.0,0.0,0.0,0.5,0,3.0,0,1
50,959,1,4,4,1,81,3,2,3,4728,17251,3,1,14,3,4,0,5,4,3,0,0,0,0,0,1,0,0,0,1,0,0,0,0,1,0,0,0,0,0,0,0,0,1,0,0,0,1,0.0,1576.0,0.0,0.0,5.0,2,0.0,1,1
33,970,7,3,4,0,30,3,2,2,4302,13401,0,0,17,3,3,1,4,3,3,3,2,0,2,0,1,0,0,0,1,0,1,0,0,0,0,0,0,0,0,0,0,0,1,0,0,1,0,0.5,1434.0,0.0,0.5,1.0,0,3.6,0,0
34,697,3,4,3,1,40,2,1,4,2979,22478,3,0,17,3,4,3,6,2,3,0,0,0,0,1,0,0,0,1,0,0,1,0,0,0,0,0,0,0,0,0,0,1,0,0,0,1,0,0.0,1489.5,0.0,0.0,6.0,0,0.0,0,0
48,1262,1,4,1,1,35,4,4,4,16885,16154,2,0,22,4,3,0,27,3,2,5,4,2,1,1,0,0,0,1,0,0,0,0,1,0,0,0,0,0,1,0,0,0,0,0,0,0,1,0.666667,3377.0,0.333333,0.166667,4.5,0,1.428571,0,0
45,1050,9,4,2,0,65,2,2,3,5593,17970,1,0,13,3,4,1,15,2,3,15,10,4,12,1,0,0,0,0,1,0,1,0,0,0,0,0,0,0,0,0,0,0,1,0,0,1,0,0.625,1864.333333,0.25,0.75,0.9375,0,8.4375,0,0
52,994,7,4,2,1,87,3,3,2,10445,15322,7,0,19,3,4,0,18,4,3,8,6,4,0,0,0,1,0,1,0,0,1,0,0,0,0,1,0,0,0,0,0,0,0,0,0,0,1,0.666667,2611.25,0.444444,0.0,2.0,0,2.526316,0,0
38,770,10,4,3,1,73,2,3,3,8740,5569,0,1,14,3,2,2,9,2,3,8,7,2,7,0,0,1,0,0,1,0,0,1,0,0,0,0,0,0,0,0,0,0,1,0,1,0,0,0.777778,2185.0,0.222222,0.777778,1.0,2,7.2,10,0
29,1107,28,4,3,0,93,3,1,4,2514,26968,4,0,22,4,1,1,11,1,3,7,5,1,7,0,0,1,0,1,0,0,1,0,0,0,0,0,0,0,0,0,0,1,0,0,1,0,0,0.625,1257.0,0.125,0.875,1.375,0,7.0,0,0
28,950,3,3,4,0,93,3,3,2,7655,8039,0,0,17,3,2,3,10,3,2,9,7,1,7,0,0,1,0,1,0,0,0,0,1,0,0,0,0,0,0,1,0,0,0,0,1,0,0,0.7,1913.75,0.1,0.7,1.0,0,3.272727,0,0
46,406,3,1,1,1,52,3,4,3,17465,15596,3,0,12,3,4,1,23,3,3,12,9,4,9,0,0,1,0,0,1,0,0,1,0,0,0,0,0,0,1,0,0,0,0,0,0,1,0,0.692308,3493.0,0.307692,0.692308,1.769231,0,4.5,0,0
38,130,2,2,4,1,32,3,3,2,7351,20619,7,0,16,3,3,0,10,2,3,1,0,0,0,0,0,1,0,0,1,0,0,1,0,0,0,0,0,0,0,0,0,0,1,0,0,0,1,0.0,1837.75,0.0,0.0,5.0,0,0.545455,0,0
43,1082,27,3,3,0,83,3,3,1,10820,11535,8,0,11,3,3,1,18,1,3,8,7,0,1,0,1,0,0,1,0,0,1,0,0,0,0,0,0,0,0,1,0,0,0,0,0,1,0,0.777778,2705.0,0.0,0.111111,2.0,0,1.263158,0,0
39,203,2,3,1,1,84,3,4,4,12169,13547,7,0,11,3,4,3,21,4,3,18,7,11,5,0,1,0,0,1,0,0,1,0,0,0,0,1,0,0,0,0,0,0,0,0,1,0,0,0.368421,2433.8,0.578947,0.263158,1.105263,0,9.818182,0,1
40,1308,14,3,3,1,44,2,5,3,19626,17544,1,0,14,3,1,0,21,2,4,20,7,4,9,0,0,1,0,1,0,0,0,0,1,0,0,0,0,0,0,0,1,0,0,0,0,0,1,0.333333,3271.0,0.190476,0.428571,1.0,0,10.909091,0,0
21,984,1,1,4,0,70,2,1,2,2070,25326,1,1,11,3,3,0,2,6,4,2,2,2,2,0,0,1,0,1,0,0,0,0,0,0,1,0,0,0,0,0,0,1,0,0,0,0,1,0.666667,1035.0,0.666667,0.666667,0.666667,3,5.333333,1,0
39,439,9,3,3,1,70,3,2,2,6782,8770,9,0,15,3,3,0,9,2,2,5,4,0,3,1,0,0,0,1,0,0,1,0,0,0,0,0,0,1,0,0,0,0,0,0,0,0,1,0.666667,2260.666667,0.0,0.5,1.5,0,2.0,0,0
36,217,18,4,1,1,78,3,2,4,7779,23238,2,0,20,4,1,0,18,0,3,11,9,0,9,1,0,0,0,1,0,0,1,0,0,0,0,0,0,0,0,1,0,0,0,0,0,0,1,0.75,2593.0,0.0,0.75,1.5,0,6.947368,0,0
31,793,20,3,3,1,67,4,1,4,2791,21981,0,0,12,3,1,1,3,4,3,2,2,2,2,0,1,0,0,0,1,0,1,0,0,0,0,0,0,0,0,0,0,0,0,1,0,1,0,0.666667,1395.5,0.666667,0.666667,1.0,0,6.0,0,0
28,1451,2,1,1,1,67,2,1,2,3201,19911,0,0,17,3,1,0,6,2,1,5,3,0,4,0,0,1,0,1,0,0,1,0,0,0,0,0,0,0,0,0,0,1,0,0,0,1,0,0.5,1600.5,0.0,0.666667,1.0,0,1.428571,0,0
35,1182,11,2,4,1,54,3,2,4,4968,18500,1,0,11,3,4,1,5,3,3,5,2,0,2,0,1,0,0,0,1,0,0,1,0,0,0,0,0,0,0,0,0,0,1,0,1,0,0,0.333333,1656.0,0.0,0.333333,0.833333,0,10.0,0,0
49,174,8,4,4,1,56,2,4,2,13120,11879,6,0,17,3,2,1,22,3,3,9,8,2,3,0,0,1,0,0,1,0,0,0,0,0,1,0,0,0,0,0,0,0,1,0,0,1,0,0.8,2624.0,0.2,0.3,2.2,0,2.347826,0,0
34,1003,2,2,4,1,95,3,2,3,4033,15834,2,0,11,3,4,0,5,3,2,3,2,0,2,0,1,0,0,1,0,0,1,0,0,0,0,0,0,0,0,1,0,0,0,0,0,0,1,0.5,1344.333333,0.0,0.5,1.25,0,3.0,0,0
29,490,10,3,4,0,61,3,1,2,3291,17940,0,0,14,3,4,2,8,2,2,7,5,1,1,0,1,0,0,1,0,0,1,0,0,0,0,0,0,0,0,0,0,1,0,0,1,0,0,0.625,1645.5,0.125,0.125,1.0,0,3.111111,0,0
42,188,29,3,2,1,56,1,2,4,4272,9558,4,0,19,3,1,0,16,3,3,1,0,0,0,0,0,1,0,1,0,0,0,0,1,0,0,0,0,1,0,0,0,0,0,0,0,0,1,0.0,1424.0,0.0,0.0,8.0,0,0.705882,0,0
29,718,8,1,2,1,79,2,2,4,5056,17689,1,1,15,3,3,1,10,2,2,10,7,1,2,0,0,1,0,1,0,0,0,0,1,0,0,0,0,0,0,1,0,0,0,0,0,1,0,0.636364,1685.333333,0.090909,0.181818,0.909091,1,7.272727,8,0
38,433,1,3,3,1,37,4,1,3,2844,6004,1,0,13,3,4,1,7,2,4,7,6,5,0,0,0,1,1,0,0,1,0,0,0,0,0,0,1,0,0,0,0,0,0,0,0,1,0,0.75,1422.0,0.625,0.0,0.875,0,10.5,0,0
28,773,6,3,3,1,39,2,1,3,2703,22088,1,1,14,3,4,1,3,2,3,3,1,0,2,0,1,0,0,1,0,0,1,0,0,0,0,0,0,0,0,0,0,1,0,0,1,0,0,0.25,1351.5,0.0,0.5,0.75,2,6.75,6,0
18,247,8,1,3,1,80,3,1,3,1904,13556,1,0,12,3,4,0,0,0,3,0,0,0,0,1,0,0,0,1,0,0,0,0,1,0,0,0,0,1,0,0,0,0,0,0,0,0,1,0.0,952.0,0.0,0.0,0.0,0,0.0,0,1
33,603,9,4,1,0,77,3,2,1,8224,18385,0,1,17,3,1,0,6,3,3,5,2,0,3,0,0,1,0,0,1,0,0,1,0,0,0,0,0,0,0,0,0,0,1,0,0,0,1,0.333333,2741.333333,0.0,0.5,1.0,4,2.142857,9,1
41,167,12,4,2,1,46,3,1,4,4766,9051,3,1,11,3,1,1,6,4,3,1,0,0,0,0,0,1,0,1,0,0,1,0,0,0,0,0,0,1,0,0,0,0,0,0,0,1,0,0.0,2383.0,0.0,0.0,3.0,1,1.714286,12,0
31,874,15,3,3,1,72,3,1,3,2610,6233,1,0,12,3,3,1,2,5,2,2,2,2,2,0,1,0,0,1,0,0,0,0,1,0,0,0,0,1,0,0,0,0,0,0,0,1,0,0.666667,1305.0,0.666667,0.666667,0.666667,0,4.0,0,1
37,367,25,2,3,0,52,2,2,4,5731,17171,7,0,13,3,3,2,9,2,3,6,2,1,3,0,0,1,0,1,0,0,0,0,1,0,0,1,0,0,0,0,0,0,0,0,1,0,0,0.285714,1910.333333,0.142857,0.428571,1.285714,0,7.2,0,0
27,199,6,3,4,1,55,2,1,3,2539,7950,1,0,13,3,3,1,4,0,3,4,2,2,2,0,0,1,0,1,0,0,1,0,0,0,0,0,0,0,0,0,0,1,0,0,0,1,0,0.4,1269.5,0.4,0.4,0.8,0,7.2,0,0
34,1400,9,1,2,0,70,3,2,3,5714,5829,1,0,20,4,1,0,6,3,2,6,5,1,3,0,0,1,0,0,1,0,1,0,0,0,0,0,0,0,0,0,0,0,1,0,0,1,0,0.714286,1904.666667,0.142857,0.428571,0.857143,0,5.142857,0,0
35,528,8,4,3,1,100,3,1,3,4323,7108,1,0,17,3,2,0,6,2,1,5,4,1,4,0,0,1,1,0,0,0,0,0,0,0,1,0,1,0,0,0,0,0,0,0,0,0,1,0.666667,2161.5,0.166667,0.666667,1.0,0,2.142857,0,0
29,408,23,1,4,0,45,2,3,1,7336,11162,1,0,13,3,1,1,11,3,1,11,8,3,10,0,0,1,0,0,1,0,1,0,0,0,0,0,0,0,0,0,0,0,1,0,0,1,0,0.666667,1834.0,0.25,0.833333,0.916667,0,0.916667,0,1
40,593,9,4,2,0,88,3,3,3,13499,13782,9,0,17,3,3,0,20,3,2,18,7,2,13,0,1,0,0,1,0,0,0,0,1,0,0,0,0,0,0,0,1,0,0,0,0,0,1,0.368421,3374.75,0.105263,0.684211,1.052632,0,5.142857,0,0
42,481,12,3,3,1,44,3,4,1,13758,2447,0,1,12,3,2,0,22,2,2,21,9,13,14,0,1,0,0,0,1,0,1,0,0,0,0,0,0,0,0,0,0,0,1,0,0,0,1,0.409091,2751.6,0.590909,0.636364,1.0,4,1.826087,12,1
42,647,4,4,2,1,45,3,2,1,5155,2253,7,0,13,3,4,0,9,3,4,6,4,1,5,0,0,1,0,0,1,0,0,1,0,0,0,0,0,0,0,0,0,0,1,0,0,0,1,0.571429,1718.333333,0.142857,0.714286,1.285714,0,2.4,0,0
35,982,1,4,4,1,58,2,1,3,2258,16340,6,0,12,3,2,1,10,2,3,8,0,1,7,0,0,1,0,1,0,0,0,0,1,0,0,0,0,1,0,0,0,0,0,0,0,1,0,0.0,1129.0,0.111111,0.777778,1.111111,0,6.545455,0,0
24,477,24,3,4,1,49,3,1,2,3597,6409,8,0,22,4,4,0,6,2,3,4,3,1,2,0,0,1,0,1,0,0,0,0,1,0,0,0,0,1,0,0,0,0,0,0,0,0,1,0.6,1798.5,0.2,0.4,1.2,0,3.428571,0,0
28,1485,12,1,3,0,79,3,1,4,2515,22955,1,1,11,3,4,0,1,4,2,1,1,0,0,0,0,1,0,1,0,0,1,0,0,0,0,0,0,1,0,0,0,0,0,0,0,1,0,0.5,1257.5,0.0,0.0,0.5,1,4.0,12,1
26,1384,3,4,1,1,82,4,1,4,4420,13421,1,0,22,4,2,1,8,2,3,8,7,0,7,0,0,1,0,1,0,0,0,0,1,0,0,0,0,1,0,0,0,0,0,0,0,1,0,0.777778,2210.0,0.0,0.777778,0.888889,0,10.666667,0,0
30,852,10,3,3,1,72,2,2,3,6578,2706,1,0,18,3,1,1,10,3,3,10,3,1,4,0,0,1,0,0,1,0,0,1,0,0,0,0,0,0,0,0,0,0,1,0,0,1,0,0.272727,2192.666667,0.090909,0.363636,0.909091,0,8.181818,0,0
40,902,26,2,3,0,92,2,2,4,4422,21203,3,1,13,3,4,1,16,3,1,1,1,0,0,0,1,0,0,1,0,0,0,0,1,0,0,0,0,0,0,0,0,1,0,0,0,1,0,0.5,1474.0,0.0,0.0,8.0,1,0.235294,26,0
35,819,2,3,3,1,44,2,3,2,10274,19588,2,0,18,3,2,1,15,2,4,7,7,6,4,0,0,1,0,1,0,0,1,0,0,0,0,0,0,0,0,1,0,0,0,0,1,0,0,0.875,2568.5,0.75,0.5,1.875,0,3.5,0,0
34,669,1,3,4,1,97,2,2,1,5343,25755,0,0,20,4,3,0,14,3,3,13,9,4,9,0,1,0,0,1,0,0,0,0,1,0,0,1,0,0,0,0,0,0,0,0,0,0,1,0.642857,1781.0,0.285714,0.642857,1.0,0,2.6,0,0
35,636,4,4,4,1,47,2,1,4,2376,26537,1,0,13,3,2,1,2,2,4,2,2,2,2,0,1,0,0,1,0,0,0,0,0,1,0,0,0,1,0,0,0,0,0,0,0,1,0,0.666667,1188.0,0.666667,0.666667,0.666667,0,10.666667,0,0
43,1372,9,3,1,0,85,1,2,3,5346,9489,8,0,13,3,2,0,7,2,2,4,3,1,3,0,0,1,0,0,1,0,0,1,0,0,0,0,0,0,0,0,0,0,1,0,0,0,1,0.6,1782.0,0.2,0.6,1.4,0,3.0,0,1
32,862,2,1,3,0,76,3,1,1,2827,14947,1,0,12,3,3,3,1,3,3,1,0,0,0,1,0,0,0,0,1,0,1,0,0,0,0,0,0,0,0,0,0,0,0,1,1,0,0,0.0,1413.5,0.0,0.0,0.5,0,1.5,0,0
56,718,4,4,4,0,92,3,5,1,19943,18575,4,0,13,3,4,1,28,2,3,5,2,4,2,0,0,1,0,1,0,0,0,0,0,0,1,0,0,0,1,0,0,0,0,0,1,0,0,0.333333,3323.833333,0.666667,0.333333,4.666667,0,0.517241,0,0
29,1401,6,1,2,0,54,3,1,4,3131,26342,1,0,13,3,1,1,10,5,3,10,8,0,8,0,0,1,0,1,0,0,0,0,1,0,0,0,0,1,0,0,0,0,0,0,0,1,0,0.727273,1565.5,0.0,0.727273,0.909091,0,10.909091,0,0
19,645,9,2,3,1,54,3,1,1,2552,7172,1,0,25,4,3,0,1,4,3,1,1,0,0,0,0,1,0,1,0,0,1,0,0,0,0,0,0,0,0,0,0,1,0,0,0,0,1,0.5,1276.0,0.0,0.0,0.5,0,1.5,0,0
45,1457,7,3,1,0,83,3,1,3,4477,20100,4,1,19,3,3,1,7,2,2,3,2,0,2,0,0,1,0,1,0,0,0,0,1,0,0,0,0,0,0,0,0,1,0,0,0,1,0,0.5,2238.5,0.0,0.5,1.75,2,2.25,7,0
37,977,1,3,4,0,56,2,2,4,6474,9961,1,0,13,3,2,1,14,2,2,14,8,3,11,0,0,1,0,1,0,0,1,0,0,0,0,0,0,0,0,1,0,0,0,0,0,1,0,0.533333,2158.0,0.2,0.733333,0.933333,0,7.466667,0,0
20,805,3,3,1,1,87,2,1,3,3033,12828,1,0,12,3,1,0,2,2,2,2,2,1,2,0,0,1,0,1,0,0,1,0,0,0,0,0,0,1,0,0,0,0,0,0,0,0,1,0.666667,1516.5,0.333333,0.666667,0.666667,0,4.0,0,0
44,1097,10,4,3,1,96,3,1,3,2936,10826,1,1,11,3,3,0,6,4,3,6,4,0,2,0,0,1,0,1,0,0,1,0,0,0,0,0,0,0,0,0,0,1,0,0,0,0,1,0.571429,1468.0,0.0,0.285714,0.857143,2,7.714286,10,1
53,1223,7,2,4,0,50,3,5,3,18606,18640,3,0,18,3,2,1,26,6,3,7,7,4,7,0,0,1,0,1,0,0,0,0,1,0,0,0,0,0,1,0,0,0,0,0,1,0,0,0.875,3101.0,0.5,0.875,3.25,0,2.333333,0,0
29,942,15,1,2,0,69,1,1,4,2168,26933,0,1,18,3,1,1,6,2,2,5,4,1,3,0,0,1,0,1,0,0,1,0,0,0,0,0,0,0,0,0,0,1,0,0,0,1,0,0.666667,1084.0,0.166667,0.5,1.0,1,5.714286,15,0
22,1256,3,4,3,1,48,2,1,4,2853,4223,0,1,11,3,2,1,1,5,3,0,0,0,0,0,1,0,0,1,0,0,1,0,0,0,0,0,0,0,0,0,0,1,0,0,0,1,0,0.0,1426.5,0.0,0.0,1.0,1,0.0,3,1
46,1402,2,3,3,0,69,3,4,1,17048,24097,8,0,23,4,1,0,28,2,3,26,15,15,9,0,0,1,0,0,1,0,0,1,0,0,0,0,0,0,1,0,0,0,0,0,0,1,0,0.555556,3409.6,0.555556,0.333333,1.037037,0,2.689655,0,0
44,111,17,3,4,1,74,1,1,3,2290,4279,2,0,13,3,4,0,6,3,3,0,0,0,0,1,0,0,0,1,0,0,1,0,0,0,0,0,0,0,0,0,0,1,0,0,0,0,1,0.0,1145.0,0.0,0.0,6.0,0,0.0,0,0
33,147,2,3,2,1,99,3,1,3,3600,8429,1,0,13,3,4,1,5,2,3,5,4,1,4,0,0,1,1,0,0,1,0,0,0,0,0,0,1,0,0,0,0,0,0,0,0,1,0,0.666667,1800.0,0.166667,0.666667,0.833333,0,7.5,0,0
41,906,5,2,1,1,95,2,1,1,2107,20293,6,0,17,3,1,1,5,2,1,1,0,0,0,1,0,0,0,1,0,0,1,0,0,0,0,0,0,0,0,0,0,1,0,0,1,0,0,0.0,1053.5,0.0,0.0,2.5,0,0.166667,0,1
30,1329,29,4,3,1,61,3,2,1,4115,13192,8,0,19,3,3,3,8,3,3,4,3,0,3,0,0,1,0,0,1,0,1,0,0,0,0,0,0,0,0,0,0,0,1,0,1,0,0,0.6,1371.666667,0.0,0.6,1.6,0,1.333333,0,0
40,1184,2,4,2,1,62,3,2,2,4327,25440,5,0,12,3,4,3,5,2,3,0,0,0,0,0,1,0,0,0,1,0,0,0,1,0,0,0,0,0,0,0,0,0,1,0,0,1,0,0.0,1442.333333,0.0,0.0,5.0,0,0.0,0,0
50,1421,2,3,4,0,30,3,4,1,17856,9490,2,0,22,4,3,1,32,3,3,2,2,2,2,0,1,0,0,1,0,0,0,0,1,0,0,0,0,0,1,0,0,0,0,0,0,1,0,0.666667,3571.2,0.666667,0.666667,10.666667,0,0.181818,0,0
28,1179,19,4,4,1,78,2,1,1,3196,12449,1,0,12,3,3,3,6,2,3,6,5,3,3,0,0,1,0,1,0,0,0,0,1,0,0,0,0,1,0,0,0,0,0,0,0,1,0,0.714286,1598.0,0.428571,0.428571,0.857143,0,2.571429,0,0
46,1450,15,2,4,1,52,3,5,2,19081,10849,5,0,11,3,1,1,25,2,3,4,2,0,3,0,0,1,0,1,0,0,1,0,0,0,0,0,0,0,0,0,1,0,0,0,0,1,0,0.4,3180.166667,0.0,0.6,5.0,0,0.923077,0,0
35,1361,17,4,3,1,94,3,2,1,8966,21026,3,1,15,3,4,3,15,2,3,7,7,1,7,0,0,1,0,0,1,0,1,0,0,0,0,0,0,0,0,0,0,0,1,0,0,1,0,0.875,2988.666667,0.125,0.875,1.875,4,1.3125,17,0
24,984,17,2,4,0,97,3,1,2,2210,3372,1,0,13,3,1,1,1,3,1,1,0,0,0,0,0,1,0,1,0,0,1,0,0,0,0,0,0,1,0,0,0,0,0,0,0,1,0,0.0,1105.0,0.0,0.0,0.5,0,1.0,0,1
33,1146,25,3,2,0,82,3,2,3,4539,4905,1,0,12,3,1,1,10,3,2,10,7,0,1,0,1,0,0,0,1,0,0,0,1,0,0,0,0,0,0,0,0,0,1,0,0,1,0,0.636364,1513.0,0.0,0.090909,0.909091,0,5.454545,0,0
36,917,6,4,3,1,60,1,1,3,2741,6865,1,0,14,3,3,1,7,4,3,7,7,1,7,0,0,1,0,1,0,0,1,0,0,0,0,0,0,1,0,0,0,0,0,0,1,0,0,0.875,1370.5,0.125,0.875,0.875,0,7.875,0,0
30,853,7,4,3,1,49,3,2,3,3491,11309,1,0,13,3,1,3,10,4,2,10,7,8,9,0,0,1,0,1,0,0,1,0,0,0,0,0,0,1,0,0,0,0,0,0,1,0,0,0.636364,1163.666667,0.727273,0.818182,0.909091,0,5.454545,0,0
44,200,29,4,4,1,32,3,2,4,4541,7744,1,0,25,4,2,0,20,3,3,20,11,13,17,0,0,1,0,1,0,0,0,0,0,1,0,0,0,0,0,0,0,1,0,0,0,0,1,0.52381,1513.666667,0.619048,0.809524,0.952381,0,11.428571,0,0
20,654,21,3,3,1,43,4,1,4,2678,5050,1,0,17,3,4,0,2,2,3,2,1,2,2,0,0,1,0,0,1,0,0,1,0,0,0,0,0,0,0,0,0,0,0,1,0,0,1,0.333333,1339.0,0.666667,0.666667,0.666667,0,8.0,0,0
46,150,2,4,4,1,60,3,2,4,7379,17433,2,0,11,3,3,1,12,3,2,6,3,1,4,0,0,1,0,1,0,0,0,0,0,0,1,0,0,0,0,1,0,0,0,0,1,0,0,0.428571,2459.666667,0.142857,0.571429,1.714286,0,3.692308,0,0
42,179,2,5,4,1,79,4,2,1,6272,12858,7,0,16,3,1,1,10,3,4,4,3,0,3,1,0,0,1,0,0,0,0,0,1,0,0,0,1,0,0,0,0,0,0,0,0,1,0,0.6,2090.666667,0.0,0.6,2.0,0,1.454545,0,0
60,696,7,4,2,1,52,4,2,4,5220,10893,0,1,18,3,2,1,12,3,3,11,7,1,9,0,0,1,0,0,1,0,0,1,0,0,0,0,0,0,0,0,0,0,1,0,1,0,0,0.583333,1740.0,0.083333,0.75,1.0,1,10.153846,7,0
32,116,13,3,3,0,77,2,1,2,2743,7331,1,0,20,4,3,1,2,2,3,2,2,2,2,0,1,0,0,1,0,0,0,0,0,1,0,0,0,1,0,0,0,0,0,0,0,1,0,0.666667,1371.5,0.666667,0.666667,0.666667,0,4.0,0,0
32,1316,2,2,4,0,38,3,2,3,4998,2338,4,1,14,3,4,0,10,2,3,8,7,0,7,0,1,0,0,1,0,0,1,0,0,0,0,0,0,0,0,0,0,1,0,0,0,0,1,0.777778,1666.0,0.0,0.777778,1.111111,2,6.545455,2,0
36,363,1,3,3,0,77,1,3,1,10252,4235,2,1,21,4,3,1,17,2,3,7,7,7,7,0,0,1,0,1,0,0,0,0,0,0,1,0,0,0,0,1,0,0,0,0,1,0,0,0.875,2563.0,0.875,0.875,2.125,4,1.166667,1,0
33,117,9,3,1,1,60,3,1,4,2781,6311,0,0,13,3,2,1,15,5,3,14,10,4,10,0,0,1,0,1,0,0,0,0,1,0,0,0,0,0,0,0,0,1,0,0,0,1,0,0.666667,1390.5,0.266667,0.666667,1.0,0,10.5,0,0
40,107,10,3,2,0,84,2,2,2,6852,11591,7,0,12,3,2,1,7,2,4,5,1,1,3,0,0,1,0,0,1,0,0,0,0,0,1,0,0,0,0,0,0,0,1,0,1,0,0,0.166667,2284.0,0.166667,0.5,1.166667,0,5.0,0,0
25,1356,10,4,3,1,57,3,2,4,4950,20623,0,0,14,3,2,0,5,4,3,4,3,1,1,0,0,1,0,0,1,0,1,0,0,0,0,0,0,0,0,0,0,0,1,0,0,0,1,0.6,1650.0,0.2,0.2,1.0,0,8.0,0,0
30,1465,1,3,4,1,63,3,1,2,3579,9369,0,1,21,4,1,1,12,2,3,11,9,5,7,0,0,1,0,1,0,0,0,0,1,0,0,0,0,0,0,0,0,1,0,0,0,1,0,0.75,1789.5,0.416667,0.583333,1.0,3,5.076923,1,0
42,458,26,5,1,0,60,3,3,1,13191,23281,3,1,17,3,3,0,20,6,3,1,0,0,0,0,1,0,0,1,0,0,0,0,1,0,0,0,0,0,0,0,1,0,0,0,0,1,0,0.0,3297.75,0.0,0.0,10.0,4,0.142857,26,0
35,1212,8,2,3,0,78,2,3,4,10377,13755,4,1,11,3,2,1,16,6,2,13,2,4,12,1,0,0,0,0,1,0,0,1,0,0,0,0,0,0,0,0,0,0,1,0,0,1,0,0.142857,2594.25,0.285714,0.857143,1.142857,1,6.117647,8,0
27,1103,14,3,1,1,42,3,1,1,2235,14377,1,1,14,3,4,2,9,3,2,9,7,6,8,0,0,1,0,1,0,0,1,0,0,0,0,0,0,0,0,0,0,1,0,0,0,1,0,0.7,1117.5,0.6,0.8,0.9,4,1.8,14,0
54,966,1,4,4,0,53,3,3,3,10502,9659,7,0,17,3,1,1,33,2,1,5,4,1,4,0,1,0,0,1,0,0,1,0,0,0,0,0,0,0,0,1,0,0,0,0,1,0,0,0.666667,2625.5,0.166667,0.666667,5.5,0,0.441176,0,0
44,1117,2,1,1,0,72,4,1,4,2011,19982,1,0,13,3,4,1,10,5,3,10,5,7,7,0,0,1,0,1,0,0,1,0,0,0,0,0,0,0,0,0,0,1,0,0,0,1,0,0.454545,1005.5,0.636364,0.636364,0.909091,0,10.909091,0,0
19,504,10,3,1,0,96,2,1,2,1859,6148,1,1,25,4,2,0,1,2,4,1,1,0,0,1,0,0,0,1,0,0,0,0,1,0,0,0,0,0,0,0,0,1,0,0,0,0,1,0.5,929.5,0.0,0.0,0.5,3,4.0,10,1
29,1010,1,3,1,0,97,3,1,4,3760,5598,1,0,15,3,1,3,3,5,3,3,2,1,2,0,0,1,0,1,0,0,1,0,0,0,0,0,0,0,0,0,0,1,0,0,1,0,0,0.5,1880.0,0.25,0.5,0.75,0,9.0,0,0
54,685,3,3,4,1,85,3,4,4,17779,23474,3,0,14,3,1,0,36,2,3,10,9,0,9,0,0,1,0,1,0,0,1,0,0,0,0,0,0,0,0,0,1,0,0,0,0,1,0,0.818182,3555.8,0.0,0.818182,3.272727,0,3.243243,0,0
31,1332,11,2,3,1,80,3,2,1,6833,17089,1,1,12,3,4,0,6,2,2,6,5,0,1,0,0,1,0,1,0,0,0,0,1,0,0,1,0,0,0,0,0,0,0,0,0,1,0,0.714286,2277.666667,0.0,0.142857,0.857143,4,1.714286,11,0
31,1062,24,3,3,0,96,2,2,1,6812,17198,1,0,19,3,2,0,10,2,3,10,9,1,8,0,0,1,0,1,0,0,0,0,1,0,0,1,0,0,0,0,0,0,0,0,0,0,1,0.818182,2270.666667,0.090909,0.727273,0.909091,0,2.727273,0,0
59,326,3,3,3,0,48,2,2,4,5171,16490,5,0,17,3,4,0,13,2,3,6,1,0,5,0,0,1,0,0,1,0,1,0,0,0,0,0,0,0,0,0,0,0,1,0,0,0,1,0.142857,1723.666667,0.0,0.714286,1.857143,0,5.142857,0,0
43,920,3,3,3,1,96,1,5,4,19740,18625,3,0,14,3,2,1,25,2,3,8,7,0,7,0,0,1,0,1,0,0,1,0,0,0,0,0,0,0,0,0,1,0,0,0,0,1,0,0.777778,3290.0,0.0,0.777778,2.777778,0,3.692308,0,0
49,1098,4,2,1,1,85,2,5,3,18711,12124,2,0,13,3,3,1,23,2,4,1,0,0,0,0,0,1,0,1,0,0,0,0,1,0,0,0,0,0,1,0,0,0,0,0,0,1,0,0.0,3118.5,0.0,0.0,11.5,0,0.5,0,0
36,469,3,3,3,1,46,3,1,2,3692,9256,1,0,12,3,3,0,12,2,2,11,10,0,7,0,1,0,0,1,0,0,0,0,0,0,1,0,0,0,0,0,0,1,0,0,0,1,0,0.833333,1846.0,0.0,0.583333,1.0,0,3.384615,0,0
48,969,2,2,4,1,76,4,1,2,2559,16620,5,0,11,3,3,0,7,4,2,1,0,0,0,0,0,1,0,1,0,0,0,0,0,0,1,0,0,1,0,0,0,0,0,0,0,0,1,0.0,1279.5,0.0,0.0,3.5,0,0.5,0,0
27,1167,4,2,1,1,76,3,1,3,2517,3208,1,0,11,3,2,3,5,2,3,5,3,0,3,0,0,1,0,1,0,0,1,0,0,0,0,0,0,0,0,0,0,1,0,0,1,0,0,0.5,1258.5,0.0,0.5,0.833333,0,7.5,0,0
29,1329,7,3,3,1,82,3,2,4,6623,4204,1,1,11,3,2,2,6,2,3,6,0,1,0,0,0,1,0,1,0,0,1,0,0,0,0,1,0,0,0,0,0,0,0,0,1,0,0,0.0,2207.666667,0.142857,0.0,0.857143,1,10.285714,7,0
48,715,1,3,4,1,76,2,5,4,18265,8733,6,0,12,3,3,0,25,3,4,1,0,0,0,0,0,1,0,1,0,0,1,0,0,0,0,0,0,0,0,0,1,0,0,0,0,0,1,0.0,3044.166667,0.0,0.0,12.5,0,0.615385,0,0
29,694,1,3,4,0,87,2,4,4,16124,3423,3,0,14,3,2,2,9,2,2,7,7,1,7,0,0,1,0,1,0,0,1,0,0,0,0,0,0,0,0,0,1,0,0,0,1,0,0,0.875,3224.8,0.125,0.875,1.125,0,5.6,0,0
34,1320,20,3,3,0,89,4,1,3,2585,21643,0,0,17,3,4,0,2,5,2,1,0,0,0,0,0,1,0,1,0,0,0,0,0,0,1,0,0,0,0,0,0,1,0,0,0,1,0,0.0,1292.5,0.0,0.0,1.0,0,2.0,0,0
44,1099,5,3,2,1,88,3,5,2,18213,8751,7,0,11,3,3,1,26,5,3,22,9,3,10,0,0,1,0,0,1,0,0,1,0,0,0,0,0,0,1,0,0,0,0,0,0,1,0,0.391304,3035.5,0.130435,0.434783,1.130435,0,4.888889,0,0
33,536,10,5,4,1,82,4,3,3,8380,21708,0,1,14,3,4,2,10,3,3,9,8,0,8,0,0,1,0,0,1,0,0,1,0,0,0,0,0,0,0,0,0,0,1,0,1,0,0,0.8,2095.0,0.0,0.8,1.0,2,7.363636,10,0
19,265,25,3,2,0,57,4,1,4,2994,21221,1,1,12,3,4,0,1,2,3,1,0,0,1,0,0,1,0,1,0,0,1,0,0,0,0,0,0,0,0,0,0,1,0,0,0,0,1,0.0,1497.0,0.0,0.5,0.5,1,6.0,25,0
23,373,1,2,4,1,47,3,1,3,1223,16901,1,0,22,4,4,1,1,2,3,1,0,0,1,0,0,1,0,1,0,0,1,0,0,0,0,0,0,0,0,0,0,1,0,0,0,1,0,0.0,611.5,0.0,0.5,0.5,0,4.5,0,0
25,599,24,1,3,1,73,1,1,4,1118,8040,1,1,14,3,4,0,1,4,3,1,0,1,0,0,1,0,0,0,1,0,1,0,0,0,0,0,0,0,0,0,0,0,0,1,0,0,1,0.0,559.0,0.5,0.0,0.5,1,6.0,24,1
26,583,4,2,3,1,53,3,1,4,2875,9973,1,1,20,4,2,0,8,2,2,8,5,2,2,0,0,1,0,1,0,0,1,0,0,0,0,0,0,0,0,0,0,1,0,0,0,0,1,0.555556,1437.5,0.222222,0.222222,0.888889,1,7.111111,4,0
45,1449,2,3,1,0,94,1,5,2,18824,2493,2,1,16,3,1,0,26,2,3,24,10,1,11,0,0,1,0,0,1,0,0,1,0,0,0,0,0,0,1,0,0,0,0,0,0,0,1,0.4,3137.333333,0.04,0.44,1.04,3,5.333333,2,1
55,177,8,1,4,1,37,2,4,2,13577,25592,1,1,15,3,4,1,34,3,3,33,9,15,0,1,0,0,0,1,0,0,0,0,1,0,0,1,0,0,0,0,0,0,0,0,1,0,0,0.264706,2715.4,0.441176,0.0,1.0,3,5.657143,8,0
21,251,10,2,1,0,45,2,1,3,2625,25308,1,0,20,4,3,0,2,2,1,2,2,2,2,0,1,0,0,1,0,0,1,0,0,0,0,0,0,1,0,0,0,0,0,0,0,0,1,0.666667,1312.5,0.666667,0.666667,0.666667,0,2.0,0,1
46,168,4,2,4,0,33,2,5,2,18789,9946,2,0,14,3,3,1,26,2,3,11,4,0,8,0,0,1,0,0,1,0,0,1,0,0,0,0,0,0,1,0,0,0,0,0,0,1,0,0.333333,3131.5,0.0,0.666667,2.166667,0,2.444444,0,0
34,131,2,3,3,0,86,3,2,1,4538,6039,0,1,12,3,4,0,4,3,3,3,2,0,2,0,0,1,0,0,1,0,0,1,0,0,0,0,0,0,0,0,0,0,1,0,0,0,1,0.5,1512.666667,0.0,0.5,1.0,4,1.8,2,0
51,237,9,3,4,1,83,3,5,2,19847,19196,4,1,24,4,1,1,31,5,2,29,10,11,10,0,1,0,0,0,1,0,1,0,0,0,0,0,0,0,1,0,0,0,0,0,1,0,0,0.333333,3307.833333,0.366667,0.333333,1.033333,3,3.625,9,0
59,1429,18,4,4,1,67,3,3,4,10512,20002,6,0,12,3,4,0,25,6,2,9,7,5,4,0,0,1,0,1,0,0,0,0,1,0,0,0,0,0,0,1,0,0,0,0,0,0,1,0.7,2628.0,0.5,0.4,2.5,0,2.769231,0,0
34,135,19,3,3,0,46,3,2,2,4444,22534,4,0,13,3,3,2,15,2,4,11,8,5,10,0,1,0,0,1,0,0,0,0,1,0,0,0,0,1,0,0,0,0,0,0,1,0,0,0.666667,1481.333333,0.416667,0.833333,1.25,0,5.5,0,0
28,791,1,4,4,1,44,3,1,3,2154,6842,0,1,11,3,3,0,5,2,2,4,2,0,2,0,1,0,0,1,0,0,0,0,1,0,0,0,0,1,0,0,0,0,0,0,0,0,1,0.4,1077.0,0.0,0.4,1.0,2,4.0,1,0
44,1199,4,2,3,1,92,4,5,1,19190,17477,1,0,14,3,4,2,26,4,2,25,9,14,13,0,0,1,0,1,0,0,1,0,0,0,0,0,0,0,1,0,0,0,0,0,1,0,0,0.346154,3198.333333,0.538462,0.5,1.0,0,1.851852,0,0
34,648,11,3,3,1,56,2,2,2,4490,21833,4,0,11,3,4,2,14,5,4,10,9,1,8,0,1,0,1,0,0,0,1,0,0,0,0,0,1,0,0,0,0,0,0,0,0,1,0,0.818182,1496.666667,0.090909,0.727273,1.272727,0,5.333333,0,0
35,735,6,1,3,1,66,3,1,3,3506,6020,0,1,14,3,4,0,4,3,3,3,2,2,2,0,0,1,0,1,0,0,1,0,0,0,0,0,0,0,0,0,0,1,0,0,0,1,0,0.5,1753.0,0.5,0.5,1.0,2,5.4,6,0
42,603,7,4,2,0,78,4,2,2,2372,5628,6,1,16,3,4,0,18,2,3,1,0,0,0,0,0,1,0,1,0,0,0,0,1,0,0,0,0,0,0,0,0,1,0,0,0,1,0,0.0,790.666667,0.0,0.0,9.0,3,0.315789,7,0
43,531,4,4,4,0,56,2,3,4,10231,20364,3,0,14,3,4,0,23,3,4,21,7,15,17,0,0,1,0,0,1,0,0,1,0,0,0,0,0,0,0,0,0,0,1,0,0,0,1,0.318182,2557.75,0.681818,0.772727,1.045455,0,14.0,0,0
36,429,2,4,3,0,53,3,2,2,5410,2323,9,1,11,3,4,0,18,2,3,16,14,5,12,0,0,1,0,1,0,0,1,0,0,0,0,0,0,0,0,1,0,0,0,0,0,0,1,0.823529,1803.333333,0.294118,0.705882,1.058824,3,5.052632,2,0
44,621,15,3,1,0,73,3,3,4,7978,14075,1,0,11,3,4,1,10,2,3,10,7,0,5,0,0,1,0,1,0,0,0,0,1,0,0,1,0,0,0,0,0,0,0,0,0,1,0,0.636364,1994.5,0.0,0.454545,0.909091,0,10.909091,0,1
28,193,2,3,4,1,52,2,1,4,3867,14222,1,1,12,3,2,1,2,2,3,2,2,2,2,0,1,0,0,1,0,0,1,0,0,0,0,0,0,1,0,0,0,0,0,0,0,1,0,0.666667,1933.5,0.666667,0.666667,0.666667,1,8.0,2,0
51,968,6,2,2,0,40,2,1,3,2838,4257,0,0,14,3,2,0,8,6,2,7,0,7,7,0,1,0,0,1,0,0,0,0,1,0,0,0,0,1,0,0,0,0,0,0,0,0,1,0.0,1419.0,0.875,0.875,1.0,0,4.666667,0,0
30,879,9,2,3,0,72,3,2,3,4695,12858,7,1,18,3,3,0,10,3,3,8,4,1,7,1,0,0,0,1,0,0,0,0,1,0,0,0,0,0,0,1,0,0,0,0,0,0,1,0.444444,1565.0,0.111111,0.777778,1.111111,2,6.545455,9,0
29,806,7,3,2,0,39,3,1,3,3339,17285,3,1,13,3,1,2,10,2,3,7,7,7,7,0,0,1,0,1,0,0,0,0,0,0,1,0,0,1,0,0,0,0,0,0,1,0,0,0.875,1669.5,0.875,0.875,1.25,2,5.727273,7,1
28,640,1,3,4,1,84,3,1,1,2080,4732,2,0,11,3,2,0,5,2,2,3,2,1,2,0,0,1,0,1,0,0,0,0,0,0,1,0,0,0,0,0,0,1,0,0,0,0,1,0.5,1040.0,0.25,0.5,1.25,0,1.0,0,0
25,266,1,3,4,0,40,3,1,2,2096,18830,1,0,18,3,4,0,2,3,2,2,2,2,1,0,0,1,0,1,0,0,0,0,1,0,0,0,0,0,0,0,0,1,0,0,0,0,1,0.666667,1048.0,0.666667,0.333333,0.666667,0,2.666667,0,0
32,604,8,3,3,1,56,4,2,4,6209,11693,1,0,15,3,3,2,10,4,4,10,7,0,8,0,0,1,0,0,1,0,0,0,1,0,0,0,0,0,0,0,0,0,1,0,0,1,0,0.636364,2069.666667,0.0,0.727273,0.909091,0,14.545455,0,0
45,364,25,3,2,0,83,3,5,2,18061,13035,3,0,22,4,3,0,22,4,3,0,0,0,0,0,1,0,0,1,0,0,0,0,1,0,0,0,0,0,1,0,0,0,0,0,0,0,1,0.0,3010.166667,0.0,0.0,22.0,0,0.0,0,0
39,412,13,4,3,0,94,2,4,2,17123,17334,6,1,13,3,4,2,21,4,3,19,9,15,2,0,0,1,0,1,0,0,0,0,1,0,0,0,0,0,1,0,0,0,0,0,1,0,0,0.45,3424.6,0.75,0.1,1.05,3,5.181818,13,0
58,848,23,4,1,1,88,3,1,3,2372,26076,1,0,12,3,4,2,2,3,3,2,2,2,2,0,0,1,0,1,0,0,1,0,0,0,0,0,0,0,0,0,0,1,0,0,1,0,0,0.666667,1186.0,0.666667,0.666667,0.666667,0,6.0,0,0
32,1089,7,2,4,1,79,3,2,3,4883,22845,1,0,18,3,1,1,10,3,3,10,4,1,1,0,0,1,0,1,0,0,1,0,0,0,0,0,0,1,0,0,0,0,0,0,0,1,0,0.363636,1627.666667,0.090909,0.090909,0.909091,0,8.181818,0,1
39,360,23,3,3,1,93,3,1,1,3904,22154,0,0,13,3,1,0,6,2,3,5,2,0,3,0,0,1,0,1,0,0,0,0,1,0,0,0,0,0,0,0,0,1,0,0,0,0,1,0.333333,1952.0,0.0,0.5,1.0,0,2.142857,0,1
30,1138,6,3,1,0,48,2,2,4,4627,23631,0,0,12,3,1,1,10,6,3,9,2,6,7,0,0,1,0,1,0,0,0,0,0,0,1,0,0,1,0,0,0,0,0,0,0,1,0,0.2,1542.333333,0.6,0.7,1.0,0,9.818182,0,0
36,325,10,4,4,0,63,3,3,3,7094,5747,3,0,12,3,1,0,10,0,3,7,7,1,7,0,0,1,0,1,0,0,0,0,0,0,1,1,0,0,0,0,0,0,0,0,0,1,0,0.875,1773.5,0.125,0.875,1.25,0,5.727273,0,0
46,991,1,2,4,0,44,3,1,1,3423,22957,6,0,12,3,3,0,10,3,4,7,6,5,7,0,0,1,1,0,0,0,1,0,0,0,0,0,1,0,0,0,0,0,0,0,0,0,1,0.75,1711.5,0.625,0.875,1.25,0,2.545455,0,0
28,1476,1,3,3,0,55,1,2,4,6674,16392,0,0,11,3,1,3,10,6,3,9,8,7,5,1,0,0,0,1,0,0,1,0,0,0,0,0,0,1,0,0,0,0,0,0,0,1,0,0.8,2224.666667,0.7,0.5,1.0,0,9.818182,0,0
50,1322,28,3,4,0,43,3,4,1,16880,22422,4,1,11,3,2,0,25,2,3,3,2,1,2,0,0,1,0,1,0,0,1,0,0,0,0,0,0,0,0,0,1,0,0,0,0,1,0,0.5,3376.0,0.25,0.5,6.25,4,0.346154,28,0
40,299,25,4,4,1,57,2,3,2,9094,17235,2,1,12,3,3,0,9,2,3,5,4,1,0,0,0,1,0,0,1,0,0,1,0,0,0,0,0,0,0,0,0,0,1,0,0,0,1,0.666667,2273.5,0.166667,0.0,1.5,3,3.0,25,1
52,1030,5,3,2,1,64,3,3,2,8446,21534,9,1,19,3,3,0,10,2,2,8,7,7,7,0,0,1,0,0,1,0,1,0,0,0,0,0,0,0,0,0,0,0,1,0,0,0,1,0.777778,2111.5,0.777778,0.777778,1.111111,3,2.909091,5,1
30,634,17,4,2,0,95,3,3,1,11916,25927,1,1,23,4,4,2,9,2,3,9,1,0,8,0,0,1,0,1,0,0,0,0,1,0,0,0,0,0,1,0,0,0,0,0,0,1,0,0.1,2979.0,0.0,0.8,0.9,4,2.7,17,0
39,524,18,2,1,1,32,3,2,3,4534,13352,0,0,11,3,1,0,9,6,3,8,7,1,7,0,0,1,0,1,0,0,1,0,0,0,0,0,0,0,0,1,0,0,0,0,0,0,1,0.777778,1511.333333,0.111111,0.777778,1.0,0,7.2,0,0
31,587,2,4,4,0,57,3,3,3,9852,8935,1,1,19,3,1,1,10,5,2,10,8,9,6,1,0,0,0,0,1,0,1,0,0,0,0,0,0,0,0,0,0,0,1,0,1,0,0,0.727273,2463.0,0.818182,0.545455,0.909091,2,5.454545,2,0
41,256,10,2,3,1,40,1,2,2,6151,22074,1,0,13,3,1,0,19,4,3,19,2,11,9,1,0,0,0,0,1,0,0,0,1,0,0,0,0,0,0,0,0,0,1,0,0,0,1,0.1,2050.333333,0.55,0.45,0.95,0,5.7,0,0
31,1060,1,3,4,0,54,3,1,2,2302,8319,1,1,11,3,1,0,3,2,4,3,2,2,2,0,1,0,0,0,1,0,1,0,0,0,0,0,0,0,0,0,0,0,0,1,0,0,1,0.5,1151.0,0.5,0.5,0.75,3,6.0,1,1
44,935,3,3,1,1,89,3,1,1,2362,14669,4,0,12,3,3,0,10,4,4,3,2,1,2,0,0,1,0,1,0,0,1,0,0,0,0,0,0,1,0,0,0,0,0,0,0,1,0,0.5,1181.0,0.25,0.5,2.5,0,1.090909,0,1
42,495,2,1,3,1,37,3,4,3,17861,26582,0,1,13,3,4,0,21,3,2,20,8,2,10,1,0,0,0,1,0,0,1,0,0,0,0,0,0,0,1,0,0,0,0,0,0,1,0,0.380952,3572.2,0.095238,0.47619,1.0,2,5.454545,2,0
55,282,2,2,4,0,58,1,5,3,19187,6992,4,0,14,3,4,1,23,5,3,19,9,9,11,0,0,1,0,1,0,0,0,0,1,0,0,0,0,0,1,0,0,0,0,0,0,1,0,0.45,3197.833333,0.45,0.55,1.15,0,7.125,0,0
56,206,8,4,4,1,99,3,5,2,19717,4022,6,0,14,3,1,0,36,4,3,7,3,7,7,0,0,1,1,0,0,0,1,0,0,0,0,0,0,0,1,0,0,0,0,0,0,0,1,0.375,3286.166667,0.875,0.875,4.5,0,1.135135,0,0
40,458,16,2,3,1,74,3,1,3,3544,8532,9,0,16,3,2,1,6,0,3,4,2,0,0,1,0,0,0,1,0,0,1,0,0,0,0,0,0,0,0,0,0,1,0,0,1,0,0,0.4,1772.0,0.0,0.0,1.2,0,5.142857,0,0
34,943,9,3,4,1,86,3,3,4,8500,5494,0,0,11,3,4,1,10,0,2,9,7,1,6,0,0,1,0,1,0,0,1,0,0,0,0,1,0,0,0,0,0,0,0,0,1,0,0,0.7,2125.0,0.1,0.6,1.0,0,6.545455,0,0
40,523,2,3,3,1,98,3,2,4,4661,22455,1,0,13,3,3,0,9,4,3,9,8,8,8,0,0,1,0,1,0,0,1,0,0,0,0,0,0,0,0,0,0,1,0,0,0,0,1,0.8,1553.666667,0.8,0.8,0.9,0,10.8,0,0
41,1018,1,3,3,0,66,3,2,1,4103,4297,0,0,17,3,4,1,10,2,3,9,3,1,7,0,1,0,0,0,1,0,0,1,0,0,0,0,0,0,0,0,0,0,1,0,1,0,0,0.3,1367.666667,0.1,0.7,1.0,0,2.454545,0,0
35,482,4,4,3,1,87,3,2,3,4249,2690,1,1,11,3,2,0,9,3,3,9,6,1,1,0,1,0,0,1,0,0,1,0,0,0,0,0,0,0,0,0,0,1,0,0,0,0,1,0.6,1416.333333,0.1,0.1,0.9,2,8.1,4,0
51,770,5,3,3,1,84,3,4,2,14026,17588,1,1,11,3,2,1,33,2,3,33,9,0,10,0,0,1,1,0,0,0,1,0,0,0,0,0,0,0,1,0,0,0,0,0,1,0,0,0.264706,2805.2,0.0,0.294118,0.970588,3,5.823529,5,0
38,1009,2,2,2,0,31,3,2,1,6893,19461,3,0,15,3,4,1,11,3,3,7,7,1,7,0,0,1,0,0,1,0,1,0,0,0,0,0,0,0,0,0,0,0,1,0,1,0,0,0.875,2297.666667,0.125,0.875,1.375,0,1.75,0,0
34,507,15,2,3,0,66,3,2,1,6125,23553,1,0,12,3,4,0,10,6,4,10,8,9,6,0,0,1,0,0,1,0,0,0,1,0,0,0,0,0,0,0,0,0,1,0,0,0,1,0.727273,2041.666667,0.818182,0.545455,0.909091,0,3.636364,0,0
25,882,19,1,4,1,67,3,1,4,3669,9075,3,0,11,3,3,3,7,6,2,3,2,1,2,0,0,1,0,1,0,0,0,0,1,0,0,0,0,1,0,0,0,0,0,0,0,1,0,0.5,1834.5,0.25,0.5,1.75,0,3.0,0,0
58,601,7,4,3,0,53,2,3,1,10008,12023,7,1,14,3,4,0,31,0,2,10,9,5,9,0,0,1,0,1,0,0,0,0,1,0,0,0,0,0,0,1,0,0,0,0,0,1,0,0.818182,2502.0,0.454545,0.818182,2.818182,4,0.625,7,1
40,329,1,4,2,1,88,3,1,2,2387,6762,3,0,22,4,3,1,7,3,3,4,2,0,3,0,0,1,0,1,0,0,1,0,0,0,0,0,0,1,0,0,0,0,0,0,0,1,0,0.4,1193.5,0.0,0.6,1.4,0,3.0,0,0
36,607,7,3,1,0,83,4,2,1,4639,2261,2,0,16,3,4,1,17,2,2,15,7,6,13,0,1,0,0,0,1,0,0,1,0,0,0,0,0,0,0,0,0,0,1,0,0,1,0,0.4375,1546.333333,0.375,0.8125,1.0625,0,1.666667,0,0
48,855,4,3,4,1,54,3,3,4,7898,18706,1,0,11,3,3,0,11,2,3,10,9,0,8,0,0,1,0,1,0,0,1,0,0,0,0,0,0,0,0,1,0,0,0,0,0,0,1,0.818182,1974.5,0.0,0.727273,1.0,0,10.0,0,0
27,1291,11,3,3,0,98,4,1,4,2534,6527,8,0,14,3,2,1,5,4,3,1,0,0,0,0,0,1,0,0,1,0,0,0,1,0,0,0,0,0,0,0,0,0,0,1,0,1,0,0.0,1267.0,0.0,0.0,2.5,0,2.0,0,0
51,1405,11,2,4,0,82,2,4,2,13142,24439,3,0,16,3,2,0,29,1,2,5,2,0,3,0,0,1,0,1,0,0,0,0,0,0,1,0,0,0,0,1,0,0,0,0,0,0,1,0.333333,2628.4,0.0,0.5,4.833333,0,0.666667,0,0
18,1124,1,3,4,0,97,3,1,4,1611,19305,1,0,15,3,3,0,0,5,4,0,0,0,0,1,0,0,0,1,0,0,1,0,0,0,0,0,0,1,0,0,0,0,0,0,0,0,1,0.0,805.5,0.0,0.0,0.0,0,0.0,0,0
35,817,1,3,4,0,60,2,2,4,5363,10846,0,0,12,3,2,1,10,0,3,9,7,0,0,0,0,1,0,1,0,0,0,0,1,0,0,0,0,1,0,0,0,0,0,0,0,1,0,0.7,1787.666667,0.0,0.0,1.0,0,9.818182,0,0
27,793,2,1,4,1,43,1,2,4,5071,20392,3,0,20,4,2,0,8,3,3,6,2,0,0,0,1,0,0,0,1,0,1,0,0,0,0,0,0,0,0,0,0,0,1,0,0,0,1,0.285714,1690.333333,0.0,0.0,1.142857,0,8.0,0,0
55,267,13,4,1,1,85,4,4,3,13695,9277,6,1,17,3,3,0,24,2,2,19,7,3,8,0,0,1,0,0,1,0,0,1,0,0,0,0,0,0,0,0,0,0,1,0,0,0,1,0.35,2739.0,0.15,0.4,1.2,2,4.56,13,1
56,1369,23,3,4,1,68,3,4,2,13402,18235,4,1,12,3,1,1,33,0,3,19,16,15,9,0,0,1,0,1,0,0,1,0,0,0,0,0,0,0,0,1,0,0,0,0,0,1,0,0.8,2680.4,0.75,0.45,1.65,3,3.352941,23,0
34,999,26,1,1,0,92,2,1,3,2029,15891,1,0,20,4,3,3,5,2,3,5,4,0,0,1,0,0,0,1,0,0,0,0,0,0,1,0,0,0,0,0,0,1,0,0,1,0,0,0.666667,1014.5,0.0,0.0,0.833333,0,7.5,0,0
40,1202,2,1,2,0,89,4,2,3,6377,13888,5,0,20,4,2,3,15,0,3,12,11,11,8,0,0,1,0,1,0,0,0,0,1,0,0,1,0,0,0,0,0,0,0,0,1,0,0,0.846154,2125.666667,0.846154,0.615385,1.153846,0,6.75,0,0
34,285,29,3,2,1,86,3,2,3,5429,17491,4,0,13,3,1,2,10,1,3,8,7,7,7,0,0,1,0,1,0,0,0,0,1,0,0,0,0,1,0,0,0,0,0,0,0,1,0,0.777778,1809.666667,0.777778,0.777778,1.111111,0,6.545455,0,0
31,703,2,3,3,0,90,2,1,4,2785,11882,7,0,14,3,3,0,3,3,4,1,0,0,0,0,1,0,0,0,1,0,1,0,0,0,0,0,0,0,0,0,0,0,0,1,0,0,1,0.0,1392.5,0.0,0.0,1.5,0,4.0,0,1
35,662,18,4,4,0,67,3,2,3,4614,23288,0,1,18,3,3,1,5,0,2,4,2,3,2,0,1,0,0,0,1,0,0,1,0,0,0,0,0,0,0,0,0,0,1,0,0,1,0,0.4,1538.0,0.6,0.4,1.0,2,4.0,18,1
38,693,7,3,4,1,57,4,1,3,2610,15748,1,0,11,3,4,3,4,2,3,4,2,0,3,0,1,0,0,1,0,0,1,0,0,0,0,0,0,0,0,0,0,1,0,0,1,0,0,0.4,1305.0,0.0,0.6,0.8,0,7.2,0,0
34,404,2,4,3,0,98,3,2,4,6687,6163,1,0,11,3,4,0,14,2,4,14,11,4,11,0,0,1,0,1,0,0,0,0,0,0,1,1,0,0,0,0,0,0,0,0,0,0,1,0.733333,2229.0,0.266667,0.733333,0.933333,0,14.933333,0,0
28,736,26,3,3,1,48,2,2,1,4724,24232,1,0,11,3,3,1,5,0,3,5,3,0,4,0,0,1,0,0,1,0,1,0,0,0,0,0,0,0,0,0,0,0,1,0,0,1,0,0.5,1574.666667,0.0,0.666667,0.833333,0,2.5,0,0
31,330,22,4,4,1,98,3,2,3,6179,21057,1,1,15,3,4,2,10,3,2,10,2,6,7,0,0,1,0,1,0,0,0,0,1,0,0,0,0,0,0,1,0,0,0,0,0,1,0,0.181818,2059.666667,0.545455,0.636364,0.909091,2,5.454545,22,1
39,1498,21,4,1,1,44,2,2,4,6120,3567,3,1,12,3,4,2,8,2,4,5,4,1,4,0,0,1,0,0,1,0,1,0,0,0,0,0,0,0,0,0,0,0,1,0,0,1,0,0.666667,2040.0,0.166667,0.666667,1.333333,1,8.888889,21,0
51,541,2,3,2,1,52,3,3,2,10596,15395,2,0,11,3,2,0,14,5,3,4,2,3,2,0,1,0,0,0,1,0,0,1,0,0,0,0,0,0,0,0,0,0,1,0,0,1,0,0.4,2649.0,0.6,0.4,2.8,0,1.6,0,0
41,1200,22,3,4,0,75,3,2,4,5467,13953,3,1,14,3,1,2,12,4,2,6,2,3,3,0,1,0,0,1,0,0,1,0,0,0,0,0,0,0,0,0,0,1,0,0,1,0,0,0.285714,1822.333333,0.428571,0.428571,1.714286,1,3.692308,22,0
37,1439,4,1,3,1,54,3,1,3,2996,5182,7,1,15,3,4,0,8,2,3,6,4,1,3,0,0,1,0,1,0,0,1,0,0,0,0,0,0,0,0,0,0,1,0,0,0,1,0,0.571429,1498.0,0.142857,0.428571,1.142857,2,6.0,4,0
33,1111,5,1,2,1,61,3,2,4,9998,19293,6,0,13,3,1,0,8,2,4,5,4,1,2,0,1,0,0,0,1,0,1,0,0,0,0,0,0,0,0,0,0,0,1,0,0,1,0,0.666667,3332.666667,0.166667,0.333333,1.333333,0,8.888889,0,0
32,499,2,1,3,1,36,3,2,2,4078,20497,0,1,13,3,1,3,4,3,2,3,2,1,2,0,0,1,0,0,1,0,0,1,0,0,0,0,0,0,0,0,0,0,1,0,0,1,0,0.5,1359.333333,0.25,0.5,1.0,3,2.4,2,0
39,1485,25,2,3,1,71,3,3,3,10920,3449,3,0,21,4,2,1,13,2,3,6,4,0,5,1,0,0,0,1,0,0,1,0,0,0,0,1,0,0,0,0,0,0,0,0,0,1,0,0.571429,2730.0,0.0,0.714286,1.857143,0,3.857143,0,0
25,1372,18,1,1,1,93,4,2,3,6232,12477,2,0,11,3,2,0,6,3,2,3,2,1,2,0,0,1,0,0,1,0,1,0,0,0,0,0,0,0,0,0,0,0,1,0,0,1,0,0.5,2077.333333,0.25,0.5,1.5,0,2.571429,0,0
52,322,28,2,4,0,59,4,4,3,13247,9731,2,1,11,3,2,1,24,3,2,5,3,0,2,0,1,0,0,1,0,0,0,0,1,0,0,0,0,0,0,1,0,0,0,0,0,1,0,0.5,2649.4,0.0,0.333333,4.0,2,1.2,28,0
43,930,6,3,1,0,73,2,2,3,4081,20003,1,1,14,3,1,0,20,3,1,20,7,1,8,0,0,1,0,1,0,0,0,0,1,0,0,0,0,0,0,0,0,1,0,0,0,0,1,0.333333,1360.333333,0.047619,0.380952,0.952381,2,2.857143,6,0
27,205,10,3,4,0,98,2,2,4,5769,7100,1,1,11,3,4,0,6,3,3,6,2,4,4,0,0,1,0,0,1,0,0,1,0,0,0,0,0,0,0,0,0,0,1,0,0,1,0,0.285714,1923.0,0.571429,0.571429,0.857143,1,10.285714,10,0
27,135,17,4,4,0,51,3,1,3,2394,25681,1,1,13,3,4,0,8,2,3,8,2,7,7,0,0,1,0,1,0,0,1,0,0,0,0,0,0,0,0,0,0,1,0,0,0,0,1,0.222222,1197.0,0.777778,0.777778,0.888889,2,8.0,17,1
26,683,2,1,1,1,36,2,1,4,3904,4050,0,0,12,3,4,0,5,2,3,4,3,1,1,0,0,1,0,1,0,0,0,0,1,0,0,0,0,0,0,0,0,1,0,0,0,0,1,0.6,1952.0,0.2,0.2,1.0,0,8.0,0,0
42,1147,10,3,3,0,31,3,4,1,16799,16616,0,0,14,3,3,1,21,5,3,20,7,0,9,0,0,1,1,0,0,1,0,0,0,0,0,0,0,0,1,0,0,0,0,0,0,1,0,0.333333,3359.8,0.0,0.428571,1.0,0,2.727273,0,0
52,258,8,4,3,0,54,3,1,1,2950,17363,9,0,13,3,3,0,12,2,1,5,4,0,4,0,0,1,0,1,0,0,0,0,0,1,0,0,0,1,0,0,0,0,0,0,0,1,0,0.666667,1475.0,0.0,0.666667,2.0,0,0.384615,0,0
37,1462,11,3,1,0,94,3,1,3,3629,19106,4,0,18,3,1,0,8,6,3,3,2,0,2,0,0,1,0,1,0,0,0,0,1,0,0,0,0,1,0,0,0,0,0,0,0,0,1,0.5,1814.5,0.0,0.5,2.0,0,3.0,0,0
35,200,18,2,3,1,60,3,3,4,9362,19944,2,0,11,3,3,0,10,2,3,2,2,2,2,0,1,0,0,1,0,0,1,0,0,0,0,0,0,0,0,1,0,0,0,0,0,0,1,0.666667,2340.5,0.666667,0.666667,3.333333,0,2.181818,0,0
25,949,1,3,1,1,81,3,1,4,3229,4910,4,0,11,3,2,1,7,2,2,3,2,0,2,0,0,1,0,1,0,0,0,0,0,0,1,0,0,1,0,0,0,0,0,0,0,1,0,0.5,1614.5,0.0,0.5,1.75,0,3.0,0,0
26,652,7,3,3,1,100,4,1,1,3578,23577,0,0,12,3,4,0,8,2,3,7,7,0,7,0,0,1,0,1,0,0,0,0,0,1,0,0,0,1,0,0,0,0,0,0,0,0,1,0.875,1789.0,0.0,0.875,1.0,0,2.333333,0,0
29,332,17,3,2,1,51,2,3,1,7988,9769,1,0,13,3,1,0,10,3,2,10,9,0,9,0,0,1,1,0,0,0,0,0,0,1,0,0,1,0,0,0,0,0,0,0,0,0,1,0.818182,1997.0,0.0,0.818182,0.909091,0,1.818182,0,0
49,1475,28,2,1,1,97,2,2,1,4284,22710,3,0,20,4,1,0,20,2,3,4,3,1,3,0,1,0,0,1,0,0,1,0,0,0,0,0,0,1,0,0,0,0,0,0,0,0,1,0.6,1428.0,0.2,0.6,4.0,0,0.571429,0,1
29,337,14,1,3,0,84,3,3,4,7553,22930,0,1,12,3,1,0,9,1,3,8,7,7,7,0,1,0,0,1,0,0,0,0,0,1,0,1,0,0,0,0,0,0,0,0,0,0,1,0.777778,1888.25,0.777778,0.777778,1.0,1,9.6,14,1
54,971,1,3,4,0,54,3,4,4,17328,5652,6,0,19,3,4,0,29,3,2,20,7,12,7,0,0,1,0,1,0,0,0,0,1,0,0,0,0,0,0,0,1,0,0,0,0,0,1,0.333333,3465.6,0.571429,0.333333,1.380952,0,5.333333,0,0
58,1055,1,3,4,0,76,3,5,1,19701,22456,3,1,21,4,3,1,32,3,3,9,8,1,5,0,0,1,0,1,0,0,0,0,1,0,0,0,0,0,0,0,1,0,0,0,0,1,0,0.8,3283.5,0.1,0.5,3.2,4,0.818182,1,0
55,1136,1,4,2,1,81,4,4,4,14732,12414,2,0,13,3,4,2,31,4,4,7,7,0,0,0,0,1,0,1,0,0,0,0,1,0,0,0,0,0,0,0,1,0,0,0,1,0,0,0.875,2946.4,0.0,0.0,3.875,0,3.5,0,0
36,1174,3,4,1,0,99,3,2,2,9278,20763,3,1,16,3,4,0,15,3,3,5,4,0,1,0,0,1,0,0,1,0,0,1,0,0,0,0,0,0,0,0,0,0,1,0,0,0,1,0.666667,3092.666667,0.0,0.166667,2.5,3,1.875,3,0
31,667,1,4,2,0,50,1,1,3,1359,16154,1,0,12,3,2,0,1,3,3,1,0,0,0,0,1,0,0,0,1,0,1,0,0,0,0,0,0,0,0,0,0,0,0,1,0,0,1,0.0,679.5,0.0,0.0,0.5,0,4.5,0,1
30,855,7,4,4,0,73,3,2,1,4779,12761,7,0,14,3,2,2,8,3,3,3,2,0,2,0,0,1,0,0,1,0,0,1,0,0,0,0,0,0,0,0,0,0,1,0,1,0,0,0.5,1593.0,0.0,0.5,2.0,0,1.0,0,0
31,182,8,5,1,0,93,3,4,2,16422,8847,3,0,11,3,3,0,9,3,4,3,2,1,0,0,0,1,0,1,0,0,1,0,0,0,0,0,0,0,0,0,1,0,0,0,0,0,1,0.5,3284.4,0.25,0.0,2.25,0,2.4,0,0
34,560,1,4,4,1,91,3,1,1,2996,20284,5,0,14,3,3,2,10,2,3,4,3,1,3,0,1,0,0,1,0,0,0,0,0,1,0,0,0,0,0,0,0,1,0,0,1,0,0,0.6,1498.0,0.2,0.6,2.0,0,1.090909,0,0
31,202,8,3,1,0,34,2,1,2,1261,22262,1,0,12,3,3,0,1,3,4,1,0,0,0,0,0,1,0,1,0,0,1,0,0,0,0,0,0,0,0,0,0,1,0,0,0,0,1,0.0,630.5,0.0,0.0,0.5,0,4.0,0,1
27,1377,11,1,2,1,91,3,1,1,2099,7679,0,0,14,3,2,0,6,3,4,5,0,1,4,0,0,1,0,1,0,0,1,0,0,0,0,0,0,1,0,0,0,0,0,0,0,1,0,0.0,1049.5,0.166667,0.666667,1.0,0,2.857143,0,0
36,172,4,4,1,1,37,2,2,4,5810,22604,1,0,16,3,3,0,10,2,2,10,4,1,8,0,0,1,0,1,0,0,1,0,0,0,0,0,0,1,0,0,0,0,0,0,0,0,1,0.363636,1936.666667,0.090909,0.727273,0.909091,0,7.272727,0,0
36,329,16,4,3,0,98,2,2,1,5647,13494,4,0,13,3,1,2,11,3,2,3,2,0,2,0,0,1,0,0,1,0,0,1,0,0,0,0,0,0,0,0,0,0,1,0,0,1,0,0.5,1882.333333,0.0,0.5,2.75,0,0.5,0,0
47,465,1,3,1,1,74,3,1,4,3420,10205,7,0,12,3,3,1,17,2,2,6,5,1,2,0,0,1,0,1,0,0,0,0,0,0,1,0,0,0,0,0,0,1,0,0,0,1,0,0.714286,1710.0,0.142857,0.285714,2.428571,0,2.666667,0,0
25,383,9,2,1,1,68,2,1,1,4400,15182,3,0,12,3,1,0,6,2,3,3,2,2,2,0,0,1,0,0,1,0,1,0,0,0,0,0,0,0,0,0,0,0,0,1,0,1,0,0.5,2200.0,0.5,0.5,1.5,0,1.285714,0,1
37,1413,5,2,3,1,84,4,1,3,3500,25470,0,0,14,3,1,0,7,2,1,6,5,1,3,1,0,0,0,1,0,0,0,0,0,0,1,0,0,1,0,0,0,0,0,0,0,0,1,0.714286,1750.0,0.142857,0.428571,1.0,0,2.25,0,0
56,1255,1,2,1,0,90,3,1,1,2066,10494,2,0,22,4,4,1,5,3,4,3,2,1,0,0,0,1,0,1,0,0,1,0,0,0,0,0,0,0,0,0,0,1,0,0,0,1,0,0.5,1033.0,0.25,0.0,1.25,0,2.0,0,0
47,359,2,4,1,0,82,3,4,3,17169,26703,3,0,19,3,2,2,26,2,4,20,17,5,6,0,0,1,0,1,0,0,0,0,1,0,0,0,0,0,0,0,1,0,0,0,0,1,0,0.809524,3433.8,0.238095,0.285714,1.238095,0,8.888889,0,0
24,1476,4,1,4,0,42,3,2,3,4162,15211,1,1,12,3,3,2,5,3,3,5,4,0,3,0,0,1,0,0,1,0,0,0,1,0,0,0,0,0,0,0,0,0,1,0,0,1,0,0.666667,1387.333333,0.0,0.5,0.833333,2,7.5,4,0
32,601,7,5,4,1,97,3,2,4,9204,23343,4,0,12,3,3,1,7,3,2,4,3,0,3,0,0,1,0,0,1,0,0,1,0,0,0,0,0,0,0,0,0,0,1,0,0,1,0,0.6,3068.0,0.0,0.6,1.4,0,4.0,0,0
34,401,1,3,4,0,86,2,1,2,3294,3708,5,0,17,3,1,1,7,2,2,5,4,0,2,0,0,1,0,1,0,0,1,0,0,0,0,0,0,1,0,0,0,0,0,0,0,1,0,0.666667,1647.0,0.0,0.333333,1.166667,0,2.5,0,0
41,1283,5,5,2,1,90,4,1,3,2127,5561,2,1,12,3,1,0,7,5,2,4,2,0,3,0,0,1,0,1,0,0,0,0,1,0,0,0,0,0,0,0,0,1,0,0,0,1,0,0.4,1063.5,0.0,0.6,1.4,2,3.0,5,0
40,663,9,4,3,1,81,3,2,3,3975,23099,3,0,11,3,3,2,11,2,4,8,7,0,7,1,0,0,0,1,0,0,0,0,0,1,0,0,0,1,0,0,0,0,0,0,1,0,0,0.777778,1325.0,0.0,0.777778,1.222222,0,8.0,0,0
31,326,8,2,1,1,31,3,3,4,10793,8386,1,0,18,3,1,1,13,5,3,13,7,9,9,0,0,1,0,0,1,0,1,0,0,0,0,0,0,0,0,0,0,0,1,0,1,0,0,0.5,2698.25,0.642857,0.642857,0.928571,0,11.142857,0,0
46,377,9,3,1,1,52,3,3,4,10096,15986,4,0,11,3,1,1,28,1,4,7,7,4,3,0,0,1,0,0,1,0,0,1,0,0,0,0,0,0,0,0,0,0,1,0,1,0,0,0.875,2524.0,0.5,0.375,3.5,0,3.862069,0,1
39,592,2,3,1,0,54,2,1,1,3646,17181,2,1,23,4,2,0,11,2,4,1,0,0,0,1,0,0,0,1,0,0,1,0,0,0,0,0,0,1,0,0,0,0,0,0,0,0,1,0.0,1823.0,0.0,0.0,5.5,4,0.333333,2,1
31,1445,1,5,3,0,100,4,3,2,7446,8931,1,0,11,3,1,0,10,2,3,10,8,4,7,0,1,0,0,1,0,0,1,0,0,0,0,0,0,0,0,1,0,0,0,0,0,0,1,0.727273,1861.5,0.363636,0.636364,0.909091,0,5.454545,0,1
45,1038,20,3,2,1,95,1,3,1,10851,19863,2,1,18,3,2,1,24,2,3,7,7,0,7,0,0,1,0,1,0,0,0,0,1,0,0,1,0,0,0,0,0,0,0,0,1,0,0,0.875,2712.75,0.0,0.875,3.0,4,0.84,20,0
31,1398,8,2,4,0,96,4,1,2,2109,24609,9,0,18,3,4,0,8,3,3,3,2,0,2,0,0,1,1,0,0,0,0,0,1,0,0,0,1,0,0,0,0,0,0,0,0,0,1,0.5,1054.5,0.0,0.5,2.0,0,2.0,0,0
31,523,2,3,2,1,94,3,1,4,3722,21081,6,1,13,3,3,1,7,2,1,2,2,2,2,0,1,0,0,1,0,0,1,0,0,0,0,0,0,1,0,0,0,0,0,0,0,1,0,0.666667,1861.0,0.666667,0.666667,2.333333,1,1.0,2,1
45,1448,29,3,2,1,55,3,3,4,9380,14720,4,1,18,3,4,2,10,4,4,3,1,1,2,0,0,1,0,1,0,0,0,0,0,0,1,0,0,0,0,1,0,0,0,0,0,1,0,0.25,2345.0,0.25,0.5,2.5,1,4.363636,29,0
48,1221,7,3,3,1,96,3,2,1,5486,24795,4,0,11,3,1,3,15,3,3,2,2,2,2,0,0,1,0,0,1,0,0,1,0,0,0,0,0,0,0,0,0,0,1,0,1,0,0,0.666667,1828.666667,0.666667,0.666667,5.0,0,0.375,0,0
34,1107,9,4,1,0,52,3,1,3,2742,3072,1,0,15,3,4,0,2,0,3,2,2,2,2,0,0,1,1,0,0,0,0,0,0,0,1,0,1,0,0,0,0,0,0,0,0,1,0,0.666667,1371.0,0.666667,0.666667,0.666667,0,6.0,0,1
40,218,8,1,4,1,55,2,3,2,13757,25178,2,0,11,3,3,1,16,5,3,9,8,4,8,1,0,0,0,1,0,0,0,0,1,0,0,0,0,0,0,0,1,0,0,0,1,0,0,0.8,3439.25,0.4,0.8,1.6,0,3.176471,0,0
28,866,5,3,4,1,84,3,2,1,8463,23490,0,0,18,3,4,0,6,4,3,5,4,1,3,0,0,1,0,0,1,0,0,0,1,0,0,0,0,0,0,0,0,0,1,0,0,0,1,0.666667,2821.0,0.166667,0.5,1.0,0,2.142857,0,0
44,981,5,3,3,1,90,2,1,3,3162,7973,3,0,14,3,4,0,7,5,3,5,2,0,3,1,0,0,0,1,0,0,1,0,0,0,0,0,0,1,0,0,0,0,0,0,0,0,1,0.333333,1581.0,0.0,0.5,1.166667,0,5.625,0,0
53,447,2,3,4,1,39,4,4,2,16598,19764,4,0,12,3,2,0,35,2,2,9,8,8,8,0,0,1,0,1,0,0,0,0,1,0,0,0,0,0,0,0,1,0,0,0,0,0,1,0.8,3319.6,0.8,0.8,3.5,0,1.0,0,0
49,1495,5,4,1,1,96,3,2,3,6651,21534,2,0,14,3,2,1,20,0,2,3,2,1,2,0,0,1,0,1,0,0,0,0,0,0,1,1,0,0,0,0,0,0,0,0,0,1,0,0.5,2217.0,0.25,0.5,5.0,0,0.857143,0,0
40,896,2,3,3,1,68,3,1,3,2345,8045,2,0,14,3,3,1,8,3,4,3,1,1,2,0,0,1,0,1,0,0,0,0,1,0,0,0,0,0,0,0,0,1,0,0,1,0,0,0.25,1172.5,0.25,0.5,2.0,0,4.0,0,0
44,1467,20,3,4,1,49,3,1,2,3420,21158,1,0,13,3,3,0,6,3,2,5,2,1,3,0,0,1,0,1,0,0,1,0,0,0,0,0,0,0,0,0,0,1,0,0,0,0,1,0.333333,1710.0,0.166667,0.5,1.0,0,2.857143,0,0
33,430,7,3,4,1,54,3,2,1,4373,17456,0,0,14,3,1,2,5,2,3,4,3,0,3,0,1,0,0,0,1,0,0,0,1,0,0,0,0,0,0,0,0,0,1,0,0,1,0,0.6,1457.666667,0.0,0.6,1.0,0,2.0,0,0
34,1326,3,3,4,1,81,1,2,1,4759,15891,3,0,18,3,4,0,15,2,3,13,9,3,12,0,0,1,0,0,1,0,0,0,0,1,0,0,0,0,0,0,0,0,1,0,0,0,1,0.642857,1586.333333,0.214286,0.857143,1.071429,0,2.4375,0,0
30,1358,16,1,4,1,96,3,2,3,5301,2939,8,0,15,3,3,2,4,2,2,2,1,2,2,0,0,1,0,0,1,0,1,0,0,0,0,0,0,0,0,0,0,0,1,0,0,1,0,0.333333,1767.0,0.666667,0.666667,1.333333,0,2.4,0,0
42,748,9,2,1,0,74,3,1,4,3673,16458,1,0,13,3,3,0,12,3,3,12,9,5,8,0,1,0,0,1,0,0,0,0,1,0,0,0,0,1,0,0,0,0,0,0,0,0,1,0.692308,1836.5,0.384615,0.615385,0.923077,0,11.076923,0,0
44,383,1,5,1,0,79,3,2,3,4768,9282,7,0,12,3,3,1,11,4,2,1,0,0,0,0,1,0,0,0,1,0,0,1,0,0,0,0,0,0,0,0,0,0,1,0,0,1,0,0.0,1589.333333,0.0,0.0,5.5,0,0.5,0,0
30,990,7,3,3,1,64,3,1,3,1274,7152,1,0,13,3,2,2,1,2,2,1,0,0,0,1,0,0,0,1,0,0,0,0,0,0,1,0,0,0,0,0,0,1,0,0,1,0,0,0.0,637.0,0.0,0.0,0.5,0,3.0,0,0
57,405,1,2,2,1,93,4,2,3,4900,2721,0,0,24,4,1,1,13,2,2,12,9,2,8,0,0,1,0,1,0,0,1,0,0,0,0,0,0,0,0,0,0,1,0,0,0,1,0,0.692308,1633.333333,0.153846,0.615385,1.0,0,5.142857,0,0
49,1490,7,4,3,1,35,3,3,2,10466,20948,3,0,14,3,2,2,29,3,3,8,7,0,7,0,0,1,0,1,0,0,1,0,0,0,0,1,0,0,0,0,0,0,0,0,1,0,0,0.777778,2616.5,0.0,0.777778,3.222222,0,1.6,0,0
34,829,15,3,2,1,71,3,4,1,17007,11929,7,0,14,3,4,2,16,3,2,14,8,6,9,0,1,0,0,1,0,0,0,0,1,0,0,0,0,0,0,0,1,0,0,0,1,0,0,0.533333,3401.4,0.4,0.6,1.066667,0,1.647059,0,0
28,1496,1,3,1,1,92,3,1,3,2909,15747,3,0,15,3,4,1,5,3,4,3,2,1,2,0,1,0,0,0,1,0,0,0,0,0,1,0,0,0,0,0,0,0,0,1,0,1,0,0.5,1454.5,0.25,0.5,1.25,0,6.0,0,1
29,115,13,3,1,0,51,3,2,2,5765,17485,5,0,11,3,1,0,7,4,1,5,3,0,0,0,1,0,0,0,1,0,0,0,0,0,1,0,0,0,0,0,0,0,1,0,0,0,1,0.5,1921.666667,0.0,0.0,1.166667,0,1.25,0,1
34,790,24,4,1,0,40,2,2,2,4599,7815,0,1,23,4,3,0,16,2,4,15,9,10,10,0,0,1,0,0,1,0,0,0,1,0,0,0,0,0,0,0,0,0,1,0,0,0,1,0.5625,1533.0,0.625,0.625,1.0,3,7.058824,24,1
35,660,7,1,4,1,76,3,1,3,2404,16192,1,0,13,3,1,1,1,3,3,1,0,0,0,0,0,1,0,0,1,0,1,0,0,0,0,0,0,0,0,0,0,0,0,1,0,1,0,0.0,1202.0,0.0,0.0,0.5,0,4.5,0,0
24,381,9,3,2,1,89,3,1,1,3172,16998,2,1,11,3,3,0,4,2,2,0,0,0,0,0,1,0,0,1,0,0,0,0,1,0,0,0,0,1,0,0,0,0,0,0,0,0,1,0.0,1586.0,0.0,0.0,4.0,4,0.0,9,1
24,830,13,2,4,0,78,3,1,2,2033,7103,1,0,13,3,3,1,1,2,3,1,0,0,0,1,0,0,0,0,1,0,1,0,0,0,0,0,0,0,0,0,0,0,0,1,0,1,0,0.0,1016.5,0.0,0.0,0.5,0,3.0,0,0
44,1193,2,1,2,1,86,3,3,3,10209,19719,5,1,18,3,2,0,16,2,2,2,2,2,2,0,1,0,0,1,0,0,0,0,1,0,0,0,0,0,0,1,0,0,0,0,0,0,1,0.666667,2552.25,0.666667,0.666667,5.333333,2,0.705882,2,0
29,1246,19,3,3,1,77,2,2,3,8620,23757,1,0,14,3,3,2,10,3,3,10,7,0,4,0,0,1,0,0,1,0,1,0,0,0,0,0,0,0,0,0,0,0,1,0,1,0,0,0.636364,2873.333333,0.0,0.363636,0.909091,0,8.181818,0,0
30,330,1,3,3,1,46,3,1,3,2064,15428,0,0,21,4,1,1,6,3,4,5,3,1,3,0,0,1,1,0,0,0,1,0,0,0,0,0,1,0,0,0,0,0,0,0,1,0,0,0.5,1032.0,0.166667,0.5,1.0,0,8.571429,0,0
55,1229,4,4,4,1,30,3,2,3,4035,16143,0,1,16,3,2,0,4,2,3,3,2,1,2,0,0,1,0,1,0,0,1,0,0,0,0,1,0,0,0,0,0,0,0,0,0,1,0,0.5,1345.0,0.25,0.5,1.0,2,5.4,4,0
33,1099,4,4,1,0,82,2,1,2,3838,8192,8,0,11,3,4,0,8,5,3,5,4,0,2,0,0,1,0,1,0,0,0,0,1,0,0,0,0,1,0,0,0,0,0,0,0,1,0,0.666667,1919.0,0.0,0.333333,1.333333,0,3.333333,0,0
47,571,14,3,3,0,78,3,2,3,4591,24200,3,1,17,3,3,1,11,4,2,5,4,1,2,0,0,1,0,0,1,0,0,0,1,0,0,0,0,0,0,0,0,0,1,0,0,1,0,0.666667,1530.333333,0.166667,0.333333,1.833333,2,2.5,14,0
28,289,2,2,3,1,38,2,1,1,2561,5355,7,0,11,3,3,0,8,2,2,0,0,0,0,0,1,0,0,1,0,0,0,0,1,0,0,0,0,1,0,0,0,0,0,0,0,0,1,0.0,1280.5,0.0,0.0,8.0,0,0.0,0,1
28,1423,1,3,1,1,72,2,1,3,1563,12530,1,0,14,3,4,1,1,2,1,1,0,0,0,0,0,1,0,1,0,0,1,0,0,0,0,0,0,0,0,0,0,1,0,0,1,0,0,0.0,781.5,0.0,0.0,0.5,0,1.5,0,0
28,467,7,3,3,1,55,3,2,1,4898,11827,0,0,14,3,4,0,5,5,3,4,2,1,3,0,1,0,0,0,1,0,1,0,0,0,0,0,0,0,0,0,0,0,1,0,0,0,1,0.4,1632.666667,0.2,0.6,1.0,0,2.0,0,0
49,271,3,2,3,0,43,2,2,1,4789,23070,4,0,25,4,1,1,10,3,3,3,2,1,2,0,0,1,0,1,0,0,0,0,1,0,0,0,0,1,0,0,0,0,0,0,0,1,0,0.5,1596.333333,0.25,0.5,2.5,0,0.818182,0,0
29,410,2,1,4,0,97,3,1,2,3180,4668,0,0,13,3,3,3,4,3,3,3,2,0,2,0,1,0,0,1,0,0,1,0,0,0,0,0,0,1,0,0,0,0,0,0,0,1,0,0.5,1590.0,0.0,0.5,1.0,0,3.6,0,0
28,1083,29,1,3,1,96,1,2,2,6549,3173,1,0,14,3,2,2,8,2,2,8,6,1,7,0,0,1,0,1,0,0,1,0,0,0,0,0,0,0,0,1,0,0,0,0,0,1,0,0.666667,2183.0,0.111111,0.777778,0.888889,0,3.555556,0,0
33,516,8,5,4,1,69,3,2,3,6388,22049,2,1,17,3,1,0,14,6,3,0,0,0,0,0,0,1,0,1,0,0,1,0,0,0,0,1,0,0,0,0,0,0,0,0,0,0,1,0.0,2129.333333,0.0,0.0,14.0,2,0.0,8,0
32,495,10,3,3,1,64,3,3,4,11244,21072,2,0,25,4,2,0,10,5,4,5,2,0,0,0,0,1,0,1,0,0,0,0,1,0,0,0,0,0,1,0,0,0,0,0,0,0,1,0.333333,2811.0,0.0,0.0,1.666667,0,7.272727,0,0
54,1050,11,4,2,0,87,3,4,4,16032,24456,3,0,20,4,1,1,26,2,3,14,9,1,12,0,1,0,0,1,0,0,0,0,1,0,0,0,0,0,1,0,0,0,0,0,1,0,0,0.6,3206.4,0.066667,0.8,1.733333,0,6.222222,0,0
29,224,1,4,1,1,100,2,1,1,2362,7568,6,0,13,3,3,0,11,2,1,9,7,0,7,0,0,1,0,1,0,0,0,0,0,0,1,0,0,0,0,0,0,1,0,0,0,0,1,0.7,1181.0,0.0,0.7,1.1,0,0.75,0,1
44,136,28,3,4,1,32,3,4,1,16328,22074,3,0,13,3,3,1,24,1,4,20,6,14,17,0,0,1,0,1,0,0,1,0,0,0,0,0,0,0,0,0,1,0,0,0,0,1,0,0.285714,3265.6,0.666667,0.809524,1.142857,0,3.2,0,0
39,1089,6,3,2,0,32,3,3,2,8376,9150,4,0,18,3,4,0,9,3,3,2,0,2,2,0,0,1,0,1,0,0,1,0,0,0,0,0,0,0,0,1,0,0,0,0,0,0,1,0.0,2094.0,0.666667,0.666667,3.0,0,1.2,0,0
46,228,3,3,3,0,51,3,4,2,16606,11380,8,0,12,3,4,1,23,2,4,13,12,5,1,0,0,1,0,0,1,0,1,0,0,0,0,0,0,0,1,0,0,0,0,0,0,1,0,0.857143,3321.2,0.357143,0.071429,1.642857,0,4.333333,0,0
35,1029,16,3,4,0,91,2,3,2,8606,21195,1,0,19,3,4,0,11,3,1,11,8,3,3,0,0,1,0,1,0,0,1,0,0,0,0,1,0,0,0,0,0,0,0,0,0,0,1,0.666667,2151.5,0.25,0.25,0.916667,0,1.833333,0,0
23,507,20,1,1,1,97,3,2,3,2272,24812,0,0,14,3,2,0,5,2,3,4,3,1,2,0,0,1,0,1,0,0,1,0,0,0,0,0,0,1,0,0,0,0,0,0,0,0,1,0.6,757.333333,0.2,0.4,1.0,0,6.0,0,0
40,676,9,4,4,1,86,3,1,1,2018,21831,3,0,14,3,2,0,15,3,1,5,4,1,0,0,0,1,0,1,0,0,1,0,0,0,0,0,0,1,0,0,0,0,0,0,0,0,1,0.666667,1009.0,0.166667,0.0,2.5,0,0.3125,0,1
34,971,1,3,4,1,64,2,3,3,7083,12288,1,1,14,3,4,0,10,3,3,10,9,8,6,0,0,1,0,0,1,0,0,0,0,0,1,0,0,0,0,0,0,0,1,0,0,1,0,0.818182,1770.75,0.727273,0.545455,0.909091,2,8.181818,1,0
31,561,3,3,4,0,33,3,1,3,4084,4156,1,0,12,3,1,0,7,2,1,7,2,7,7,0,1,0,0,1,0,0,1,0,0,0,0,0,0,0,0,0,0,1,0,0,0,0,1,0.25,2042.0,0.875,0.875,0.875,0,2.625,0,1
50,333,22,5,3,1,88,1,4,4,14411,24450,1,1,13,3,4,0,32,2,3,32,6,13,9,0,1,0,0,1,0,0,0,0,1,0,0,0,0,0,0,0,1,0,0,0,0,0,1,0.181818,2882.2,0.393939,0.272727,0.969697,1,11.636364,22,0
34,1440,7,2,2,1,55,3,1,3,2308,4944,0,1,25,4,2,1,12,4,3,11,10,5,7,0,0,1,0,0,1,0,0,0,0,0,1,0,0,0,0,0,0,0,0,1,0,1,0,0.833333,1154.0,0.416667,0.583333,1.0,2,7.615385,7,0
42,1210,2,3,3,1,68,2,1,2,4841,24052,4,0,14,3,2,1,4,3,3,1,0,0,0,0,0,1,0,1,0,0,0,0,1,0,0,0,0,1,0,0,0,0,0,0,0,1,0,0.0,2420.5,0.0,0.0,2.0,0,1.2,0,0
37,674,13,3,1,1,47,3,2,4,4285,3031,1,0,17,3,1,0,10,2,3,10,8,3,7,0,0,1,0,1,0,0,0,0,1,0,0,0,0,0,0,0,0,1,0,0,0,1,0,0.727273,1428.333333,0.272727,0.636364,0.909091,0,10.909091,0,0
29,441,8,1,3,0,39,1,2,1,9715,7288,3,0,13,3,3,1,9,3,3,7,7,0,7,0,0,1,0,1,0,0,0,0,0,1,0,1,0,0,0,0,0,0,0,0,0,1,0,0.875,3238.333333,0.0,0.875,1.125,0,2.1,0,0
33,575,25,3,4,1,44,2,2,2,4320,24152,1,0,13,3,4,0,5,2,3,5,3,0,2,0,0,1,0,1,0,0,1,0,0,0,0,0,0,0,0,1,0,0,0,0,0,0,1,0.5,1440.0,0.0,0.333333,0.833333,0,5.0,0,0
45,950,28,3,4,1,97,3,1,4,2132,4585,4,0,20,4,4,1,8,3,3,5,4,0,3,0,0,1,0,1,0,0,0,0,0,0,1,0,0,0,0,0,0,1,0,0,0,1,0,0.666667,1066.0,0.0,0.5,1.333333,0,6.666667,0,0
42,288,2,3,4,1,40,3,3,4,10124,18611,2,1,14,3,3,1,24,3,1,20,8,13,9,0,1,0,0,1,0,0,1,0,0,0,0,1,0,0,0,0,0,0,0,0,0,1,0,0.380952,2531.0,0.619048,0.428571,1.142857,1,3.2,2,0
40,1342,9,2,1,1,47,3,2,1,5473,19345,0,0,12,3,4,0,9,5,4,8,4,7,1,0,0,1,0,0,1,0,0,0,1,0,0,0,0,0,0,0,0,0,1,0,0,1,0,0.444444,1824.333333,0.777778,0.111111,1.0,0,3.2,0,0
33,589,28,4,2,1,79,3,2,3,5207,22949,1,1,12,3,2,1,15,3,3,15,14,5,7,0,0,1,0,1,0,0,1,0,0,0,0,0,0,1,0,0,0,0,0,0,0,1,0,0.875,1735.666667,0.3125,0.4375,0.9375,2,8.4375,28,0
40,898,6,2,3,1,38,3,4,4,16437,17381,1,1,21,4,4,0,21,2,3,21,7,7,7,0,0,1,1,0,0,0,0,0,1,0,0,0,0,0,1,0,0,0,0,0,0,0,1,0.318182,3287.4,0.318182,0.318182,0.954545,1,11.454545,6,0
24,350,21,2,3,1,57,2,1,1,2296,10036,0,0,14,3,2,3,2,3,3,1,1,0,0,0,0,1,0,1,0,0,0,0,0,0,1,0,0,1,0,0,0,0,0,0,1,0,0,0.5,1148.0,0.0,0.0,1.0,0,1.0,0,0
40,1142,8,2,4,1,72,3,2,4,4069,8841,3,1,18,3,3,0,8,2,3,2,2,2,2,1,0,0,0,1,0,0,1,0,0,0,0,1,0,0,0,0,0,0,0,0,1,0,0,0.666667,1356.333333,0.666667,0.666667,2.666667,1,2.666667,8,0
45,538,1,4,1,1,66,3,3,2,7441,20933,1,0,12,3,1,3,10,4,3,10,8,7,7,0,0,1,0,1,0,0,0,0,0,0,1,1,0,0,0,0,0,0,0,0,1,0,0,0.727273,1860.25,0.636364,0.636364,0.909091,0,5.454545,0,0
35,1402,28,4,2,0,98,2,1,3,2430,26204,0,0,23,4,1,2,6,5,3,5,3,4,2,0,0,1,0,0,1,0,1,0,0,0,0,0,0,0,0,0,0,0,0,1,0,1,0,0.5,1215.0,0.666667,0.333333,1.0,0,6.428571,0,0
32,824,5,2,4,0,67,2,2,2,5878,15624,3,0,12,3,1,1,12,2,3,7,1,2,5,0,0,1,0,1,0,0,1,0,0,0,0,0,0,0,0,0,0,1,0,0,0,1,0,0.125,1959.333333,0.25,0.625,1.5,0,3.230769,0,0
36,1157,2,4,3,1,70,3,1,4,2644,17001,3,1,21,4,4,0,7,3,2,3,2,1,2,0,0,1,0,0,1,0,1,0,0,0,0,0,0,0,0,0,0,0,0,1,0,0,1,0.5,1322.0,0.25,0.5,1.75,1,3.0,2,0
48,492,16,4,3,0,96,3,2,3,6439,13693,8,0,14,3,3,1,18,2,3,8,7,7,7,0,0,1,0,0,1,0,1,0,0,0,0,0,0,0,0,0,0,0,1,0,1,0,0,0.777778,2146.333333,0.777778,0.777778,2.0,0,3.789474,0,0
29,598,9,3,3,1,91,4,1,3,2451,22376,6,0,18,3,1,2,5,2,2,1,0,0,0,0,0,1,0,1,0,0,1,0,0,0,0,0,0,0,0,0,0,1,0,0,0,1,0,0.0,1225.5,0.0,0.0,2.5,0,1.0,0,0
33,1242,8,4,1,1,46,3,2,1,6392,10589,2,0,13,3,4,1,8,6,1,2,2,2,2,0,0,1,0,0,1,0,1,0,0,0,0,0,0,0,0,0,0,0,1,0,0,1,0,0.666667,2130.666667,0.666667,0.666667,2.666667,0,0.222222,0,0
30,740,1,3,2,1,64,2,2,1,9714,5323,1,0,11,3,4,1,10,4,3,10,8,6,7,0,0,1,0,0,1,0,1,0,0,0,0,0,0,0,0,0,0,0,1,0,0,1,0,0.727273,3238.0,0.545455,0.636364,0.909091,0,2.727273,0,1
38,888,10,4,3,1,71,3,2,3,6077,14814,3,0,11,3,3,0,10,2,3,6,3,1,2,0,1,0,1,0,0,1,0,0,0,0,0,0,1,0,0,0,0,0,0,0,0,1,0,0.428571,2025.666667,0.142857,0.285714,1.428571,0,4.909091,0,0
35,992,1,3,4,1,68,2,1,1,2450,21731,1,0,19,3,2,0,3,3,3,3,0,1,2,0,0,1,0,1,0,0,0,0,1,0,0,0,0,1,0,0,0,0,0,0,0,0,1,0.0,1225.0,0.25,0.5,0.75,0,2.25,0,0
30,1288,29,4,3,1,33,3,3,2,9250,17799,3,0,12,3,2,1,9,3,3,4,2,1,3,0,0,1,0,0,1,0,0,0,0,0,1,0,0,0,0,0,0,0,1,0,0,1,0,0.4,2312.5,0.2,0.6,1.8,0,2.4,0,0
35,104,2,3,1,0,69,3,1,1,2074,26619,1,1,12,3,4,1,1,2,3,1,0,0,0,0,0,1,0,1,0,0,1,0,0,0,0,0,0,1,0,0,0,0,0,0,1,0,0,0.0,1037.0,0.0,0.0,0.5,4,1.5,2,1
53,607,2,5,3,0,78,2,3,4,10169,14618,0,0,16,3,2,1,34,4,3,33,7,1,9,0,0,1,0,1,0,0,0,0,0,0,1,0,0,0,0,1,0,0,0,0,0,1,0,0.205882,2542.25,0.029412,0.264706,1.0,0,11.314286,0,1
38,903,2,3,3,1,81,3,2,2,4855,7653,4,0,11,3,1,2,7,2,3,5,2,1,4,0,0,1,0,1,0,0,0,0,1,0,0,0,0,0,0,1,0,0,0,0,0,1,0,0.333333,1618.333333,0.166667,0.666667,1.166667,0,3.75,0,1
32,1200,1,4,4,1,62,3,2,1,4087,25174,4,0,14,3,2,1,9,3,2,6,5,1,2,1,0,0,0,1,0,0,0,0,0,0,1,0,0,0,0,0,0,1,0,0,0,1,0,0.714286,1362.333333,0.142857,0.285714,1.285714,0,1.2,0,0
48,1108,15,4,3,0,65,3,1,1,2367,16530,8,0,12,3,4,1,10,3,2,8,2,7,6,0,0,1,0,1,0,0,0,0,0,1,0,0,0,0,0,0,0,1,0,0,0,1,0,0.222222,1183.5,0.777778,0.666667,1.111111,0,1.454545,0,0
34,479,7,4,1,1,35,3,1,4,2972,22061,1,0,13,3,3,0,1,4,1,1,0,0,0,0,0,1,0,1,0,0,0,0,1,0,0,0,0,0,0,0,0,1,0,0,0,0,1,0.0,1486.0,0.0,0.0,0.5,0,2.0,0,0
55,685,26,5,3,1,60,2,5,4,19586,23037,1,0,21,4,3,1,36,3,3,36,6,2,13,0,0,1,0,0,1,0,0,1,0,0,0,0,0,0,1,0,0,0,0,0,0,1,0,0.162162,3264.333333,0.054054,0.351351,0.972973,0,11.675676,0,0
34,1351,1,4,2,1,45,3,2,4,5484,13008,9,0,17,3,2,1,9,3,2,2,2,2,1,0,0,1,0,1,0,0,1,0,0,0,0,0,0,0,0,0,0,1,0,0,0,1,0,0.666667,1828.0,0.666667,0.333333,3.0,0,1.6,0,0
26,474,3,3,1,0,89,3,1,4,2061,11133,1,0,21,4,1,0,1,5,3,1,0,0,0,0,0,1,0,1,0,0,1,0,0,0,0,0,0,0,0,0,0,1,0,0,0,1,0,0.0,1030.5,0.0,0.0,0.5,0,6.0,0,0
38,1245,14,3,3,1,80,3,2,2,9924,12355,0,0,11,3,4,1,10,3,3,9,8,7,7,0,0,1,0,0,1,0,1,0,0,0,0,0,0,0,0,0,0,0,1,0,0,1,0,0.8,3308.0,0.7,0.7,1.0,0,4.909091,0,0
38,437,16,3,2,0,90,3,2,2,4198,16379,2,0,12,3,2,0,8,5,4,3,2,1,2,0,0,1,0,0,1,0,1,0,0,0,0,0,0,0,0,0,0,0,1,0,0,0,1,0.5,1399.333333,0.25,0.5,2.0,0,2.666667,0,0
36,884,1,4,2,0,73,3,2,3,6815,21447,6,0,13,3,1,0,15,5,3,1,0,0,0,0,0,1,0,0,1,0,1,0,0,0,0,0,0,0,0,0,0,0,1,0,0,0,1,0.0,2271.666667,0.0,0.0,7.5,0,0.5625,0,0
29,1370,3,1,2,1,87,3,1,1,4723,16213,1,1,18,3,4,0,10,3,3,10,9,1,5,0,0,1,0,1,0,0,0,0,1,0,0,0,0,1,0,0,0,0,0,0,0,0,1,0.818182,2361.5,0.090909,0.454545,0.909091,4,2.727273,3,0
35,670,10,4,1,0,51,3,2,3,6142,4223,3,1,16,3,3,0,10,4,3,5,2,0,4,0,0,1,0,1,0,0,0,0,1,0,0,1,0,0,0,0,0,0,0,0,0,0,1,0.333333,2047.333333,0.0,0.666667,1.666667,2,4.090909,10,0
39,1462,6,3,4,1,38,4,3,3,8237,4658,2,0,11,3,1,1,11,3,3,7,6,7,6,0,0,1,0,0,1,0,0,0,1,0,0,0,0,0,0,0,0,0,1,0,0,1,0,0.75,2059.25,0.875,0.75,1.375,0,5.25,0,0
29,995,2,1,1,1,87,3,2,4,8853,24483,1,0,19,3,4,1,6,0,4,6,4,1,3,0,1,0,0,1,0,0,1,0,0,0,0,1,0,0,0,0,0,0,0,0,1,0,0,0.571429,2951.0,0.142857,0.428571,0.857143,0,13.714286,0,0
50,264,9,3,3,1,59,3,5,3,19331,19519,4,1,16,3,3,1,27,2,3,1,0,0,0,0,0,1,0,0,1,0,0,1,0,0,0,0,0,0,1,0,0,0,0,0,0,1,0,0.0,3221.833333,0.0,0.0,13.5,2,0.321429,9,0
23,977,10,3,4,1,45,4,1,3,2073,12826,2,0,16,3,4,1,4,2,3,2,2,2,2,0,0,1,0,1,0,0,0,0,0,0,1,0,0,0,0,0,0,1,0,0,0,1,0,0.666667,1036.5,0.666667,0.666667,1.333333,0,3.6,0,0
36,1302,6,4,1,1,80,4,2,1,5562,19711,3,1,13,3,4,1,9,3,3,3,2,0,2,0,1,0,0,1,0,0,1,0,0,0,0,0,0,1,0,0,0,0,0,0,0,1,0,0.5,1854.0,0.0,0.5,2.25,4,0.9,6,0
42,1059,9,2,4,1,93,2,5,4,19613,26362,8,0,22,4,4,0,24,2,3,1,0,0,1,0,0,1,0,1,0,0,0,0,0,1,0,0,0,0,1,0,0,0,0,0,0,0,1,0.0,3268.833333,0.0,0.5,12.0,0,0.48,0,0
35,750,28,3,2,1,46,4,2,3,3407,25348,1,0,17,3,4,2,10,3,2,10,9,6,8,0,0,1,0,1,0,0,1,0,0,0,0,0,0,1,0,0,0,0,0,0,0,1,0,0.818182,1135.666667,0.545455,0.727273,0.909091,0,5.454545,0,0
34,653,10,4,4,1,92,2,2,3,5063,15332,1,0,14,3,2,1,8,3,2,8,2,7,7,0,1,0,0,1,0,0,0,0,0,0,1,1,0,0,0,0,0,0,0,0,0,1,0,0.222222,1687.666667,0.777778,0.777778,0.888889,0,5.333333,0,0
40,118,14,2,4,0,84,3,2,1,4639,11262,1,0,15,3,3,1,5,2,3,5,4,1,2,0,0,1,0,0,1,0,1,0,0,0,0,0,0,0,0,0,0,0,1,0,0,1,0,0.666667,1546.333333,0.166667,0.333333,0.833333,0,2.5,0,0
43,990,27,3,4,1,87,4,1,2,4876,5855,5,0,12,3,3,1,8,0,3,6,4,0,2,0,0,1,0,1,0,0,0,0,0,0,1,0,0,1,0,0,0,0,0,0,1,0,0,0.571429,2438.0,0.0,0.285714,1.142857,0,4.0,0,0
35,1349,7,2,3,1,63,2,1,4,2690,7713,1,0,18,3,4,1,1,5,2,1,0,0,1,0,0,1,0,1,0,0,1,0,0,0,0,0,0,1,0,0,0,0,0,0,0,1,0,0.0,1345.0,0.0,0.5,0.5,0,4.0,0,0
46,563,1,4,4,1,56,4,4,1,17567,3156,1,0,15,3,2,0,27,5,1,26,0,0,12,0,0,1,0,0,1,0,1,0,0,0,0,0,0,0,1,0,0,0,0,0,0,0,1,0.0,3513.4,0.0,0.444444,1.0,0,0.928571,0,0
28,329,24,3,3,1,51,3,1,2,2408,7324,1,1,17,3,3,3,1,3,3,1,1,0,0,0,0,1,0,1,0,0,0,0,1,0,0,0,0,1,0,0,0,0,0,0,0,1,0,0.5,1204.0,0.0,0.0,0.5,3,3.0,24,1
22,457,26,2,2,0,85,2,1,3,2814,10293,1,1,14,3,2,0,4,2,2,4,2,1,3,1,0,0,0,1,0,0,0,0,0,1,0,0,0,0,0,0,0,1,0,0,0,1,0,0.4,1407.0,0.2,0.6,0.8,2,4.8,26,0
50,1234,20,5,2,1,41,3,4,3,11245,20689,2,1,15,3,3,1,32,3,3,30,8,12,13,0,1,0,0,1,0,0,0,0,1,0,0,1,0,0,0,0,0,0,0,0,0,1,0,0.258065,2249.0,0.387097,0.419355,1.032258,2,8.181818,20,0
32,634,5,4,2,0,35,4,1,4,3312,18783,3,0,17,3,4,2,6,3,3,3,2,0,2,0,0,1,0,1,0,0,0,0,0,1,0,0,0,0,0,0,0,1,0,0,0,1,0,0.5,1656.0,0.0,0.5,1.5,0,5.142857,0,0
44,1313,7,3,2,0,31,3,5,4,19049,3549,0,1,14,3,4,1,23,4,2,22,7,1,10,0,0,1,0,1,0,0,0,0,1,0,0,0,0,0,0,0,1,0,0,0,1,0,0,0.304348,3174.833333,0.043478,0.434783,1.0,1,7.333333,7,0
30,241,7,3,2,1,48,2,1,2,2141,5348,1,0,12,3,2,1,6,3,2,6,4,1,1,0,0,1,0,1,0,0,0,0,1,0,0,0,0,0,0,0,0,1,0,0,0,1,0,0.571429,1070.5,0.142857,0.142857,0.857143,0,3.428571,0,0
45,1015,5,5,3,0,50,1,2,1,5769,23447,1,1,14,3,1,0,10,3,3,10,7,1,4,0,0,1,0,1,0,0,0,0,1,0,0,0,0,1,0,0,0,0,0,0,0,0,1,0.636364,1923.0,0.090909,0.363636,0.909091,4,2.727273,5,0
45,336,26,3,1,1,52,2,2,1,4385,24162,1,0,15,3,1,1,10,2,3,10,7,4,5,1,0,0,0,0,1,0,0,1,0,0,0,0,0,0,0,0,0,0,1,0,0,1,0,0.636364,1461.666667,0.363636,0.454545,0.909091,0,2.727273,0,0
31,715,2,4,4,1,54,3,2,1,5332,21602,7,0,13,3,4,0,10,3,3,5,2,0,3,0,1,0,0,0,1,0,0,0,0,1,0,0,0,0,0,0,0,0,1,0,0,0,1,0.333333,1777.333333,0.0,0.5,1.666667,0,1.363636,0,0
36,559,12,4,3,0,76,3,2,3,4663,12421,9,1,12,3,2,2,7,2,3,3,2,1,1,0,0,1,0,1,0,0,1,0,0,0,0,0,0,0,0,1,0,0,0,0,0,1,0,0.5,1554.333333,0.25,0.25,1.75,2,3.375,12,0
34,426,10,4,3,1,42,4,2,4,4724,17000,1,0,13,3,1,1,9,3,3,9,7,7,2,0,1,0,0,1,0,0,1,0,0,0,0,0,0,0,0,1,0,0,0,0,1,0,0,0.7,1574.666667,0.7,0.2,0.9,0,10.8,0,0
49,722,25,4,3,0,84,3,1,1,3211,22102,1,0,14,3,4,1,10,3,2,9,6,1,4,0,0,1,0,1,0,0,1,0,0,0,0,0,0,1,0,0,0,0,0,0,0,1,0,0.6,1605.5,0.1,0.4,1.0,0,1.636364,0,0
39,1387,10,5,2,1,76,3,2,1,5377,3835,2,0,13,3,4,3,10,3,3,7,7,7,7,0,0,1,0,1,0,0,0,0,1,0,0,0,0,0,0,1,0,0,0,0,0,1,0,0.875,1792.333333,0.875,0.875,1.25,0,1.909091,0,0
27,1302,19,3,4,1,67,2,1,1,4066,16290,1,0,11,3,1,2,7,3,3,7,7,0,7,0,0,1,0,1,0,0,0,0,0,1,0,0,0,1,0,0,0,0,0,0,1,0,0,0.875,2033.0,0.0,0.875,0.875,0,2.625,0,0
35,819,18,5,2,1,48,4,2,1,5208,26312,1,0,11,3,4,0,16,2,3,16,15,1,10,0,0,1,0,1,0,0,1,0,0,0,0,0,0,0,0,0,0,1,0,0,0,1,0,0.882353,1736.0,0.058824,0.588235,0.941176,0,2.823529,0,0
28,580,27,3,2,0,39,1,2,1,4877,20460,0,0,21,4,2,1,6,5,2,5,3,0,0,0,0,1,0,1,0,0,0,0,1,0,0,0,0,0,0,1,0,0,0,0,1,0,0,0.5,1625.666667,0.0,0.0,1.0,0,1.428571,0,0
21,546,5,1,3,1,97,3,1,4,3117,26009,1,0,18,3,3,0,3,2,3,2,2,2,2,0,0,1,0,1,0,0,0,0,1,0,0,0,0,0,0,0,0,1,0,0,0,0,1,0.666667,1558.5,0.666667,0.666667,1.0,0,6.0,0,0
18,544,3,2,2,0,70,3,1,4,1569,18420,1,1,12,3,3,0,0,2,4,0,0,0,0,0,1,0,0,0,1,0,0,0,1,0,0,0,0,0,0,0,0,0,0,1,0,0,1,0.0,784.5,0.0,0.0,0.0,1,0.0,3,1
47,1176,26,4,4,0,98,3,5,3,19658,5220,3,0,11,3,3,1,27,2,3,5,2,1,0,0,0,1,1,0,0,0,1,0,0,0,0,0,0,0,1,0,0,0,0,0,0,1,0,0.333333,3276.333333,0.166667,0.0,4.5,0,1.607143,0,0
39,170,3,2,3,1,76,2,2,3,3069,10302,0,0,15,3,4,1,11,3,3,10,8,0,7,0,0,1,0,1,0,0,0,0,1,0,0,0,0,1,0,0,0,0,0,0,1,0,0,0.727273,1023.0,0.0,0.636364,1.0,0,7.5,0,0
40,884,15,3,1,0,80,2,3,3,10435,25800,1,0,13,3,4,2,18,2,3,18,15,14,12,0,0,1,0,1,0,0,1,0,0,0,0,0,0,0,0,1,0,0,0,0,0,1,0,0.789474,2608.75,0.736842,0.631579,0.947368,0,8.526316,0,0
35,208,8,4,3,0,52,3,2,3,4148,12250,1,0,12,3,4,1,15,5,3,14,11,2,9,1,0,0,0,1,0,0,1,0,0,0,0,1,0,0,0,0,0,0,0,0,0,1,0,0.733333,1382.666667,0.133333,0.6,1.0,0,7.875,0,0
37,671,19,3,3,1,85,3,2,3,5768,26493,3,0,17,3,1,3,9,2,2,4,3,0,2,0,0,1,0,1,0,0,1,0,0,0,0,0,0,0,0,1,0,0,0,0,0,1,0,0.6,1922.666667,0.0,0.4,1.8,0,2.4,0,0
39,711,4,3,1,0,81,3,2,3,5042,3140,0,0,13,3,4,0,10,2,1,9,2,3,8,0,1,0,0,1,0,0,0,0,1,0,0,0,0,0,0,1,0,0,0,0,0,0,1,0.2,1680.666667,0.3,0.8,1.0,0,2.454545,0,0
45,1329,2,2,4,0,59,2,2,4,5770,5388,1,0,19,3,1,2,10,3,3,10,7,3,9,0,0,1,0,1,0,0,0,0,0,1,0,0,0,0,0,1,0,0,0,0,1,0,0,0.636364,1923.333333,0.272727,0.818182,0.909091,0,10.909091,0,0
38,397,2,2,4,0,54,2,3,3,7756,14199,3,1,19,3,4,1,10,6,4,5,4,0,2,0,0,1,0,1,0,0,0,0,1,0,0,0,0,0,0,1,0,0,0,0,0,1,0,0.666667,1939.0,0.0,0.333333,1.666667,2,5.454545,2,0
35,737,10,3,4,1,55,2,3,1,10306,21530,9,0,17,3,3,0,15,3,3,13,12,6,0,0,0,1,0,0,1,0,0,0,1,0,0,0,0,0,0,0,0,0,1,0,0,1,0,0.857143,2576.5,0.428571,0.0,1.071429,0,2.4375,0,1
37,1470,10,3,2,0,71,3,1,2,3936,9953,1,0,11,3,1,1,8,2,1,8,4,7,7,0,0,1,0,1,0,0,0,0,1,0,0,0,0,0,0,0,0,1,0,0,0,1,0,0.444444,1968.0,0.777778,0.777778,0.888889,0,1.777778,0,0
40,448,16,3,3,0,84,3,3,4,7945,19948,6,1,15,3,4,0,18,2,2,4,2,3,3,0,0,1,0,1,0,0,1,0,0,0,0,0,0,0,0,1,0,0,0,0,0,0,1,0.4,1986.25,0.6,0.6,3.6,1,1.684211,16,0
44,602,1,5,1,1,37,3,2,4,5743,10503,4,1,11,3,3,0,14,3,3,10,7,0,2,0,1,0,1,0,0,1,0,0,0,0,0,0,1,0,0,0,0,0,0,0,0,1,0,0.636364,1914.333333,0.0,0.181818,1.272727,1,8.0,1,0
48,365,4,5,3,1,89,2,4,4,15202,5602,2,0,25,4,2,1,23,3,3,2,2,2,2,0,1,0,0,1,0,0,0,0,1,0,0,0,0,0,1,0,0,0,0,0,0,1,0,0.666667,3040.4,0.666667,0.666667,7.666667,0,1.0,0,0
35,763,15,2,1,1,59,1,2,4,5440,22098,6,1,14,3,4,2,7,2,2,2,2,2,2,0,0,1,0,0,1,0,0,0,1,0,0,0,0,0,0,0,0,0,1,0,1,0,0,0.666667,1813.333333,0.666667,0.666667,2.333333,1,2.0,15,1
24,567,2,1,1,0,32,3,1,4,3760,17218,1,1,13,3,3,0,6,2,3,6,3,1,3,0,1,0,0,1,0,0,0,0,0,0,1,0,0,0,0,0,0,1,0,0,0,0,1,0.428571,1880.0,0.142857,0.428571,0.857143,1,10.285714,2,0
27,486,8,3,2,0,86,4,1,3,3517,22490,7,0,17,3,1,0,5,0,3,3,2,0,2,0,0,1,0,1,0,0,0,0,1,0,0,0,0,0,0,0,0,1,0,0,0,1,0,0.5,1758.5,0.0,0.5,1.25,0,4.5,0,0
27,591,2,3,4,1,87,3,1,4,2580,6297,2,0,13,3,3,0,6,0,2,4,2,1,2,0,1,0,0,1,0,0,0,0,1,0,0,0,0,0,0,0,0,1,0,0,0,0,1,0.4,1290.0,0.2,0.4,1.2,0,4.571429,0,0
40,1329,7,3,1,1,73,3,1,1,2166,3339,3,1,14,3,2,0,10,3,1,4,2,0,3,0,0,1,0,1,0,0,1,0,0,0,0,0,0,1,0,0,0,0,0,0,0,0,1,0.4,1083.0,0.0,0.6,2.0,4,0.363636,7,1
29,469,10,3,3,1,42,2,2,3,5869,23413,9,0,11,3,3,0,8,2,3,5,2,1,4,0,0,1,0,0,1,0,0,0,1,0,0,0,0,0,0,0,0,0,1,0,0,0,1,0.333333,1956.333333,0.166667,0.666667,1.333333,0,5.0,0,0
36,711,5,4,2,0,42,3,3,1,8008,22792,4,0,12,3,3,2,9,6,3,3,2,0,2,0,0,1,0,1,0,0,1,0,0,0,0,1,0,0,0,0,0,0,0,0,0,1,0,0.5,2002.0,0.0,0.5,2.25,0,0.9,0,0
25,772,2,1,4,1,77,4,2,3,5206,4973,1,0,17,3,3,2,7,6,3,7,7,0,7,0,1,0,0,1,0,0,1,0,0,0,0,0,0,0,0,1,0,0,0,0,1,0,0,0.875,1735.333333,0.0,0.875,0.875,0,7.875,0,0
39,492,12,3,4,1,66,3,2,2,5295,7693,4,0,21,4,3,0,7,3,3,5,4,1,0,0,0,1,0,1,0,0,0,0,1,0,0,0,0,0,0,1,0,0,0,0,0,1,0,0.666667,1765.0,0.166667,0.0,1.166667,0,3.75,0,0
49,301,22,4,1,0,72,3,4,2,16413,3498,3,0,16,3,2,2,27,2,3,4,2,1,2,0,0,1,0,1,0,0,0,0,0,1,0,0,0,0,0,0,1,0,0,0,0,1,0,0.4,3282.6,0.2,0.4,5.4,0,0.857143,0,0
50,813,17,5,4,0,50,2,3,1,13269,21981,5,0,15,3,3,3,19,3,3,14,11,1,11,0,0,1,0,1,0,0,1,0,0,0,0,0,0,0,0,0,1,0,0,0,1,0,0,0.733333,3317.25,0.066667,0.733333,1.266667,0,2.1,0,0
20,1141,2,3,3,0,31,3,1,3,2783,13251,1,0,19,3,1,0,2,3,3,2,2,2,2,0,0,1,0,0,1,0,0,0,1,0,0,0,0,0,0,0,0,0,0,1,0,0,1,0.666667,1391.5,0.666667,0.666667,0.666667,0,6.0,0,0
34,1130,3,3,4,0,66,3,2,2,5433,19332,1,0,12,3,3,1,11,2,3,11,8,7,9,0,0,1,0,1,0,0,1,0,0,0,0,0,0,0,0,0,0,1,0,0,1,0,0,0.666667,1811.0,0.583333,0.75,0.916667,0,5.5,0,0
36,311,7,3,1,1,77,3,1,2,2013,10950,2,0,11,3,3,0,15,4,3,4,3,1,3,0,0,1,0,1,0,0,1,0,0,0,0,0,0,1,0,0,0,0,0,0,0,0,1,0.6,1006.5,0.2,0.6,3.0,0,1.5,0,0
49,465,6,1,3,0,41,2,4,3,13966,11652,2,1,19,3,2,1,30,3,3,15,11,2,12,0,0,1,0,1,0,0,1,0,0,0,0,1,0,0,0,0,0,0,0,0,0,1,0,0.6875,2793.2,0.125,0.75,1.875,2,4.354839,6,0
36,894,1,4,4,0,33,2,2,3,4374,15411,0,0,15,3,3,0,4,6,3,3,2,1,2,1,0,0,0,1,0,0,0,0,1,0,0,0,0,0,0,1,0,0,0,0,0,1,0,0.5,1458.0,0.25,0.5,1.0,0,5.4,0,0
36,1040,3,2,4,1,79,4,2,1,6842,26308,6,0,20,4,1,1,13,3,3,5,4,0,4,0,0,1,0,1,0,0,1,0,0,0,0,1,0,0,0,0,0,0,0,0,1,0,0,0.666667,2280.666667,0.0,0.666667,2.166667,0,1.071429,0,0
54,584,22,5,2,0,91,3,4,3,17426,18685,3,0,25,4,3,1,36,6,3,10,8,4,7,0,0,1,0,1,0,0,0,0,1,0,0,0,0,0,1,0,0,0,0,0,0,1,0,0.727273,3485.2,0.363636,0.636364,3.272727,0,2.432432,0,0
43,1291,15,2,3,1,65,2,4,3,17603,3525,1,0,24,4,1,1,14,3,3,14,10,6,11,0,0,1,0,1,0,0,1,0,0,0,0,0,0,0,0,0,1,0,0,0,0,1,0,0.666667,3520.6,0.4,0.733333,0.933333,0,8.4,0,0
35,880,12,4,4,1,36,3,2,4,4581,10414,3,1,24,4,1,0,13,2,4,11,9,6,7,0,1,0,0,0,1,0,0,0,0,1,0,0,0,0,0,0,0,0,1,0,0,0,1,0.75,1527.0,0.5,0.583333,1.083333,1,12.571429,12,1
38,1189,1,3,4,1,90,3,2,4,4735,9867,7,0,15,3,4,2,19,4,4,13,11,2,9,0,1,0,0,1,0,0,1,0,0,0,0,0,0,0,0,0,0,1,0,0,0,1,0,0.785714,1578.333333,0.142857,0.642857,1.357143,0,10.4,0,0
29,991,5,3,1,1,43,2,2,2,4187,3356,1,1,13,3,2,1,10,3,2,10,0,0,9,0,0,1,0,0,1,0,0,0,1,0,0,0,0,0,0,0,0,0,1,0,1,0,0,0.0,1395.666667,0.0,0.818182,0.909091,3,3.636364,5,0
33,392,2,4,4,1,93,3,2,4,5505,3921,1,0,14,3,3,2,6,5,3,6,2,0,4,0,0,1,0,0,1,0,0,0,1,0,0,0,0,0,0,0,0,0,1,0,1,0,0,0.285714,1835.0,0.0,0.571429,0.857143,0,10.285714,0,0
32,977,2,3,4,1,45,3,2,2,5470,25518,0,0,13,3,3,2,10,4,2,9,5,1,6,0,0,1,0,1,0,0,0,0,1,0,0,0,0,0,0,0,0,1,0,0,1,0,0,0.5,1823.333333,0.1,0.6,1.0,0,3.272727,0,0
31,1112,5,4,1,0,67,3,2,4,5476,22589,1,0,11,3,1,2,10,2,3,10,0,0,2,0,0,1,0,0,1,0,1,0,0,0,0,0,0,0,0,0,0,0,1,0,0,1,0,0.0,1825.333333,0.0,0.181818,0.909091,0,10.909091,0,0
49,464,16,3,4,0,74,3,1,1,2587,24941,4,1,16,3,2,1,17,2,2,2,2,2,2,0,0,1,0,1,0,0,0,0,1,0,0,0,0,1,0,0,0,0,0,0,1,0,0,0.666667,1293.5,0.666667,0.666667,5.666667,4,0.222222,16,0
38,148,2,3,4,0,42,2,1,2,2440,23826,1,0,22,4,2,0,4,3,3,4,3,3,3,0,1,0,0,1,0,0,0,0,1,0,0,0,0,1,0,0,0,0,0,0,0,0,1,0.6,1220.0,0.6,0.6,0.8,0,4.8,0,0
47,1225,2,4,2,0,47,4,4,2,15972,21086,6,0,14,3,3,3,29,2,3,3,2,1,2,0,0,1,0,0,1,0,1,0,0,0,0,0,0,0,1,0,0,0,0,0,1,0,0,0.5,3194.4,0.25,0.5,7.25,0,0.6,0,0
49,809,1,3,3,1,36,3,4,3,15379,22384,4,0,14,3,1,0,23,2,3,8,7,0,0,0,0,1,0,1,0,0,1,0,0,0,0,0,0,0,1,0,0,0,0,0,0,0,1,0.777778,3075.8,0.0,0.0,2.555556,0,3.0,0,0
41,1206,23,2,4,1,80,3,3,3,7082,11591,3,1,16,3,4,0,21,2,3,2,0,0,2,0,0,1,0,0,1,0,1,0,0,0,0,0,0,0,0,0,0,0,1,0,0,0,1,0.0,1770.5,0.0,0.666667,7.0,2,0.818182,23,0
20,727,9,1,4,1,54,3,1,1,2728,21082,1,0,11,3,1,0,2,3,3,2,2,0,2,0,0,1,0,0,1,0,1,0,0,0,0,0,0,0,0,0,0,0,0,1,0,0,1,0.666667,1364.0,0.0,0.666667,0.666667,0,2.0,0,0
33,530,16,3,3,0,36,3,2,4,5368,16130,1,1,25,4,3,1,7,2,3,6,5,1,2,1,0,0,0,0,1,0,1,0,0,0,0,0,0,0,0,0,0,0,1,0,1,0,0,0.714286,1789.333333,0.142857,0.285714,1.0,1,9.0,16,0
36,1351,26,4,1,1,80,3,2,3,5347,7419,6,0,14,3,2,2,10,2,2,3,2,0,2,0,0,1,0,1,0,0,1,0,0,0,0,1,0,0,0,0,0,0,0,0,0,1,0,0.5,1782.333333,0.0,0.5,2.5,0,1.636364,0,0
44,528,1,3,3,0,44,3,1,4,3195,4167,4,1,18,3,1,3,8,2,3,2,2,2,2,0,0,1,1,0,0,0,1,0,0,0,0,0,1,0,0,0,0,0,0,0,1,0,0,0.666667,1597.5,0.666667,0.666667,2.666667,1,2.666667,1,0
23,1320,8,1,4,1,93,2,1,3,3989,20586,1,1,11,3,1,0,5,2,3,5,4,1,2,0,0,1,0,1,0,0,0,0,1,0,0,0,0,1,0,0,0,0,0,0,0,0,1,0.666667,1994.5,0.166667,0.333333,0.833333,2,7.5,8,1
38,1495,4,2,4,0,87,3,1,3,3306,26176,7,0,19,3,4,1,7,5,2,0,0,0,0,0,0,1,0,1,0,0,0,0,1,0,0,0,0,1,0,0,0,0,0,0,0,1,0,0.0,1653.0,0.0,0.0,7.0,0,0.0,0,0
53,1395,24,4,2,1,48,4,3,4,7005,3458,3,0,15,3,3,0,11,2,3,4,3,1,2,0,0,1,0,1,0,0,0,0,1,0,0,1,0,0,0,0,0,0,0,0,0,1,0,0.6,1751.25,0.2,0.4,2.2,0,4.0,0,0
48,708,7,2,4,0,95,3,1,3,2655,11740,2,1,11,3,3,2,19,3,3,9,7,7,7,0,1,0,0,0,1,0,0,0,1,0,0,0,0,0,0,0,0,0,0,1,0,1,0,0.7,1327.5,0.7,0.7,1.9,2,4.05,7,1
32,1259,2,4,4,1,95,3,1,2,1393,24852,1,0,12,3,1,0,1,2,3,1,0,0,0,0,0,1,0,1,0,0,1,0,0,0,0,0,0,1,0,0,0,0,0,0,0,0,1,0.0,696.5,0.0,0.0,0.5,0,3.0,0,1
26,786,7,3,4,1,76,3,1,4,2570,11925,1,0,20,4,3,0,7,5,3,7,7,5,7,1,0,0,0,1,0,0,0,0,1,0,0,0,0,1,0,0,0,0,0,0,0,0,1,0.875,1285.0,0.625,0.875,0.875,0,10.5,0,0
55,1441,22,3,1,1,94,2,1,2,3537,23737,5,0,12,3,4,1,8,1,3,4,2,1,2,0,0,1,0,1,0,0,0,0,0,0,1,0,0,0,0,0,0,1,0,0,1,0,0,0.4,1768.5,0.2,0.4,1.6,0,2.666667,0,0
34,1157,5,2,2,1,57,2,2,4,3986,11912,1,0,14,3,3,1,15,3,4,15,10,4,13,0,0,1,0,1,0,0,0,0,1,0,0,0,0,1,0,0,0,0,0,0,0,1,0,0.625,1328.666667,0.25,0.8125,0.9375,0,15.0,0,0
60,370,1,4,3,1,92,1,3,4,10883,20467,3,0,20,4,3,1,19,2,4,1,0,0,0,0,0,1,0,1,0,0,0,0,1,0,0,1,0,0,0,0,0,0,0,0,1,0,0,0.0,2720.75,0.0,0.0,9.5,0,0.8,0,0
33,267,21,3,2,1,79,4,1,2,2028,13637,1,0,18,3,4,3,14,6,3,14,11,2,13,0,0,1,0,1,0,0,0,0,1,0,0,0,0,1,0,0,0,0,0,0,0,1,0,0.733333,1014.0,0.133333,0.866667,0.933333,0,5.6,0,0
37,1278,1,4,3,1,31,1,2,4,9525,7677,1,0,14,3,3,2,6,2,2,6,3,1,3,0,1,0,0,0,1,0,0,0,1,0,0,0,0,0,0,0,0,0,1,0,1,0,0,0.428571,3175.0,0.142857,0.428571,0.857143,0,6.857143,0,0
34,678,19,3,2,0,35,2,1,4,2929,20338,1,0,12,3,2,0,10,3,3,10,9,8,7,0,0,1,0,1,0,0,1,0,0,0,0,0,0,0,0,0,0,1,0,0,0,1,0,0.818182,1464.5,0.727273,0.636364,0.909091,0,10.909091,0,0
23,427,7,3,3,1,99,3,1,4,2275,25103,1,1,21,4,2,1,3,2,3,3,2,0,2,0,0,1,0,0,1,0,1,0,0,0,0,0,0,0,0,0,0,0,0,1,1,0,0,0.5,1137.5,0.0,0.5,0.75,1,9.0,7,1
44,921,2,3,3,0,96,4,3,4,7879,14810,1,1,19,3,2,1,9,2,3,8,7,6,7,0,0,1,0,1,0,0,1,0,0,0,0,1,0,0,0,0,0,0,0,0,0,1,0,0.777778,1969.75,0.666667,0.777778,1.0,1,9.6,2,0
35,146,2,4,1,1,79,2,1,4,4930,13970,0,1,14,3,3,0,6,2,4,5,4,1,4,0,1,0,0,1,0,0,0,0,1,0,0,0,0,0,0,0,0,1,0,0,0,0,1,0.666667,2465.0,0.166667,0.666667,1.0,1,11.428571,2,0
43,1179,2,3,4,1,73,3,2,4,7847,6069,1,1,17,3,1,1,10,3,3,10,9,8,8,0,0,1,0,0,1,0,0,0,1,0,0,0,0,0,0,0,0,0,1,0,0,1,0,0.818182,2615.666667,0.727273,0.727273,0.909091,1,10.909091,2,0
24,581,9,3,3,1,62,4,1,3,4401,17616,1,0,16,3,4,1,5,1,3,5,3,0,4,0,0,1,0,1,0,0,0,0,1,0,0,0,0,0,0,0,0,1,0,0,0,1,0,0.5,2200.5,0.0,0.666667,0.833333,0,7.5,0,0
41,918,6,3,4,1,35,3,3,3,9241,15869,1,0,12,3,2,0,10,3,3,10,8,8,7,0,0,1,0,0,1,0,0,1,0,0,0,0,0,0,0,0,0,0,1,0,0,0,1,0.727273,2310.25,0.727273,0.636364,0.909091,0,8.181818,0,0
29,1082,9,4,4,0,43,3,1,3,2974,25412,9,0,17,3,3,1,9,2,3,5,3,1,2,0,0,1,0,1,0,0,0,0,1,0,0,0,0,1,0,0,0,0,0,0,0,1,0,0.5,1487.0,0.166667,0.333333,1.5,0,4.5,0,0
36,530,2,4,3,0,51,3,2,4,4502,7439,3,0,15,3,3,0,17,2,2,13,7,6,7,0,0,1,0,0,1,0,1,0,0,0,0,0,0,0,0,0,0,0,0,1,0,0,1,0.5,1500.666667,0.428571,0.5,1.214286,0,5.777778,0,0
45,1238,1,1,3,1,74,2,3,3,10748,3395,3,0,23,4,4,1,25,3,2,23,15,14,4,1,0,0,0,1,0,0,1,0,0,0,0,1,0,0,0,0,0,0,0,0,0,1,0,0.625,2687.0,0.583333,0.166667,1.041667,0,5.307692,0,0
24,240,22,1,4,1,58,1,1,3,1555,11585,1,0,11,3,3,1,1,2,3,1,0,0,0,0,0,1,1,0,0,1,0,0,0,0,0,0,1,0,0,0,0,0,0,0,0,1,0,0.0,777.5,0.0,0.0,0.5,0,4.5,0,1
47,1093,9,3,3,1,82,1,4,3,12936,24164,7,0,11,3,3,0,25,3,1,23,5,14,10,0,1,0,0,0,1,0,1,0,0,0,0,0,0,0,0,0,0,0,1,0,0,1,0,0.208333,2587.2,0.583333,0.416667,1.041667,0,2.653846,0,1
26,390,17,4,4,1,62,1,1,3,2305,6217,1,0,15,3,3,3,3,3,4,3,2,0,2,0,0,1,0,1,0,0,0,0,1,0,0,0,0,1,0,0,0,0,0,0,0,1,0,0.5,1152.5,0.0,0.5,0.75,0,9.0,0,0
45,1005,28,2,4,0,48,2,4,2,16704,17119,1,0,11,3,3,0,21,2,3,21,6,8,6,0,0,1,0,1,0,0,0,0,0,0,1,0,0,0,0,0,1,0,0,0,0,0,1,0.272727,3340.8,0.363636,0.272727,0.954545,0,5.727273,0,0
32,585,10,3,1,1,56,3,1,3,3433,17360,6,0,13,3,1,1,10,3,2,5,2,1,3,0,1,0,0,1,0,0,1,0,0,0,0,0,0,0,0,0,0,1,0,0,0,1,0,0.333333,1716.5,0.166667,0.5,1.666667,0,2.727273,0,0
31,741,2,4,2,1,69,3,1,3,3477,18103,1,0,14,3,4,1,6,2,4,5,2,0,3,0,0,1,0,1,0,0,1,0,0,0,0,0,0,1,0,0,0,0,0,0,0,1,0,0.333333,1738.5,0.0,0.5,1.0,0,8.571429,0,0
41,552,4,3,3,1,60,1,2,2,6430,20794,6,0,19,3,2,1,10,4,3,3,2,1,2,1,0,0,1,0,0,1,0,0,0,0,0,0,1,0,0,0,0,0,0,0,0,1,0,0.5,2143.333333,0.25,0.5,2.5,0,1.636364,0,0
40,369,8,2,2,0,92,3,2,1,6516,5041,2,1,16,3,2,1,18,3,3,1,0,0,0,0,0,1,0,1,0,0,1,0,0,0,0,0,0,0,0,1,0,0,0,0,0,1,0,0.0,2172.0,0.0,0.0,9.0,4,0.157895,8,0
24,506,29,1,2,1,91,3,1,1,3907,3622,1,0,13,3,2,3,6,2,4,6,2,1,2,0,0,1,0,1,0,0,0,0,1,0,0,0,0,1,0,0,0,0,0,0,1,0,0,0.285714,1953.5,0.142857,0.285714,0.857143,0,3.428571,0,0
46,717,13,4,3,1,34,3,2,2,5562,9697,6,0,14,3,4,0,19,3,3,10,7,0,9,0,0,1,0,1,0,0,1,0,0,0,0,1,0,0,0,0,0,0,0,0,0,0,1,0.636364,1854.0,0.0,0.818182,1.727273,0,3.0,0,0
35,1370,27,4,4,1,49,3,2,3,6883,5151,2,0,16,3,2,1,17,3,3,7,7,0,7,0,0,1,0,1,0,0,1,0,0,0,0,0,0,0,0,1,0,0,0,0,0,1,0,0.875,2294.333333,0.0,0.875,2.125,0,3.5,0,0
30,793,16,1,2,1,33,3,1,4,2862,3811,1,0,12,3,2,1,10,2,2,10,0,0,8,0,0,1,0,1,0,0,1,0,0,0,0,0,0,0,0,0,0,1,0,0,0,1,0,0.0,1431.0,0.0,0.727273,0.909091,0,7.272727,0,0
47,543,2,4,3,1,87,3,2,2,4978,3536,7,0,11,3,4,1,4,3,1,1,0,0,0,1,0,0,0,0,1,0,0,1,0,0,0,0,0,0,0,0,0,0,1,0,0,1,0,0.0,1659.333333,0.0,0.0,2.0,0,0.4,0,0
46,1277,2,3,3,1,74,3,3,4,10368,5596,4,1,12,3,2,1,13,5,2,10,6,0,3,0,0,1,0,0,1,0,1,0,0,0,0,0,0,0,0,0,0,0,1,0,1,0,0,0.545455,2592.0,0.0,0.272727,1.181818,1,5.714286,2,0
36,1456,13,5,2,1,96,2,2,1,6134,8658,5,1,13,3,2,3,16,3,3,2,2,2,2,0,0,1,0,0,1,0,0,1,0,0,0,0,0,0,0,0,0,0,1,0,1,0,0,0.666667,2044.666667,0.666667,0.666667,5.333333,4,0.352941,13,1
32,964,1,2,1,1,34,1,2,2,6735,12147,6,0,15,3,2,0,10,2,3,0,0,0,0,0,0,1,0,0,1,0,1,0,0,0,0,0,0,0,0,0,0,0,1,0,0,0,1,0.0,2245.0,0.0,0.0,10.0,0,0.0,0,1
23,160,4,1,3,0,51,3,1,2,3295,12862,1,0,13,3,3,0,3,3,1,3,2,1,2,0,0,1,0,1,0,0,0,0,1,0,0,0,0,1,0,0,0,0,0,0,0,0,1,0.5,1647.5,0.25,0.5,0.75,0,1.5,0,0
31,163,24,1,4,0,30,3,2,4,5238,6670,2,0,20,4,4,0,9,3,2,5,4,1,4,0,1,0,0,1,0,0,0,0,0,0,1,0,0,0,0,1,0,0,0,0,0,0,1,0.666667,1746.0,0.166667,0.666667,1.5,0,4.0,0,0
39,792,1,3,4,1,77,3,2,4,6472,8989,1,1,15,3,4,1,9,2,3,9,8,5,8,1,0,0,0,1,0,0,1,0,0,0,0,0,0,1,0,0,0,0,0,0,0,1,0,0.8,2157.333333,0.5,0.8,0.9,1,10.8,1,0
32,371,19,3,4,1,80,1,3,3,9610,3840,3,0,13,3,3,1,10,2,1,4,3,0,2,0,0,1,0,0,1,0,1,0,0,0,0,0,0,0,0,0,0,0,1,0,0,1,0,0.6,2402.5,0.0,0.4,2.0,0,1.090909,0,0
40,611,7,4,2,1,88,3,5,2,19833,4349,1,0,14,3,2,0,21,3,2,21,8,12,8,0,0,1,0,0,1,0,0,0,1,0,0,0,0,0,1,0,0,0,0,0,0,0,1,0.363636,3305.5,0.545455,0.363636,0.954545,0,3.818182,0,0
45,176,4,3,3,0,56,1,3,3,9756,6595,4,0,21,4,3,2,9,2,4,5,0,0,3,0,0,1,1,0,0,0,1,0,0,0,0,0,1,0,0,0,0,0,0,0,0,1,0,0.0,2439.0,0.0,0.5,1.5,0,6.0,0,0
30,1312,2,4,4,0,78,2,1,1,4968,26427,0,0,16,3,4,0,10,2,3,9,7,0,7,0,1,0,0,1,0,0,0,0,0,0,1,0,0,0,0,0,0,1,0,0,0,0,1,0.7,2484.0,0.0,0.7,1.0,0,2.454545,0,0
24,897,10,3,1,1,59,3,1,4,2145,2097,0,0,14,3,4,1,3,2,3,2,2,2,1,0,1,0,1,0,0,0,0,0,1,0,0,0,1,0,0,0,0,0,0,0,0,1,0,0.666667,1072.5,0.666667,0.333333,1.0,0,6.0,0,0
30,600,8,3,3,0,66,2,1,4,2180,9732,6,0,11,3,3,1,6,0,2,4,2,1,2,0,1,0,1,0,0,1,0,0,0,0,0,0,1,0,0,0,0,0,0,0,1,0,0,0.4,1090.0,0.2,0.4,1.2,0,4.571429,0,1
31,1003,5,3,1,1,51,3,2,3,8346,20943,1,0,19,3,3,1,6,3,3,5,2,0,2,0,0,1,0,0,1,0,0,0,0,0,1,0,0,0,0,0,0,0,1,0,0,1,0,0.333333,2782.0,0.0,0.333333,1.0,0,6.428571,0,0
27,1054,8,3,3,0,67,3,1,4,3445,6152,1,0,11,3,3,0,6,5,2,6,2,1,4,0,0,1,0,1,0,0,0,0,1,0,0,0,0,0,0,0,0,1,0,0,0,0,1,0.285714,1722.5,0.142857,0.571429,0.857143,0,6.857143,0,0
29,428,9,3,2,0,52,1,1,2,2760,14630,1,0,13,3,3,0,2,3,3,2,2,2,2,0,0,1,0,0,1,0,0,1,0,0,0,0,0,0,0,0,0,0,0,1,0,0,1,0.666667,1380.0,0.666667,0.666667,0.666667,0,4.0,0,1
29,461,1,3,4,1,70,4,2,3,6294,23060,8,1,12,3,4,0,10,5,4,3,2,0,2,0,1,0,0,1,0,0,1,0,0,0,0,1,0,0,0,0,0,0,0,0,0,0,1,0.5,2098.0,0.0,0.5,2.5,2,3.272727,1,0
30,979,15,2,3,1,94,2,3,1,7140,3088,2,0,11,3,1,1,12,2,3,7,7,1,7,0,0,1,0,0,1,0,0,1,0,0,0,0,0,0,0,0,0,0,1,0,1,0,0,0.875,1785.0,0.125,0.875,1.5,0,1.615385,0,0
34,181,2,4,4,1,97,4,1,4,2932,5586,0,1,14,3,1,3,6,3,3,5,0,1,2,0,0,1,0,1,0,0,0,0,1,0,0,0,0,0,0,0,0,1,0,0,0,1,0,0.0,1466.0,0.166667,0.333333,1.0,1,8.571429,2,0
33,1283,2,3,4,0,62,3,2,2,5147,10697,8,0,15,3,4,0,13,2,2,11,7,1,7,1,0,0,0,0,1,0,0,1,0,0,0,0,0,0,0,0,0,0,1,0,0,0,1,0.583333,1715.666667,0.083333,0.583333,1.083333,0,3.142857,0,0
49,1313,11,4,4,0,80,3,2,4,4507,8191,3,0,12,3,3,0,8,1,4,5,1,0,4,0,0,1,0,0,1,0,0,1,0,0,0,0,0,0,0,0,0,0,1,0,0,0,1,0.166667,1502.333333,0.0,0.666667,1.333333,0,8.888889,0,0
33,211,16,3,1,0,74,3,3,1,8564,10092,2,1,20,4,3,0,11,2,2,0,0,0,0,0,0,1,0,0,1,0,1,0,0,0,0,0,0,0,0,0,0,0,1,0,0,0,1,0.0,2141.0,0.0,0.0,11.0,4,0.0,16,1
38,594,2,2,3,0,75,2,1,2,2468,15963,4,0,14,3,2,1,9,4,2,6,1,0,5,0,1,0,0,1,0,0,0,0,1,0,0,0,0,1,0,0,0,0,0,0,0,1,0,0.142857,1234.0,0.0,0.714286,1.285714,0,2.4,0,0
31,1079,16,4,1,1,70,3,3,3,8161,19002,2,0,13,3,1,3,10,2,3,1,0,0,0,0,0,1,0,0,1,0,0,1,0,0,0,0,0,0,0,0,0,0,1,0,0,1,0,0.0,2040.25,0.0,0.0,5.0,0,0.818182,0,1
29,590,4,3,4,0,91,2,1,1,2109,10007,1,0,13,3,3,1,1,2,3,1,0,0,0,0,0,1,0,1,0,0,0,0,0,0,1,0,0,0,0,0,0,1,0,0,1,0,0,0.0,1054.5,0.0,0.0,0.5,0,1.5,0,0
30,305,16,3,3,1,58,4,2,3,5294,9128,3,0,16,3,3,1,10,3,3,7,0,1,7,0,0,1,0,1,0,0,1,0,0,0,0,1,0,0,0,0,0,0,0,0,0,1,0,0.0,1764.666667,0.125,0.875,1.25,0,5.727273,0,0
32,953,5,4,2,1,65,3,1,2,2718,17674,2,0,14,3,2,0,12,3,3,7,7,0,7,1,0,0,0,1,0,0,0,0,0,0,1,0,0,0,0,0,0,1,0,0,0,0,1,0.875,1359.0,0.0,0.875,1.5,0,3.230769,0,0
38,833,18,3,2,1,60,1,2,4,5811,24539,3,1,16,3,3,1,15,2,3,1,0,1,0,0,0,1,0,1,0,0,0,0,1,0,0,1,0,0,0,0,0,0,0,0,0,1,0,0.0,1937.0,0.5,0.0,7.5,1,0.75,18,0
43,807,17,3,3,1,38,2,1,3,2437,15587,9,1,16,3,4,1,6,4,3,1,0,0,0,0,1,0,0,1,0,0,0,0,0,0,1,0,0,0,0,0,0,1,0,0,0,1,0,0.0,1218.5,0.0,0.0,3.0,2,1.285714,17,1
42,855,12,3,2,1,57,3,1,2,2766,8952,8,0,22,4,2,3,7,6,2,5,3,0,4,0,0,1,0,1,0,0,0,0,1,0,0,0,0,1,0,0,0,0,0,0,1,0,0,0.5,1383.0,0.0,0.666667,1.166667,0,2.5,0,0
55,478,2,3,3,1,60,2,5,1,19038,19805,8,0,12,3,2,3,34,2,3,1,0,0,0,0,0,1,0,1,0,0,0,0,1,0,0,0,0,0,0,0,1,0,0,0,0,1,0,0.0,3173.0,0.0,0.0,17.0,0,0.085714,0,0
33,775,4,3,4,1,90,3,2,2,3055,6194,5,0,15,3,4,2,11,2,2,9,8,1,7,1,0,0,0,1,0,0,0,0,0,0,1,0,0,0,0,0,0,1,0,0,1,0,0,0.8,1018.333333,0.1,0.7,1.1,0,3.0,0,0
41,548,9,4,3,1,94,3,1,1,2289,20520,1,0,20,4,2,2,5,2,3,5,3,0,4,0,0,1,0,1,0,0,1,0,0,0,0,0,0,1,0,0,0,0,0,0,1,0,0,0.5,1144.5,0.0,0.666667,0.833333,0,2.5,0,0
34,1375,10,3,4,1,87,3,2,3,4001,12313,1,1,14,3,3,1,15,3,3,15,14,0,7,1,0,0,0,0,1,0,1,0,0,0,0,0,0,0,0,0,0,0,1,0,1,0,0,0.875,1333.666667,0.0,0.4375,0.9375,2,8.4375,10,0
53,661,1,4,1,0,60,2,4,3,12965,22308,4,1,20,4,4,3,27,2,2,3,2,0,2,1,0,0,0,1,0,0,0,0,1,0,0,0,0,0,0,1,0,0,0,0,0,1,0,0.5,2593.0,0.0,0.5,6.75,2,0.642857,1,0
43,244,2,3,2,1,97,3,1,4,3539,5033,0,0,13,3,2,0,10,5,3,9,7,1,8,0,0,1,1,0,0,0,1,0,0,0,0,0,1,0,0,0,0,0,0,0,0,0,1,0.7,1769.5,0.1,0.8,1.0,0,9.818182,0,0
34,511,3,2,4,0,32,1,2,4,6029,25353,5,0,12,3,1,0,6,3,3,2,2,2,2,0,0,1,0,0,1,0,1,0,0,0,0,0,0,0,0,0,0,0,1,0,0,0,1,0.666667,2009.666667,0.666667,0.666667,2.0,0,3.428571,0,0
21,337,7,1,2,1,31,3,1,2,2679,4567,1,0,13,3,2,0,1,3,3,1,0,1,0,0,0,1,0,0,1,0,0,1,0,0,0,0,0,0,0,0,0,0,0,1,0,0,1,0.0,1339.5,0.5,0.0,0.5,0,3.0,0,1
38,1153,6,2,4,0,40,2,1,3,3702,16376,1,0,11,3,2,1,5,3,3,5,4,0,4,0,0,1,0,1,0,0,0,0,0,1,0,0,0,1,0,0,0,0,0,0,0,1,0,0.666667,1851.0,0.0,0.666667,0.833333,0,7.5,0,0
22,1294,8,1,3,0,79,3,1,1,2398,15999,1,1,17,3,3,0,1,6,3,1,0,0,0,0,0,1,0,1,0,0,0,0,1,0,0,0,0,1,0,0,0,0,0,0,0,1,0,0.0,1199.0,0.0,0.0,0.5,4,1.5,8,1
31,196,29,4,1,0,91,2,2,4,5468,13402,1,0,14,3,1,2,13,3,3,12,7,5,7,0,0,1,0,0,1,0,0,1,0,0,0,0,0,0,0,0,0,0,1,0,0,1,0,0.538462,1822.666667,0.384615,0.538462,1.0,0,10.285714,0,0
51,942,3,3,1,0,53,3,3,3,13116,22984,2,0,11,3,4,0,15,2,3,2,2,2,2,0,0,1,0,1,0,0,0,0,0,0,1,0,0,0,1,0,0,0,0,0,0,1,0,0.666667,3279.0,0.666667,0.666667,5.0,0,1.125,0,0
37,589,9,2,2,1,46,2,2,2,4189,8800,1,0,14,3,1,2,5,2,3,5,2,0,3,0,0,1,0,0,1,0,0,1,0,0,0,0,0,0,0,0,0,0,1,0,0,1,0,0.333333,1396.333333,0.0,0.5,0.833333,0,5.0,0,0
46,734,2,4,3,1,46,3,5,4,19328,14218,7,1,17,3,3,1,24,3,3,2,1,2,2,0,0,1,0,1,0,0,0,0,1,0,0,0,0,0,0,0,1,0,0,0,1,0,0,0.333333,3221.333333,0.666667,0.666667,8.0,1,0.96,2,0
36,1383,10,3,4,1,90,3,3,1,8321,25949,7,1,13,3,4,1,15,1,3,12,8,5,7,0,0,1,0,1,0,0,1,0,0,0,0,1,0,0,0,0,0,0,0,0,0,1,0,0.615385,2080.25,0.384615,0.538462,1.153846,4,2.25,10,0
44,429,1,2,3,1,99,3,1,2,2342,11092,1,1,12,3,3,3,6,2,2,5,3,2,3,0,1,0,0,1,0,0,0,0,1,0,0,0,0,0,0,0,0,1,0,0,1,0,0,0.5,1171.0,0.333333,0.5,1.0,3,2.857143,1,1
37,1239,8,2,3,1,89,3,2,2,4071,12832,2,0,13,3,3,0,19,4,2,10,0,4,7,0,0,1,1,0,0,0,0,0,0,1,0,0,1,0,0,0,0,0,0,0,1,0,0,0.0,1357.0,0.363636,0.636364,1.727273,0,2.0,0,0
35,303,27,3,3,1,84,3,2,4,5813,13492,1,1,18,3,4,0,10,2,3,10,7,7,7,0,0,1,0,0,1,0,1,0,0,0,0,0,0,0,0,0,0,0,1,0,0,0,1,0.636364,1937.666667,0.636364,0.636364,0.909091,1,10.909091,27,1
33,867,8,4,4,1,90,4,1,1,3143,6076,6,0,19,3,2,1,14,1,3,10,8,7,6,0,0,1,0,1,0,0,1,0,0,0,0,0,0,0,0,0,0,1,0,0,0,1,0,0.727273,1571.5,0.636364,0.545455,1.272727,0,2.0,0,0
28,1181,1,3,3,1,82,3,1,4,2044,5531,1,0,11,3,3,1,5,6,4,5,3,0,3,0,0,1,0,1,0,0,1,0,0,0,0,0,0,0,0,0,0,1,0,0,0,1,0,0.5,1022.0,0.0,0.5,0.833333,0,13.333333,0,0
39,1253,10,1,3,1,65,3,3,3,13464,7914,7,0,21,4,3,0,9,3,3,4,3,2,2,0,0,1,0,1,0,0,0,0,1,0,0,0,0,0,0,0,1,0,0,0,0,0,1,0.6,3366.0,0.4,0.4,1.8,0,3.6,0,0
46,849,26,2,2,1,98,2,2,2,7991,25166,8,0,15,3,3,0,6,3,3,2,2,2,2,1,0,0,0,0,1,0,1,0,0,0,0,0,0,0,0,0,0,0,1,0,0,0,1,0.666667,2663.666667,0.666667,0.666667,2.0,0,1.714286,0,0
40,616,2,2,3,0,99,3,1,1,3377,25605,4,0,17,3,4,1,7,5,2,4,3,0,2,0,0,1,0,1,0,0,1,0,0,0,0,0,0,1,0,0,0,0,0,0,0,1,0,0.6,1688.5,0.0,0.4,1.4,0,1.0,0,0
42,1128,13,3,2,1,95,4,2,1,5538,5696,5,0,18,3,3,2,10,2,2,0,0,0,0,0,0,1,0,1,0,0,0,0,1,0,0,1,0,0,0,0,0,0,0,0,0,1,0,0.0,1846.0,0.0,0.0,10.0,0,0.0,0,0
35,1180,2,2,2,1,90,3,2,4,5762,24442,2,0,14,3,3,1,15,6,3,7,7,1,7,1,0,0,0,1,0,0,0,0,1,0,0,0,0,0,0,1,0,0,0,0,1,0,0,0.875,1920.666667,0.125,0.875,1.875,0,5.25,0,0
38,1336,2,3,1,1,100,3,1,2,2592,7129,5,0,13,3,4,3,13,3,3,11,10,3,8,1,0,0,1,0,0,1,0,0,0,0,0,0,1,0,0,0,0,0,0,0,1,0,0,0.833333,1296.0,0.25,0.666667,1.083333,0,4.714286,0,0
34,234,9,4,4,1,93,3,2,1,5346,6208,4,0,17,3,3,1,11,3,2,7,1,0,7,0,1,0,0,1,0,0,1,0,0,0,0,0,0,1,0,0,0,0,0,0,0,1,0,0.125,1782.0,0.0,0.875,1.375,0,1.166667,0,1
37,370,10,4,4,1,58,3,2,1,4213,4992,1,0,15,3,2,0,10,4,1,10,3,0,8,0,0,1,0,1,0,0,0,0,1,0,0,0,0,0,0,1,0,0,0,0,0,0,1,0.272727,1404.333333,0.0,0.727273,0.909091,0,0.909091,0,1
39,766,20,3,3,1,83,3,2,4,4127,19188,2,0,18,3,4,1,7,6,3,2,1,2,2,0,1,0,0,0,1,0,1,0,0,0,0,0,0,0,0,0,0,0,1,0,1,0,0,0.333333,1375.666667,0.666667,0.666667,2.333333,0,3.0,0,0
43,343,9,3,1,1,52,3,1,3,2438,24978,4,0,13,3,3,0,7,2,2,3,2,1,2,1,0,0,0,1,0,0,1,0,0,0,0,0,0,0,0,0,0,1,0,0,0,0,1,0.5,1219.0,0.25,0.5,1.75,0,2.25,0,0
41,447,5,3,2,1,85,4,2,2,6870,15530,3,0,12,3,1,0,11,3,1,3,2,1,2,0,0,1,0,1,0,0,1,0,0,0,0,1,0,0,0,0,0,0,0,0,0,0,1,0.5,2290.0,0.25,0.5,2.75,0,0.5,0,0
41,796,4,1,3,0,81,3,3,3,10447,26458,0,1,13,3,4,1,23,3,4,22,14,13,5,0,0,1,0,0,1,0,0,1,0,0,0,0,0,0,0,0,0,0,1,0,1,0,0,0.608696,2611.75,0.565217,0.217391,1.0,2,11.0,4,0
30,1092,10,3,1,0,64,3,3,3,9667,2739,9,0,14,3,2,0,9,3,3,7,7,0,2,0,0,1,0,1,0,0,0,0,1,0,0,0,0,0,0,1,0,0,0,0,0,0,1,0.875,2416.75,0.0,0.25,1.125,0,6.3,0,0
26,920,20,2,4,0,69,3,1,2,2148,6889,0,1,11,3,3,0,6,3,3,5,1,1,4,0,0,1,1,0,0,0,0,0,1,0,0,0,1,0,0,0,0,0,0,0,0,1,0,0.166667,1074.0,0.166667,0.666667,1.0,3,4.285714,20,1
46,261,21,2,4,0,66,3,2,2,8926,10842,4,0,22,4,4,1,13,2,4,9,7,3,7,0,0,1,0,1,0,0,0,0,1,0,0,1,0,0,0,0,0,0,0,0,0,1,0,0.7,2975.333333,0.3,0.7,1.3,0,5.142857,0,1
40,1194,1,3,3,0,52,3,2,4,6513,9060,4,0,17,3,4,1,12,3,3,5,3,0,3,0,0,1,0,1,0,0,1,0,0,0,0,1,0,0,0,0,0,0,0,0,1,0,0,0.5,2171.0,0.0,0.5,2.0,0,4.615385,0,0
34,810,8,2,2,1,92,4,2,3,6799,22128,1,0,21,4,3,2,10,5,3,10,8,4,8,0,0,1,0,0,1,0,0,0,0,0,1,0,0,0,0,0,0,0,1,0,0,1,0,0.727273,2266.333333,0.363636,0.727273,0.909091,0,8.181818,0,0
58,350,2,3,2,1,52,3,4,2,16291,22577,4,0,22,4,4,1,37,0,2,16,9,14,14,1,0,0,0,0,1,0,0,0,1,0,0,0,0,0,1,0,0,0,0,0,1,0,0,0.529412,3258.2,0.823529,0.823529,2.176471,0,1.684211,0,0
35,185,23,4,2,1,91,1,1,3,2705,9696,0,0,16,3,2,1,6,2,4,5,4,0,3,0,0,1,0,1,0,0,0,0,1,0,0,0,0,1,0,0,0,0,0,0,0,1,0,0.666667,1352.5,0.0,0.5,1.0,0,8.571429,0,0
47,1001,4,3,3,0,92,2,3,2,10333,19271,8,1,12,3,3,1,28,4,3,22,11,14,10,0,0,1,0,1,0,0,1,0,0,0,0,0,0,0,0,1,0,0,0,0,1,0,0,0.478261,2583.25,0.608696,0.434783,1.217391,3,4.551724,4,0
40,750,12,3,2,0,47,3,2,1,4448,10748,2,0,12,3,2,1,15,3,3,7,4,7,7,0,0,1,0,1,0,0,1,0,0,0,0,1,0,0,0,0,0,0,0,0,1,0,0,0.5,1482.666667,0.875,0.875,1.875,0,1.3125,0,0
54,431,7,4,4,0,68,3,2,4,6854,15696,4,0,15,3,2,1,14,2,2,7,1,1,7,0,0,1,0,1,0,0,0,0,1,0,0,0,0,0,0,0,0,1,0,0,0,1,0,0.125,2284.666667,0.125,0.875,1.75,0,3.733333,0,0
31,1125,7,4,1,0,68,3,3,1,9637,8277,2,0,14,3,4,2,9,3,3,3,2,2,2,0,1,0,0,0,1,0,0,1,0,0,0,0,0,0,0,0,0,0,1,0,0,1,0,0.5,2409.25,0.5,0.5,2.25,0,0.9,0,0
28,1217,1,3,3,0,67,3,1,1,3591,12719,1,0,25,4,3,1,3,3,3,3,2,1,2,0,0,1,0,1,0,0,0,0,1,0,0,0,0,0,0,0,0,1,0,0,0,1,0,0.5,1795.5,0.25,0.5,0.75,0,2.25,0,0
38,723,2,4,2,0,77,1,2,4,5405,4244,2,1,20,4,1,2,20,4,2,4,2,0,3,0,0,1,0,0,1,0,0,1,0,0,0,0,0,0,0,0,0,0,0,1,0,1,0,0.4,1801.666667,0.0,0.6,4.0,1,1.52381,2,0
26,572,10,3,3,1,46,3,2,4,4684,9125,1,0,13,3,1,0,5,4,3,5,3,1,2,0,0,1,0,0,1,0,0,0,1,0,0,0,0,0,0,0,0,0,1,0,0,0,1,0.5,1561.333333,0.166667,0.333333,0.833333,0,10.0,0,0
58,1216,15,4,1,1,87,3,4,3,15787,21624,2,1,14,3,2,0,23,3,3,2,2,2,2,0,1,0,0,1,0,0,1,0,0,0,0,0,0,0,0,0,1,0,0,0,0,1,0,0.666667,3157.4,0.666667,0.666667,7.666667,2,0.75,15,0
18,1431,14,3,2,0,33,3,1,3,1514,8018,1,0,16,3,3,0,0,4,1,0,0,0,0,1,0,0,0,1,0,0,0,0,1,0,0,0,0,0,0,0,0,1,0,0,0,0,1,0.0,757.0,0.0,0.0,0.0,0,0.0,0,0
31,359,18,5,4,1,89,4,1,1,2956,21495,0,0,17,3,3,0,2,4,3,1,0,0,0,0,0,1,1,0,0,1,0,0,0,0,0,0,1,0,0,0,0,0,0,0,0,1,0,0.0,1478.0,0.0,0.0,1.0,0,1.0,0,1
29,350,13,3,1,1,56,2,1,1,2335,3157,4,1,15,3,4,3,4,3,3,2,2,2,0,0,0,1,1,0,0,1,0,0,0,0,0,0,1,0,0,0,0,0,0,0,1,0,0,0.666667,1167.5,0.666667,0.0,1.333333,4,1.2,13,1
45,589,2,4,3,0,67,3,2,3,5154,19665,4,0,22,4,2,2,10,3,4,8,7,5,7,1,0,0,0,0,1,0,1,0,0,0,0,0,0,0,0,0,0,0,1,0,0,1,0,0.777778,1718.0,0.555556,0.777778,1.111111,0,8.727273,0,0
36,430,2,4,4,0,73,3,2,2,6962,19573,4,1,22,4,4,1,15,2,3,1,0,0,0,0,0,1,0,1,0,0,0,0,0,1,0,0,0,0,0,0,0,1,0,0,0,1,0,0.0,2320.666667,0.0,0.0,7.5,3,0.375,2,0
43,1422,2,4,1,1,92,3,2,4,5675,19246,1,0,20,4,3,1,7,5,3,7,7,7,7,0,1,0,0,0,1,0,1,0,0,0,0,0,0,0,0,0,0,0,1,0,0,1,0,0.875,1891.666667,0.875,0.875,0.875,0,10.5,0,0
27,1297,5,2,4,0,53,3,1,4,2379,19826,0,1,14,3,3,0,6,3,2,5,4,0,2,0,1,0,0,1,0,0,1,0,0,0,0,0,0,1,0,0,0,0,0,0,0,0,1,0.666667,1189.5,0.0,0.333333,1.0,1,5.714286,5,0
29,574,20,1,4,1,40,3,1,4,3812,7003,1,0,13,3,2,0,11,3,4,11,8,3,10,0,1,0,0,1,0,0,0,0,1,0,0,0,0,1,0,0,0,0,0,0,0,1,0,0.666667,1906.0,0.25,0.833333,0.916667,0,14.666667,0,0
32,1318,10,4,4,1,79,3,2,4,4648,26075,8,0,13,3,3,0,4,2,4,0,0,0,0,0,1,0,0,0,1,0,0,1,0,0,0,0,0,0,0,0,0,0,1,0,0,0,1,0.0,1549.333333,0.0,0.0,4.0,0,0.0,0,0
42,355,10,4,3,1,38,3,1,3,2936,6161,3,0,22,4,2,2,10,1,2,6,3,3,3,1,0,0,0,1,0,0,0,0,0,0,1,0,0,0,0,0,0,1,0,0,0,1,0,0.428571,1468.0,0.428571,0.428571,1.428571,0,3.272727,0,0
47,207,9,4,2,0,64,3,1,3,2105,5411,4,0,12,3,3,0,7,2,3,2,2,2,0,0,0,1,0,1,0,0,1,0,0,0,0,0,0,1,0,0,0,0,0,0,0,0,1,0.666667,1052.5,0.666667,0.0,2.333333,0,2.25,0,0
46,706,2,2,4,1,82,3,3,4,8578,19989,3,0,14,3,3,1,12,4,2,9,8,4,7,0,0,1,0,1,0,0,1,0,0,0,0,0,0,0,0,1,0,0,0,0,1,0,0,0.8,2144.5,0.4,0.7,1.2,0,5.538462,0,0
28,280,1,2,3,1,43,3,1,4,2706,10494,1,0,15,3,2,1,3,2,3,3,2,2,2,1,0,0,1,0,0,0,1,0,0,0,0,0,1,0,0,0,0,0,0,0,1,0,0,0.5,1353.0,0.5,0.5,0.75,0,9.0,0,0
29,726,29,1,4,1,93,1,2,3,6384,21143,8,0,17,3,4,2,11,3,3,7,0,1,6,0,0,1,0,1,0,0,1,0,0,0,0,1,0,0,0,0,0,0,0,0,1,0,0,0.0,2128.0,0.125,0.75,1.375,0,5.25,0,0
42,1142,8,3,4,1,81,3,1,3,3968,13624,4,0,13,3,4,0,8,3,3,0,0,0,0,0,0,1,0,1,0,0,1,0,0,0,0,0,0,1,0,0,0,0,0,0,0,0,1,0.0,1984.0,0.0,0.0,8.0,0,0.0,0,0
32,414,2,4,3,1,82,2,2,2,9907,26186,7,1,12,3,3,0,7,3,2,2,2,2,2,0,0,1,0,0,1,0,0,1,0,0,0,0,0,0,0,0,0,0,1,0,0,0,1,0.666667,3302.333333,0.666667,0.666667,2.333333,3,1.0,2,1
46,1319,3,3,1,0,45,4,4,1,13225,7739,2,0,12,3,4,1,25,5,3,19,17,2,8,0,0,1,0,0,1,0,0,0,0,0,1,0,0,0,0,0,0,0,1,0,1,0,0,0.85,2645.0,0.1,0.4,1.25,0,2.192308,0,0
27,728,23,1,2,0,36,2,2,3,3540,7018,1,0,21,4,4,1,9,5,3,9,8,5,8,0,0,1,0,0,1,0,0,0,1,0,0,0,0,0,0,0,0,0,0,1,0,1,0,0.8,1180.0,0.5,0.8,0.9,0,8.1,0,0
29,352,6,1,4,1,87,2,1,2,2804,15434,1,0,11,3,4,0,1,3,3,1,0,0,0,0,0,1,1,0,0,0,0,0,1,0,0,0,1,0,0,0,0,0,0,0,0,1,0,0.0,1402.0,0.0,0.0,0.5,0,3.0,0,0
43,823,6,3,1,0,81,2,5,3,19392,22539,7,0,13,3,4,0,21,2,3,16,12,6,14,0,0,1,0,1,0,0,0,0,1,0,0,0,0,0,1,0,0,0,0,0,0,1,0,0.705882,3232.0,0.352941,0.823529,1.235294,0,6.545455,0,0
48,1224,10,3,4,1,91,2,5,2,19665,13583,4,0,12,3,4,0,29,3,3,22,10,12,9,0,0,1,0,1,0,0,1,0,0,0,0,0,0,0,0,0,1,0,0,0,0,1,0,0.434783,3277.5,0.521739,0.391304,1.26087,0,4.4,0,0
29,459,24,2,4,1,73,2,1,4,2439,14753,1,1,24,4,2,0,1,3,2,1,0,1,0,0,1,0,0,1,0,0,1,0,0,0,0,0,0,0,0,0,0,1,0,0,0,0,1,0.0,1219.5,0.5,0.0,0.5,1,4.0,24,1
46,1254,10,3,3,0,64,3,3,2,7314,14011,5,0,21,4,3,3,14,2,3,8,7,0,7,0,0,1,0,0,1,0,1,0,0,0,0,0,0,0,0,0,0,0,1,0,0,1,0,0.777778,1828.5,0.0,0.777778,1.555556,0,3.2,0,1
27,1131,15,3,4,0,77,2,1,1,4774,23844,0,0,19,3,4,1,8,2,2,7,6,7,3,0,1,0,0,1,0,0,1,0,0,0,0,0,0,0,0,0,0,1,0,0,0,1,0,0.75,2387.0,0.875,0.375,1.0,0,1.555556,0,0
39,835,19,4,4,1,41,3,2,4,3902,5141,8,0,14,3,2,3,7,2,3,2,2,2,2,0,0,1,0,1,0,0,0,0,0,1,0,0,0,0,0,0,0,1,0,0,1,0,0,0.666667,1300.666667,0.666667,0.666667,2.333333,0,3.0,0,0
55,836,2,4,2,1,98,2,1,4,2662,7975,8,0,20,4,2,1,19,2,4,5,2,0,4,0,0,1,0,1,0,0,0,0,0,0,1,0,0,0,0,0,0,1,0,0,0,1,0,0.333333,1331.0,0.0,0.666667,3.166667,0,4.0,0,0
28,1172,3,3,2,0,78,3,1,2,2856,3692,1,0,19,3,4,1,1,3,3,1,0,0,0,0,0,1,0,0,1,0,0,0,1,0,0,0,0,0,0,0,0,0,0,1,0,1,0,0.0,1428.0,0.0,0.0,0.5,0,3.0,0,0
30,945,9,3,2,1,89,3,1,4,1081,16019,1,0,13,3,3,0,1,3,2,1,0,0,0,0,0,1,0,0,1,0,0,0,1,0,0,0,0,0,0,0,0,0,0,1,0,0,1,0.0,540.5,0.0,0.0,0.5,0,4.0,0,1
22,391,7,1,4,1,75,3,1,2,2472,26092,1,1,23,4,1,0,1,2,3,1,0,0,0,0,0,1,0,1,0,0,1,0,0,0,0,0,0,0,0,0,0,1,0,0,0,0,1,0.0,1236.0,0.0,0.0,0.5,3,3.0,7,1
36,1266,10,4,2,0,63,2,2,3,5673,6060,1,1,13,3,1,1,10,4,3,10,9,1,7,0,0,1,0,0,1,0,0,0,0,0,1,0,0,0,0,0,0,0,1,0,0,1,0,0.818182,1891.0,0.090909,0.636364,0.909091,2,8.181818,10,0
31,311,20,3,2,1,89,3,2,3,4197,18624,1,0,11,3,1,1,10,2,3,10,8,0,2,0,0,1,0,1,0,0,1,0,0,0,0,0,0,1,0,0,0,0,0,0,1,0,0,0.727273,1399.0,0.0,0.181818,0.909091,0,8.181818,0,0
34,1480,4,3,3,1,64,3,3,4,9713,24444,2,1,13,3,4,3,9,3,3,5,3,1,0,0,0,1,0,0,1,0,1,0,0,0,0,0,0,0,0,0,0,0,1,0,0,1,0,0.5,2428.25,0.166667,0.0,1.5,1,6.0,4,0
29,592,7,3,4,1,59,3,1,1,2062,19384,3,0,14,3,2,0,11,2,3,3,2,1,2,0,0,1,0,1,0,0,1,0,0,0,0,0,0,1,0,0,0,0,0,0,0,0,1,0.5,1031.0,0.25,0.5,2.75,0,0.75,0,0
37,783,7,4,4,1,78,3,2,1,4284,13588,5,1,22,4,3,1,16,2,3,5,3,0,4,0,0,1,0,1,0,0,0,0,1,0,0,0,0,0,0,0,0,1,0,0,0,1,0,0.5,1428.0,0.0,0.666667,2.666667,4,0.882353,7,0
35,219,16,2,4,0,44,2,2,2,4788,25388,0,1,11,3,4,0,4,2,3,3,2,0,2,0,0,1,0,1,0,0,0,0,0,1,0,0,0,0,0,1,0,0,0,0,0,1,0,0.5,1596.0,0.0,0.5,1.0,3,3.6,16,0
45,556,25,2,2,0,93,2,2,4,5906,23888,0,0,13,3,4,2,10,2,2,9,8,3,8,0,0,1,0,1,0,0,1,0,0,0,0,0,0,0,0,1,0,0,0,0,0,1,0,0.8,1968.666667,0.3,0.8,1.0,0,6.545455,0,0
36,1213,2,1,2,1,94,2,2,4,3886,4223,1,0,21,4,4,0,10,2,2,10,1,0,8,0,1,0,1,0,0,1,0,0,0,0,0,0,1,0,0,0,0,0,0,0,0,0,1,0.090909,1295.333333,0.0,0.727273,0.909091,0,7.272727,0,0
40,1137,1,4,1,1,98,3,4,1,16823,18991,2,0,11,3,1,1,22,3,3,19,7,11,16,0,0,1,0,1,0,0,1,0,0,0,0,0,0,0,1,0,0,0,0,0,1,0,0,0.35,3364.6,0.55,0.8,1.1,0,2.478261,0,0
26,482,1,2,2,0,90,2,1,3,2933,14908,1,1,13,3,3,1,1,3,2,1,0,1,0,0,0,1,0,1,0,0,1,0,0,0,0,0,0,0,0,0,0,1,0,0,0,1,0,0.0,1466.5,0.5,0.0,0.5,2,3.0,1,0
27,511,2,2,1,0,89,4,2,3,6500,26997,0,0,14,3,2,0,9,5,2,8,7,0,7,0,0,1,0,0,1,0,0,0,1,0,0,0,0,0,0,0,0,0,1,0,0,0,1,0.777778,2166.666667,0.0,0.777778,1.0,0,4.8,0,0
48,117,22,3,4,0,58,3,4,4,17174,2437,3,0,11,3,2,1,24,3,3,22,17,4,7,0,1,0,0,1,0,0,0,0,1,0,0,0,0,0,1,0,0,0,0,0,1,0,0,0.73913,3434.8,0.173913,0.304348,1.043478,0,10.56,0,0
44,170,1,4,2,1,78,4,2,1,5033,9364,2,0,15,3,4,1,10,5,3,2,0,2,2,0,0,1,0,1,0,0,1,0,0,0,0,1,0,0,0,0,0,0,0,0,0,1,0,0.0,1677.666667,0.666667,0.666667,3.333333,0,0.545455,0,0
34,967,16,4,4,1,85,1,1,1,2307,14460,1,1,23,4,2,1,5,2,3,5,2,3,0,1,0,0,0,1,0,0,0,0,0,0,1,0,0,0,0,0,0,1,0,0,0,1,0,0.333333,1153.5,0.5,0.0,0.833333,4,2.5,16,1
56,1162,24,2,1,1,97,3,1,4,2587,10261,1,0,16,3,4,0,5,3,3,4,2,1,0,0,0,1,0,1,0,0,1,0,0,0,0,0,0,1,0,0,0,0,0,0,0,0,1,0.4,1293.5,0.2,0.0,1.0,0,8.0,0,1
36,335,17,2,3,1,33,2,2,2,5507,16822,2,0,16,3,3,2,12,1,1,4,2,1,3,0,0,1,0,0,1,0,0,1,0,0,0,0,0,0,0,0,0,0,1,0,0,1,0,0.4,1835.666667,0.2,0.6,2.4,0,0.615385,0,0
41,337,8,3,3,0,54,3,2,2,4393,26841,5,0,21,4,3,1,14,3,3,5,4,1,4,0,0,1,0,0,1,0,0,1,0,0,0,0,0,0,0,0,0,0,1,0,0,1,0,0.666667,1464.333333,0.166667,0.666667,2.333333,0,2.0,0,0
42,1396,6,3,3,1,83,3,3,1,13348,14842,9,0,13,3,2,1,18,3,4,13,7,5,7,0,0,1,0,1,0,0,0,0,1,0,0,0,0,0,0,0,1,0,0,0,0,1,0,0.5,3337.0,0.357143,0.5,1.285714,0,2.736842,0,0
31,1079,10,2,3,0,86,3,2,4,6583,20115,2,1,11,3,4,1,8,2,3,5,2,1,4,0,0,1,0,0,1,0,0,0,1,0,0,0,0,0,0,0,0,0,1,0,1,0,0,0.333333,2194.333333,0.166667,0.666667,1.333333,1,6.666667,10,0
34,735,3,1,4,0,75,2,2,4,8103,16495,3,1,12,3,3,0,9,3,2,4,2,0,1,0,0,1,0,0,1,0,0,0,1,0,0,0,0,0,0,0,0,0,1,0,0,1,0,0.4,2701.0,0.0,0.2,1.8,1,3.2,3,0
31,471,4,3,1,0,62,4,1,3,3978,16031,8,0,12,3,2,1,4,0,2,2,2,2,2,0,0,1,0,1,0,0,0,0,1,0,0,0,0,1,0,0,0,0,0,0,1,0,0,0.666667,1989.0,0.666667,0.666667,1.333333,0,2.4,0,0
26,1096,6,3,3,1,61,4,1,4,2544,7102,0,0,18,3,1,1,8,3,3,7,7,7,7,0,1,0,0,1,0,0,0,0,0,1,0,0,0,1,0,0,0,0,0,0,0,1,0,0.875,1272.0,0.875,0.875,1.0,0,9.333333,0,0
45,1297,1,4,2,1,44,3,2,3,5399,14511,4,0,12,3,3,0,12,3,3,4,2,0,3,0,1,0,0,1,0,0,0,0,1,0,0,1,0,0,0,0,0,0,0,0,0,0,1,0.4,1799.666667,0.0,0.6,2.4,0,2.769231,0,0
33,217,10,4,2,1,43,3,2,3,5487,10410,1,0,14,3,2,0,10,2,2,10,4,0,9,0,0,1,0,0,1,0,0,1,0,0,0,0,0,0,0,0,0,0,1,0,0,0,1,0.363636,1829.0,0.0,0.818182,0.909091,0,5.454545,0,0
28,783,1,2,3,1,42,2,2,4,6834,19255,1,1,12,3,3,1,7,2,3,7,7,0,7,0,1,0,0,0,1,0,1,0,0,0,0,0,0,0,0,0,0,0,1,0,0,1,0,0.875,2278.0,0.0,0.875,0.875,1,10.5,1,0
29,746,24,3,3,1,45,4,1,1,1091,10642,1,0,17,3,4,0,1,3,3,1,0,0,0,0,1,0,0,0,1,0,0,0,0,0,1,0,0,0,0,0,0,0,0,1,0,0,1,0.0,545.5,0.0,0.0,0.5,0,1.5,0,1
39,1251,21,4,1,0,32,1,2,3,5736,3987,6,0,19,3,3,1,10,1,3,3,2,1,2,1,0,0,0,0,1,0,1,0,0,0,0,0,0,0,0,0,0,0,1,0,0,1,0,0.5,1912.0,0.25,0.5,2.5,0,2.454545,0,0
27,1354,2,4,2,1,41,3,1,2,2226,6073,1,0,11,3,3,1,6,3,2,5,3,1,2,0,0,1,0,1,0,0,0,0,0,0,1,0,0,0,0,0,0,1,0,0,0,1,0,0.5,1113.0,0.166667,0.333333,1.0,0,2.857143,0,0
34,735,22,4,3,1,86,2,2,4,5747,26496,1,1,15,3,2,0,16,3,3,15,10,6,11,0,1,0,0,1,0,0,0,0,0,1,0,0,0,0,0,0,0,1,0,0,0,1,0,0.625,1915.666667,0.375,0.6875,1.0,1,10.588235,22,0
28,1475,13,2,4,0,84,3,2,3,9854,23352,3,1,11,3,4,0,6,0,3,2,0,2,2,0,0,1,0,0,1,0,0,1,0,0,0,0,0,0,0,0,0,0,1,0,0,0,1,0.0,3284.666667,0.666667,0.666667,2.0,2,2.571429,13,1
47,1169,14,4,3,1,64,3,2,2,5467,2125,8,0,18,3,3,1,16,4,4,8,7,1,7,1,0,0,0,1,0,0,0,0,0,0,1,0,0,0,0,0,0,1,0,0,0,1,0,0.777778,1822.333333,0.111111,0.777778,1.777778,0,3.764706,0,0
56,1443,11,5,4,0,89,2,2,1,5380,20328,4,0,16,3,3,1,6,3,3,0,0,0,0,0,0,1,0,0,1,0,0,1,0,0,0,0,0,0,0,0,0,0,1,0,0,1,0,0.0,1793.333333,0.0,0.0,6.0,0,0.0,0,0
39,867,9,2,1,1,87,3,2,1,5151,12315,1,0,25,4,4,1,10,3,3,10,0,7,9,0,0,1,0,1,0,0,0,0,1,0,0,0,0,0,0,1,0,0,0,0,0,1,0,0.0,1717.0,0.636364,0.818182,0.909091,0,2.727273,0,0
38,1394,8,3,4,0,58,2,2,2,2133,18115,1,1,16,3,3,1,20,3,3,20,11,0,7,0,1,0,0,1,0,0,0,0,1,0,0,0,0,0,0,0,0,1,0,0,1,0,0,0.52381,711.0,0.0,0.333333,0.952381,3,5.714286,8,0
58,605,21,3,4,0,72,3,4,4,17875,11761,4,1,13,3,3,1,29,2,2,1,0,0,0,0,0,1,0,0,1,0,1,0,0,0,0,0,0,0,1,0,0,0,0,0,0,1,0,0.0,3575.0,0.0,0.0,14.5,1,0.266667,21,0
32,238,5,2,1,0,47,4,1,3,2432,15318,3,1,14,3,1,0,8,2,3,4,1,0,3,0,1,0,0,1,0,0,1,0,0,0,0,0,0,0,0,0,0,1,0,0,0,0,1,0.2,1216.0,0.0,0.6,1.6,2,4.0,5,1
38,1206,9,2,2,1,71,3,1,4,4771,14293,2,0,19,3,4,2,10,0,4,5,2,0,3,0,0,1,0,1,0,0,1,0,0,0,0,0,0,0,0,0,0,1,0,0,1,0,0,0.333333,2385.5,0.0,0.5,1.666667,0,7.272727,0,0
49,1064,2,1,2,1,42,3,5,4,19161,13738,3,0,15,3,4,0,28,3,3,5,4,4,3,0,1,0,0,1,0,0,1,0,0,0,0,0,0,0,0,0,1,0,0,0,0,1,0,0.666667,3193.5,0.666667,0.5,4.666667,0,2.068966,0,0
42,419,12,4,2,1,77,3,2,4,5087,2900,3,1,12,3,3,2,14,4,3,0,0,0,0,0,0,1,0,0,1,0,0,1,0,0,0,0,0,0,0,0,0,0,1,0,1,0,0,0.0,1695.666667,0.0,0.0,14.0,1,0.0,12,0
27,1337,22,3,1,0,58,2,1,2,2863,19555,1,0,12,3,1,0,1,2,3,1,0,0,0,0,1,0,1,0,0,1,0,0,0,0,0,0,1,0,0,0,0,0,0,0,0,1,0,0.0,1431.5,0.0,0.0,0.5,0,3.0,0,1
35,682,18,4,2,1,71,3,2,1,5561,15975,0,0,16,3,4,1,6,2,1,5,3,0,4,0,0,1,0,0,1,0,0,0,1,0,0,0,0,0,0,0,0,0,1,0,0,1,0,0.5,1853.666667,0.0,0.666667,1.0,0,0.714286,0,0
28,1103,16,3,3,1,49,3,1,3,2144,2122,1,0,14,3,3,0,5,3,2,5,3,1,4,1,0,0,0,1,0,0,0,0,1,0,0,0,0,0,0,0,0,1,0,0,0,0,1,0.5,1072.0,0.166667,0.666667,0.833333,0,5.0,0,0
31,976,3,2,3,1,48,3,1,1,3065,3995,1,1,13,3,4,1,4,3,4,4,2,2,3,1,0,0,0,1,0,0,0,0,1,0,0,0,0,0,0,0,0,1,0,0,1,0,0,0.4,1532.5,0.4,0.6,0.8,4,3.2,3,0
36,1351,9,4,1,1,66,4,1,2,2810,9238,1,0,22,4,2,0,5,3,3,5,4,0,2,1,0,0,0,1,0,0,1,0,0,0,0,0,0,1,0,0,0,0,0,0,0,1,0,0.666667,1405.0,0.0,0.333333,0.833333,0,5.0,0,0
34,937,1,3,1,1,32,3,3,4,9888,6770,1,0,21,4,1,0,14,3,2,14,8,2,1,0,0,1,0,0,1,0,0,1,0,0,0,0,0,0,0,0,0,0,1,0,0,0,1,0.533333,2472.0,0.133333,0.066667,0.933333,0,7.466667,0,0
34,1239,13,4,4,1,39,3,3,3,8628,22914,1,0,18,3,3,1,9,2,2,8,7,1,1,0,0,1,0,0,1,0,0,0,1,0,0,0,0,0,0,0,0,0,1,0,1,0,0,0.777778,2157.0,0.111111,0.111111,1.0,0,4.8,0,0
26,157,1,3,3,1,95,3,1,1,2867,20006,0,0,13,3,4,0,8,6,2,7,7,7,6,0,0,1,0,1,0,0,0,0,1,0,0,0,0,1,0,0,0,0,0,0,0,0,1,0.875,1433.5,0.875,0.75,1.0,0,1.555556,0,0
29,136,1,3,1,1,89,3,2,1,5373,6225,0,0,12,3,1,1,6,5,2,5,3,0,2,0,0,1,0,1,0,0,1,0,0,0,0,1,0,0,0,0,0,0,0,0,0,1,0,0.5,1791.0,0.0,0.333333,1.0,0,1.428571,0,0
32,1146,15,4,3,0,34,3,2,4,6667,16542,5,0,18,3,2,1,9,6,3,5,1,1,2,1,0,0,0,1,0,0,0,0,1,0,0,1,0,0,0,0,0,0,0,0,1,0,0,0.166667,2222.333333,0.166667,0.333333,1.5,0,6.0,0,0
31,1125,1,3,4,1,48,1,2,1,5003,5771,1,0,21,4,2,0,10,6,3,10,8,8,7,0,1,0,0,1,0,0,1,0,0,0,0,0,0,0,0,0,0,1,0,0,0,1,0,0.727273,1667.666667,0.727273,0.636364,0.909091,0,2.727273,0,0
28,1404,17,3,3,1,32,2,1,4,2367,18779,5,0,12,3,1,1,6,2,2,4,1,0,3,0,0,1,0,1,0,0,0,0,0,0,1,0,0,1,0,0,0,0,0,0,1,0,0,0.2,1183.5,0.0,0.6,1.2,0,4.571429,0,1
38,1404,1,3,1,1,59,2,1,1,2858,11473,4,0,14,3,1,0,20,3,2,1,0,0,0,0,0,1,0,0,1,0,1,0,0,0,0,0,0,0,0,0,0,0,0,1,0,0,1,0.0,1429.0,0.0,0.0,10.0,0,0.095238,0,0
35,1224,7,4,3,0,55,3,2,4,5204,13586,1,1,11,3,4,0,10,2,3,10,8,0,9,0,0,1,0,0,1,0,1,0,0,0,0,0,0,0,0,0,0,0,1,0,0,1,0,0.727273,1734.666667,0.0,0.818182,0.909091,1,10.909091,7,0
27,954,9,3,4,1,44,3,2,4,4105,5099,1,0,14,3,1,0,7,5,3,7,7,0,7,0,0,1,0,0,1,0,0,1,0,0,0,0,0,0,0,0,0,0,1,0,0,0,1,0.875,1368.333333,0.0,0.875,0.875,0,10.5,0,0
32,1373,5,4,4,1,56,2,2,4,9679,10138,8,0,24,4,2,0,8,1,3,1,0,0,0,0,0,1,0,1,0,0,1,0,0,0,0,0,0,0,0,1,0,0,0,0,0,0,1,0.0,3226.333333,0.0,0.0,4.0,0,1.333333,0,0
31,754,26,4,1,1,63,3,2,4,5617,21075,1,1,11,3,3,0,10,4,3,10,7,0,8,0,1,0,0,0,1,0,0,1,0,0,0,0,0,0,0,0,0,0,1,0,0,1,0,0.636364,1872.333333,0.0,0.727273,0.909091,1,10.909091,26,1
53,1168,24,4,1,1,66,3,3,1,10448,5843,6,1,13,3,2,0,15,2,2,2,2,2,2,0,0,1,0,0,1,0,1,0,0,0,0,0,0,0,0,0,0,0,1,0,0,0,1,0.666667,2612.0,0.666667,0.666667,5.0,4,0.25,24,1
54,155,9,2,1,0,67,3,2,3,2897,22474,3,0,11,3,3,2,9,6,2,4,3,2,3,0,0,1,0,1,0,0,1,0,0,0,0,0,0,0,0,0,0,1,0,0,0,1,0,0.6,965.666667,0.4,0.6,1.8,0,2.4,0,0
33,1303,7,2,4,1,36,3,2,3,5968,18079,1,0,20,4,3,3,9,2,3,9,7,2,8,0,1,0,0,1,0,0,1,0,0,0,0,1,0,0,0,0,0,0,0,0,1,0,0,0.7,1989.333333,0.2,0.8,0.9,0,8.1,0,0
43,574,11,3,1,1,30,3,3,3,7510,16873,1,0,17,3,2,1,10,1,3,10,9,0,9,0,0,1,0,1,0,0,1,0,0,0,0,1,0,0,0,0,0,0,0,0,0,1,0,0.818182,1877.5,0.0,0.818182,0.909091,0,8.181818,0,0
38,1444,1,4,4,1,88,3,1,2,2991,5224,0,1,11,3,2,1,7,2,3,6,2,1,2,0,1,0,1,0,0,0,0,0,0,1,0,0,1,0,0,0,0,0,0,0,0,1,0,0.285714,1495.5,0.142857,0.285714,1.0,3,4.5,1,0
55,189,26,4,3,1,71,4,5,2,19636,25811,4,1,18,3,1,1,35,0,3,10,9,1,4,0,0,1,1,0,0,1,0,0,0,0,0,0,0,0,1,0,0,0,0,0,0,1,0,0.818182,3272.666667,0.090909,0.363636,3.181818,3,1.666667,26,0
31,1276,2,1,4,0,59,1,1,4,1129,17536,1,1,11,3,3,3,1,4,3,1,0,0,0,0,0,1,0,1,0,0,0,0,1,0,0,0,0,1,0,0,0,0,0,0,1,0,0,0.0,564.5,0.0,0.0,0.5,1,6.0,2,0
39,119,15,4,2,1,77,3,4,1,13341,25098,0,0,12,3,1,0,21,3,3,20,8,11,10,0,0,1,0,0,1,0,0,1,0,0,0,0,0,0,0,0,0,0,1,0,0,0,1,0.380952,2668.2,0.52381,0.47619,1.0,0,2.727273,0,0
42,335,23,2,4,1,37,2,2,3,4332,14811,1,0,12,3,4,0,20,2,3,20,9,3,7,1,0,0,0,1,0,0,1,0,0,0,0,0,0,0,0,0,0,1,0,0,0,0,1,0.428571,1444.0,0.142857,0.333333,0.952381,0,8.571429,0,0
31,697,10,3,3,0,40,3,3,3,11031,26862,4,0,20,4,3,1,13,2,4,11,7,4,8,1,0,0,0,1,0,0,0,0,1,0,0,0,0,0,0,0,1,0,0,0,0,1,0,0.583333,2757.75,0.333333,0.666667,1.083333,0,9.428571,0,0
54,157,10,3,3,0,77,3,2,1,4440,25198,6,1,19,3,4,0,9,3,3,5,2,1,4,0,0,1,0,1,0,0,0,0,1,0,0,0,0,0,0,1,0,0,0,0,0,0,1,0.333333,1480.0,0.166667,0.666667,1.5,4,1.5,10,0
24,771,1,2,2,1,45,2,2,3,4617,14120,1,0,12,3,2,0,4,2,2,4,3,1,2,0,0,1,0,1,0,0,1,0,0,0,0,1,0,0,0,0,0,0,0,0,0,0,1,0.6,1539.0,0.2,0.4,0.8,0,4.8,0,0
23,571,12,2,4,1,78,3,1,4,2647,13672,1,0,13,3,3,0,5,6,4,5,2,1,4,0,0,1,0,1,0,0,0,0,0,1,0,0,0,1,0,0,0,0,0,0,0,0,1,0.333333,1323.5,0.166667,0.666667,0.833333,0,13.333333,0,0
40,692,11,3,4,0,73,3,2,3,6323,26849,1,0,11,3,1,1,10,2,4,10,9,9,4,0,1,0,0,1,0,0,0,0,0,0,1,0,0,1,0,0,0,0,0,0,0,1,0,0.818182,2107.666667,0.818182,0.363636,0.909091,0,10.909091,0,0
40,444,2,2,2,0,92,3,2,2,5677,4258,3,0,14,3,3,1,15,4,3,11,8,5,10,0,0,1,0,0,1,0,0,1,0,0,0,0,0,0,0,0,0,0,1,0,0,1,0,0.666667,1892.333333,0.416667,0.833333,1.25,0,4.125,0,0
25,309,2,3,3,0,82,3,1,2,2187,19655,4,0,14,3,3,0,6,3,3,2,0,1,2,0,0,1,1,0,0,1,0,0,0,0,0,0,1,0,0,0,0,0,0,0,0,1,0,0.0,1093.5,0.333333,0.666667,2.0,0,1.714286,0,0
30,911,1,2,4,1,76,3,1,2,3748,4077,1,0,13,3,3,0,12,6,2,12,8,1,7,0,0,1,0,1,0,0,0,0,1,0,0,0,0,1,0,0,0,0,0,0,0,1,0,0.615385,1874.0,0.076923,0.538462,0.923077,0,3.692308,0,0
25,977,2,1,4,1,57,3,1,3,3977,7298,6,1,19,3,3,1,7,2,2,2,2,0,2,0,0,1,0,1,0,0,0,0,0,1,0,0,0,1,0,0,0,0,0,0,1,0,0,0.666667,1988.5,0.0,0.666667,2.333333,2,1.5,2,0
47,1180,25,3,1,1,84,3,3,3,8633,13084,2,0,23,4,2,0,25,3,3,17,14,12,11,0,0,1,0,1,0,0,0,0,1,0,0,1,0,0,0,0,0,0,0,0,0,0,1,0.777778,2158.25,0.666667,0.611111,1.388889,0,5.884615,0,0
33,1313,1,2,2,1,59,2,1,3,2008,20439,1,0,12,3,3,3,1,2,2,1,1,0,0,1,0,0,0,1,0,0,0,0,1,0,0,0,0,1,0,0,0,0,0,0,1,0,0,0.5,1004.0,0.0,0.0,0.5,0,3.0,0,0
38,1321,1,4,4,1,86,3,2,2,4440,7636,0,0,15,3,1,2,16,3,3,15,13,5,8,0,0,1,0,0,1,0,1,0,0,0,0,0,0,0,0,0,0,0,1,0,0,1,0,0.8125,1480.0,0.3125,0.5,1.0,0,5.294118,0,0
31,1154,2,2,1,1,54,3,1,3,3067,6393,0,0,19,3,3,1,3,1,3,2,2,1,2,0,0,1,0,0,1,0,1,0,0,0,0,0,0,0,0,0,0,0,0,1,0,1,0,0.666667,1533.5,0.333333,0.666667,1.0,0,4.5,0,0
38,508,6,4,1,1,72,2,2,3,5321,14284,2,0,11,3,4,1,10,1,3,8,3,7,7,0,1,0,0,1,0,0,1,0,0,0,0,0,0,0,0,1,0,0,0,0,0,1,0,0.333333,1773.666667,0.777778,0.777778,1.111111,0,6.545455,0,0
42,557,18,4,4,1,35,3,2,1,5410,11189,6,1,17,3,3,1,9,3,2,4,3,1,2,0,0,1,0,1,0,0,1,0,0,0,0,0,0,0,0,0,0,1,0,0,1,0,0,0.6,1803.333333,0.2,0.4,1.8,4,0.8,18,0
41,642,1,3,4,1,76,3,1,4,2782,21412,3,0,22,4,1,1,12,3,3,5,3,1,0,0,0,1,0,1,0,0,1,0,0,0,0,0,0,0,0,0,0,1,0,0,0,1,0,0.5,1391.0,0.166667,0.0,2.0,0,4.615385,0,0
47,1162,1,1,3,0,98,3,3,2,11957,17231,0,0,18,3,1,2,14,3,1,13,8,5,12,1,0,0,0,1,0,0,0,0,1,0,0,0,0,0,0,0,1,0,0,0,0,1,0,0.571429,2989.25,0.357143,0.857143,1.0,0,1.733333,0,0
35,1490,11,4,4,1,43,3,1,3,2660,20232,7,1,11,3,3,1,5,3,3,2,2,2,2,0,0,1,0,1,0,0,0,0,1,0,0,0,0,1,0,0,0,0,0,0,0,1,0,0.666667,1330.0,0.666667,0.666667,1.666667,2,3.0,11,0
22,581,1,2,4,1,63,3,1,3,3375,17624,0,0,12,3,4,0,4,2,4,3,2,1,2,0,0,1,0,1,0,0,1,0,0,0,0,0,0,0,0,0,0,1,0,0,0,0,1,0.5,1687.5,0.25,0.5,1.0,0,7.2,0,0
35,1395,9,4,2,1,48,3,2,3,5098,18698,1,0,19,3,2,0,10,5,3,10,7,0,8,0,0,1,0,1,0,0,0,0,1,0,0,0,0,0,0,0,0,1,0,0,0,0,1,0.636364,1699.333333,0.0,0.727273,0.909091,0,8.181818,0,0
33,501,15,2,2,0,95,3,2,4,4878,21653,0,1,13,3,1,1,10,6,3,9,7,8,1,0,0,1,0,1,0,0,0,0,1,0,0,1,0,0,0,0,0,0,0,0,0,1,0,0.7,1626.0,0.8,0.1,1.0,1,9.818182,15,0
32,267,29,4,3,0,49,2,1,2,2837,15919,1,0,13,3,3,0,6,3,3,6,2,4,1,0,0,1,0,1,0,0,1,0,0,0,0,0,0,1,0,0,0,0,0,0,0,0,1,0.285714,1418.5,0.571429,0.142857,0.857143,0,5.142857,0,0
40,543,1,4,1,1,83,3,1,4,2406,4060,8,0,19,3,3,2,8,3,2,1,0,0,0,0,0,1,0,1,0,0,1,0,0,0,0,0,0,1,0,0,0,0,0,0,0,1,0,0.0,1203.0,0.0,0.0,4.0,0,0.888889,0,0
32,234,1,4,2,1,68,2,1,2,2269,18024,0,0,14,3,2,1,3,2,3,2,2,2,2,0,0,1,0,0,1,0,0,0,1,0,0,0,0,0,0,0,0,0,0,1,0,1,0,0.666667,1134.5,0.666667,0.666667,1.0,0,3.0,0,0
39,116,24,1,1,1,52,3,2,4,4108,5340,7,0,13,3,1,0,18,2,3,7,7,1,7,0,0,1,0,1,0,0,1,0,0,0,0,0,0,0,0,0,0,1,0,0,0,0,1,0.875,1369.333333,0.125,0.875,2.25,0,4.421053,0,0
38,201,10,3,2,0,99,1,3,3,13206,3376,3,0,12,3,1,1,20,3,3,18,16,1,11,0,0,1,0,1,0,0,0,0,1,0,0,0,0,0,0,0,1,0,0,0,0,1,0,0.842105,3301.5,0.052632,0.578947,1.052632,0,7.714286,0,0
32,801,1,4,3,0,48,3,3,4,10422,24032,1,0,19,3,3,2,14,3,3,14,10,5,7,0,0,1,0,0,1,0,0,1,0,0,0,0,0,0,0,0,0,0,1,0,0,1,0,0.666667,2605.5,0.333333,0.466667,0.933333,0,11.2,0,0
37,161,10,3,3,0,42,4,3,4,13744,15471,1,1,25,4,1,1,16,2,3,16,11,6,8,0,0,1,0,1,0,0,1,0,0,0,0,0,0,0,0,0,1,0,0,0,0,1,0,0.647059,3436.0,0.352941,0.470588,0.941176,1,11.294118,10,0
25,1382,8,2,1,0,85,3,2,3,4907,13684,0,1,22,4,2,1,6,3,2,5,3,0,4,0,0,1,0,0,1,0,0,0,0,1,0,0,0,0,0,0,0,0,1,0,1,0,0,0.5,1635.666667,0.0,0.666667,1.0,2,4.285714,8,0
52,585,29,4,1,1,40,3,1,4,3482,19788,2,0,15,3,2,2,16,3,2,9,8,0,0,1,0,0,0,0,1,0,1,0,0,0,0,0,0,0,0,0,0,0,0,1,1,0,0,0.8,1741.0,0.0,0.0,1.6,0,4.235294,0,0
44,1037,1,3,2,1,42,3,1,4,2436,13422,6,1,12,3,3,0,6,2,3,4,3,1,2,0,0,1,0,1,0,0,0,0,1,0,0,0,0,0,0,0,0,1,0,0,0,0,1,0.6,1218.0,0.2,0.4,1.2,1,6.857143,1,0
21,501,5,1,3,1,58,3,1,1,2380,25479,1,1,11,3,4,0,2,6,3,2,2,1,2,0,0,1,0,0,1,0,0,0,1,0,0,0,0,0,0,0,0,0,0,1,0,0,1,0.666667,1190.0,0.333333,0.666667,0.666667,4,2.0,5,0
39,105,9,3,4,1,87,3,5,4,19431,15302,2,0,13,3,3,0,21,3,2,6,0,1,3,1,0,0,0,1,0,0,1,0,0,0,0,0,0,0,1,0,0,0,0,0,0,0,1,0.0,3238.5,0.142857,0.428571,3.0,0,2.181818,0,0
23,638,9,3,4,1,33,3,1,1,1790,26956,1,0,19,3,1,1,1,3,2,1,0,1,0,0,1,0,0,0,1,0,0,1,0,0,0,0,0,0,0,0,0,0,0,1,0,1,0,0.0,895.0,0.5,0.0,0.5,0,1.0,0,1
36,557,3,3,1,0,94,2,3,4,7644,12695,0,0,19,3,3,2,10,2,3,9,7,3,4,0,0,1,0,0,1,0,0,0,1,0,0,0,0,0,0,0,0,0,1,0,0,1,0,0.7,1911.0,0.3,0.4,1.0,0,9.818182,0,0
36,688,4,2,4,0,97,3,2,2,5131,9192,7,0,13,3,2,3,18,3,3,4,2,0,2,0,1,0,0,1,0,0,1,0,0,0,0,0,0,0,0,1,0,0,0,0,1,0,0,0.4,1710.333333,0.0,0.4,3.6,0,1.263158,0,0
56,667,1,4,3,1,57,3,2,3,6306,26236,1,0,21,4,1,1,13,2,2,13,12,1,9,1,0,0,0,1,0,0,1,0,0,0,0,1,0,0,0,0,0,0,0,0,1,0,0,0.857143,2102.0,0.071429,0.642857,0.928571,0,5.571429,0,0
29,1092,1,4,1,1,36,3,1,4,4787,26124,9,1,14,3,2,3,4,3,4,2,2,2,2,0,0,1,0,1,0,0,0,0,1,0,0,0,0,0,0,0,0,1,0,0,0,1,0,0.666667,2393.5,0.666667,0.666667,1.333333,1,6.4,1,1
42,300,2,3,1,1,56,3,5,3,18880,17312,5,0,11,3,1,0,24,2,2,22,6,4,14,0,0,1,0,1,0,0,1,0,0,0,0,0,0,0,1,0,0,0,0,0,0,1,0,0.26087,3146.666667,0.173913,0.608696,1.043478,0,5.28,0,0
56,310,7,2,4,1,72,3,1,3,2339,3666,8,0,11,3,4,1,14,4,1,10,9,9,8,0,0,1,0,1,0,0,0,0,0,0,1,0,0,1,0,0,0,0,0,0,0,1,0,0.818182,1169.5,0.818182,0.727273,1.272727,0,2.0,0,1
41,582,28,4,1,0,60,2,4,2,13570,5640,0,0,23,4,3,1,21,3,3,20,7,0,10,0,0,1,0,1,0,0,1,0,0,0,0,0,0,0,0,1,0,0,0,0,0,1,0,0.333333,2714.0,0.0,0.47619,1.0,0,5.454545,0,0
34,704,28,3,4,0,95,2,2,3,6712,8978,1,0,21,4,4,2,8,2,3,8,7,1,7,0,0,1,0,0,1,0,0,1,0,0,0,0,0,0,0,0,0,0,1,0,0,1,0,0.777778,2237.333333,0.111111,0.777778,0.888889,0,8.0,0,0
36,301,15,4,4,1,88,1,2,4,5406,10436,1,0,24,4,1,1,15,4,2,15,12,11,11,1,0,0,0,0,1,0,0,1,0,0,0,0,0,0,0,0,0,0,1,0,1,0,0,0.75,1802.0,0.6875,0.6875,0.9375,0,7.5,0,0
41,930,3,3,3,1,57,2,2,2,8938,12227,2,0,11,3,3,1,14,5,3,5,4,0,4,0,0,1,0,0,1,0,1,0,0,0,0,0,0,0,0,0,0,0,1,0,1,0,0,0.666667,2979.333333,0.0,0.666667,2.333333,0,2.0,0,0
32,529,2,3,4,1,78,3,1,1,2439,11288,1,0,14,3,4,0,4,4,3,4,2,1,2,0,0,1,0,1,0,0,0,0,0,0,1,0,0,0,0,0,0,1,0,0,0,0,1,0.4,1219.5,0.2,0.4,0.8,0,2.4,0,0
35,1146,26,4,3,0,31,3,3,4,8837,16642,1,1,16,3,3,0,9,2,3,9,0,1,7,0,0,1,1,0,0,0,1,0,0,0,0,0,1,0,0,0,0,0,0,0,0,0,1,0.0,2209.25,0.1,0.7,0.9,1,10.8,26,0
38,345,10,2,1,0,100,3,2,4,5343,5982,1,0,11,3,3,1,10,1,3,10,7,1,9,0,0,1,0,0,1,0,1,0,0,0,0,0,0,0,0,0,0,0,1,0,0,1,0,0.636364,1781.0,0.090909,0.818182,0.909091,0,10.909091,0,0
50,878,1,4,2,1,94,3,2,3,6728,14255,7,0,12,3,4,2,12,3,3,6,3,0,1,0,1,0,0,0,1,0,1,0,0,0,0,0,0,0,0,0,0,0,1,0,1,0,0,0.428571,2242.666667,0.0,0.142857,1.714286,0,4.153846,0,1
36,1120,11,4,2,0,100,2,2,4,6652,14369,4,0,13,3,1,1,8,2,2,6,3,0,0,0,0,1,0,0,1,0,0,1,0,0,0,0,0,0,0,0,0,0,1,0,0,1,0,0.428571,2217.333333,0.0,0.0,1.142857,0,5.333333,0,0
45,374,20,3,4,0,50,3,2,3,4850,23333,8,0,15,3,3,0,8,3,3,5,3,0,1,0,0,1,0,0,1,0,1,0,0,0,0,0,0,0,0,0,0,0,1,0,0,0,1,0.5,1616.666667,0.0,0.166667,1.333333,0,5.0,0,0
40,1322,2,4,3,1,52,2,1,3,2809,2725,2,0,14,3,4,0,8,2,3,2,2,2,2,0,0,1,0,1,0,0,1,0,0,0,0,0,0,0,0,0,0,1,0,0,0,0,1,0.666667,1404.5,0.666667,0.666667,2.666667,0,2.0,0,0
35,1199,18,4,3,1,80,3,2,3,5689,24594,1,1,14,3,4,2,10,2,4,10,2,0,2,0,1,0,0,1,0,0,1,0,0,0,0,1,0,0,0,0,0,0,0,0,0,1,0,0.181818,1896.333333,0.0,0.181818,0.909091,2,10.909091,18,0
40,1194,2,4,3,0,98,3,1,3,2001,12549,2,0,14,3,2,3,20,2,3,5,3,0,2,0,0,1,0,1,0,0,0,0,1,0,0,0,0,0,0,0,0,1,0,0,0,1,0,0.5,1000.5,0.0,0.333333,3.333333,0,2.142857,0,0
35,287,1,4,3,0,62,1,1,4,2977,8952,1,0,12,3,4,1,4,5,3,4,3,1,1,0,0,1,0,1,0,0,1,0,0,0,0,0,0,0,0,0,0,1,0,0,0,1,0,0.6,1488.5,0.2,0.2,0.8,0,9.6,0,0
29,1378,13,2,4,1,46,2,2,2,4025,23679,4,1,13,3,1,1,10,2,3,4,3,0,3,0,0,1,0,1,0,0,0,0,0,1,0,0,0,1,0,0,0,0,0,0,0,1,0,0.6,1341.666667,0.0,0.6,2.0,3,2.181818,13,0
29,468,28,4,4,0,73,2,1,1,3785,8489,1,0,14,3,2,0,5,3,1,5,4,0,4,0,0,1,0,1,0,0,0,0,1,0,0,0,0,0,0,0,0,1,0,0,0,0,1,0.666667,1892.5,0.0,0.666667,0.833333,0,0.833333,0,0
50,410,28,3,4,1,39,2,3,1,10854,16586,4,1,13,3,2,1,20,3,3,3,2,2,0,0,0,1,0,0,1,0,0,1,0,0,0,0,0,0,0,0,0,0,1,0,1,0,0,0.5,2713.5,0.5,0.0,5.0,4,0.428571,28,1
39,722,24,1,2,0,60,2,4,4,12031,8828,0,0,11,3,1,1,21,2,2,20,9,9,6,0,0,1,0,0,1,0,0,1,0,0,0,0,0,0,0,0,0,0,1,0,0,1,0,0.428571,2406.2,0.428571,0.285714,1.0,0,7.272727,0,0
31,325,5,3,2,1,74,3,2,1,9936,3787,0,0,19,3,2,0,10,2,3,9,4,1,7,1,0,0,0,1,0,0,0,0,1,0,0,0,0,0,0,1,0,0,0,0,0,0,1,0.4,3312.0,0.1,0.7,1.0,0,2.454545,0,0
26,1167,5,3,4,0,30,2,1,3,2966,21378,0,0,18,3,4,0,5,2,3,4,2,0,0,0,0,1,0,0,1,0,0,0,0,1,0,0,0,0,0,0,0,0,0,1,0,0,1,0.4,1483.0,0.0,0.0,1.0,0,6.0,0,0
36,884,23,2,3,1,41,4,2,4,2571,12290,4,0,17,3,3,1,17,3,3,5,2,0,3,0,1,0,0,1,0,0,0,0,1,0,0,0,0,1,0,0,0,0,0,0,0,1,0,0.333333,857.0,0.0,0.5,2.833333,0,3.333333,0,0
39,613,6,1,4,1,42,2,3,1,9991,21457,4,0,15,3,1,1,9,5,3,7,7,1,7,0,0,1,0,1,0,0,0,0,1,0,0,1,0,0,0,0,0,0,0,0,0,1,0,0.875,2497.75,0.125,0.875,1.125,0,2.1,0,0
27,155,4,3,2,1,87,4,2,2,6142,5174,1,1,20,4,2,1,6,0,3,6,2,0,3,0,0,1,0,1,0,0,1,0,0,0,0,0,0,0,0,1,0,0,0,0,0,1,0,0.285714,2047.333333,0.0,0.428571,0.857143,3,5.142857,4,0
49,1023,2,3,4,1,63,2,2,2,5390,13243,2,0,14,3,4,0,17,3,2,9,6,0,8,0,1,0,0,0,1,0,0,0,1,0,0,0,0,0,0,0,0,0,1,0,0,1,0,0.6,1796.666667,0.0,0.8,1.7,0,2.0,0,0
34,628,8,3,2,1,82,4,2,3,4404,10228,2,0,12,3,1,0,6,3,4,4,3,1,2,0,0,1,0,1,0,0,0,0,1,0,0,0,0,1,0,0,0,0,0,0,0,1,0,0.6,1468.0,0.2,0.4,1.2,0,6.857143,0,0
